seed,arm,score,hard,hc_coverage,hc_skills,hc_one_shift_per_day,hc_forbidden_successions,gini,cv,coverage
1000,Off,4650,17000,4000,1000,7000,5000,0.0698,0.1261,0.9604
1000,WeekLocal,5055,14000,3000,0,5000,6000,0.0800,0.1493,0.9703
1000,FullEcology,5165,14000,0,1000,5000,8000,0.0659,0.1180,1.0000
1001,Off,4675,14000,3000,0,5000,6000,0.0873,0.1563,0.9703
1001,WeekLocal,5015,16000,6000,1000,3000,6000,0.1109,0.1940,0.9505
1001,FullEcology,4560,17000,5000,1000,5000,6000,0.0427,0.0808,0.9505
1002,Off,4455,10000,6000,0,2000,2000,0.0928,0.1671,0.9406
1002,WeekLocal,5655,13000,3000,0,1000,9000,0.0767,0.1389,0.9703
1002,FullEcology,5460,15000,6000,0,3000,6000,0.0564,0.1001,0.9406
1003,Off,5320,13000,3000,0,3000,7000,0.1067,0.1995,0.9703
1003,WeekLocal,4135,14000,4000,0,7000,3000,0.1051,0.1848,0.9604
1003,FullEcology,4635,11000,4000,0,3000,4000,0.0721,0.1278,0.9604
1004,Off,5310,12000,3000,0,2000,7000,0.0832,0.1462,0.9703
1004,WeekLocal,4985,13000,3000,0,5000,5000,0.0683,0.1246,0.9703
1004,FullEcology,5415,15000,6000,2000,2000,5000,0.0650,0.1185,0.9406
1005,Off,5270,13000,7000,0,3000,3000,0.0664,0.1265,0.9406
1005,WeekLocal,5240,11000,4000,0,3000,4000,0.0710,0.1291,0.9604
1005,FullEcology,4680,15000,5000,2000,3000,5000,0.0714,0.1277,0.9505
1006,Off,4935,11000,1000,0,5000,5000,0.0936,0.1643,0.9901
1006,WeekLocal,5950,13000,2000,0,7000,4000,0.0879,0.1643,0.9802
1006,FullEcology,5375,16000,7000,0,1000,8000,0.0554,0.1032,0.9406
1007,Off,5475,13000,2000,0,5000,6000,0.0831,0.1521,0.9802
1007,WeekLocal,4625,21000,3000,1000,7000,10000,0.0828,0.1532,0.9703
1007,FullEcology,6065,11000,3000,0,4000,4000,0.0546,0.1007,0.9703
1008,Off,4715,15000,2000,1000,4000,8000,0.0716,0.1357,0.9802
1008,WeekLocal,4930,10000,2000,0,4000,4000,0.0812,0.1455,0.9802
1008,FullEcology,5245,17000,8000,0,5000,4000,0.0582,0.1046,0.9208
1009,Off,5405,15000,4000,0,2000,9000,0.1092,0.1911,0.9604
1009,WeekLocal,4665,12000,2000,0,3000,7000,0.0908,0.1609,0.9802
1009,FullEcology,4560,15000,6000,1000,4000,4000,0.0610,0.1169,0.9505
1010,Off,5290,13000,4000,1000,7000,1000,0.0789,0.1418,0.9604
1010,WeekLocal,5870,13000,4000,1000,4000,4000,0.0812,0.1439,0.9604
1010,FullEcology,5300,15000,4000,0,6000,5000,0.0685,0.1252,0.9604
1011,Off,4635,18000,7000,1000,3000,7000,0.0880,0.1552,0.9307
1011,WeekLocal,5105,17000,7000,0,3000,7000,0.0823,0.1464,0.9307
1011,FullEcology,5190,12000,4000,0,3000,5000,0.0580,0.1059,0.9802
1012,Off,4985,13000,1000,0,3000,9000,0.0774,0.1390,0.9901
1012,WeekLocal,5905,12000,4000,1000,1000,6000,0.0756,0.1378,0.9604
1012,FullEcology,5130,16000,9000,1000,2000,4000,0.0520,0.0958,0.9208
1013,Off,4895,16000,6000,3000,3000,4000,0.0780,0.1373,0.9505
1013,WeekLocal,5225,14000,6000,1000,2000,5000,0.0857,0.1524,0.9505
1013,FullEcology,5380,18000,8000,1000,5000,4000,0.0539,0.0972,0.9208
1014,Off,4655,15000,3000,2000,7000,3000,0.0860,0.1532,0.9703
1014,WeekLocal,5005,14000,4000,1000,3000,6000,0.1003,0.1776,0.9604
1014,FullEcology,5320,14000,7000,1000,3000,3000,0.0695,0.1239,0.9307
1015,Off,5110,11000,2000,0,5000,4000,0.0783,0.1379,0.9802
1015,WeekLocal,5700,14000,4000,0,2000,8000,0.0661,0.1174,0.9604
1015,FullEcology,4885,13000,3000,1000,5000,4000,0.0585,0.1065,0.9703
1016,Off,5585,14000,2000,0,6000,6000,0.0902,0.1612,0.9802
1016,WeekLocal,5240,14000,6000,0,2000,6000,0.0884,0.1586,0.9406
1016,FullEcology,5265,17000,4000,1000,5000,7000,0.0636,0.1144,0.9604
1017,Off,5405,10000,1000,2000,1000,6000,0.0826,0.1452,0.9901
1017,WeekLocal,5160,12000,4000,1000,2000,5000,0.0970,0.1752,0.9604
1017,FullEcology,5035,14000,5000,0,4000,5000,0.0519,0.0973,0.9505
1018,Off,4985,13000,2000,0,4000,7000,0.0988,0.1780,0.9802
1018,WeekLocal,4360,15000,5000,0,3000,7000,0.0974,0.1744,0.9505
1018,FullEcology,5240,16000,7000,0,1000,8000,0.0861,0.1561,0.9406
1019,Off,5005,15000,7000,1000,4000,3000,0.0915,0.1646,0.9406
1019,WeekLocal,4975,15000,7000,2000,0,6000,0.0932,0.1665,0.9406
1019,FullEcology,5060,15000,6000,0,4000,5000,0.0633,0.1155,0.9406
1020,Off,5415,14000,4000,1000,1000,8000,0.0839,0.1561,0.9604
1020,WeekLocal,4895,14000,2000,0,7000,5000,0.1176,0.2090,0.9802
1020,FullEcology,4630,20000,1000,2000,9000,8000,0.0639,0.1154,0.9901
1021,Off,4815,15000,2000,0,4000,9000,0.0890,0.1572,0.9802
1021,WeekLocal,4670,15000,1000,0,6000,8000,0.0840,0.1485,0.9901
1021,FullEcology,5225,16000,9000,1000,2000,4000,0.0631,0.1182,0.9109
1022,Off,4685,16000,5000,0,1000,10000,0.0791,0.1412,0.9505
1022,WeekLocal,5440,14000,5000,0,4000,5000,0.0842,0.1507,0.9505
1022,FullEcology,5300,14000,7000,1000,0,6000,0.0646,0.1144,0.9406
1023,Off,5745,15000,5000,1000,3000,6000,0.0804,0.1422,0.9505
1023,WeekLocal,4440,13000,5000,3000,3000,2000,0.0956,0.1708,0.9505
1023,FullEcology,4835,16000,4000,2000,6000,4000,0.0757,0.1348,0.9604
1024,Off,4865,18000,6000,0,5000,7000,0.0887,0.1616,0.9406
1024,WeekLocal,5400,13000,6000,0,3000,4000,0.0821,0.1497,0.9505
1024,FullEcology,5455,14000,6000,1000,3000,4000,0.0518,0.0922,0.9505
1025,Off,5645,11000,3000,0,4000,4000,0.0815,0.1450,0.9802
1025,WeekLocal,5320,18000,3000,0,7000,8000,0.0894,0.1577,0.9802
1025,FullEcology,4945,15000,6000,0,4000,5000,0.0720,0.1279,0.9406
1026,Off,4890,10000,5000,1000,1000,3000,0.1003,0.1815,0.9505
1026,WeekLocal,5075,15000,3000,1000,4000,7000,0.0907,0.1624,0.9703
1026,FullEcology,5140,18000,5000,1000,4000,8000,0.0600,0.1070,0.9505
1027,Off,5010,15000,5000,0,6000,4000,0.0817,0.1485,0.9505
1027,WeekLocal,5230,12000,6000,0,2000,4000,0.0838,0.1526,0.9406
1027,FullEcology,4505,13000,4000,0,2000,7000,0.0734,0.1335,0.9604
1028,Off,4755,15000,5000,0,1000,9000,0.0870,0.1568,0.9505
1028,WeekLocal,5130,12000,1000,0,3000,8000,0.0761,0.1406,0.9901
1028,FullEcology,5110,16000,6000,1000,4000,5000,0.0574,0.1074,0.9406
1029,Off,5490,14000,6000,0,2000,6000,0.0904,0.1669,0.9406
1029,WeekLocal,4735,14000,3000,0,6000,5000,0.0817,0.1487,0.9802
1029,FullEcology,5230,15000,3000,0,3000,9000,0.0770,0.1363,0.9802
