utilization_pct,global_constructor_enabled,seed,feasible_at_gen_0,generations_to_first_feasible,final_feasible,initial_fitness,first_feasible_fitness,best_fitness,final_fitness,seed_population_size,seed_feasible_count,construction_ms,optimization_ms,total_wall_ms,construction_overhead_pct
98,false,1,false,93,true,-1256908.8,45942.4,53836,53836,100,0,0,17617,17617,0.00
98,true,1,true,0,true,87942.4,87942.4,87942.4,87942.4,100,3,1,17436,17438,0.01
98,false,2,false,100,true,-856440.8,44242.4,51942.4,51942.4,100,0,0,17699,17699,0.00
98,true,2,true,0,true,87942.4,87942.4,87942.4,87942.4,100,3,9,17793,17802,0.05
85,false,1,true,0,true,44051.2,44051.2,60409.6,60409.6,100,100,0,20737,20737,0.00
85,true,1,true,0,true,74880,74880,74880,74880,100,100,62,15702,15764,0.39
85,false,2,true,0,true,44264,44264,61322.4,61322.4,100,100,0,15220,15220,0.00
85,true,2,true,0,true,74880,74880,74880,74880,100,100,1,15144,15145,0.01
85,false,3,true,0,true,45044.8,45044.8,61048,61048,100,100,0,15976,15976,0.00
85,true,3,true,0,true,74880,74880,74880,74880,100,100,1,13456,13457,0.01
85,false,4,true,0,true,43780.8,43780.8,61167.2,61167.2,100,100,0,14251,14251,0.00
85,true,4,true,0,true,74880,74880,74880,74880,100,100,1,13844,13846,0.01
85,false,5,true,0,true,43932,43932,60135.2,60135.2,100,100,0,15514,15514,0.00
85,true,5,true,0,true,74880,74880,74880,74880,100,100,1,14353,14354,0.01
85,false,6,true,0,true,43870.4,43870.4,61367.2,61367.2,100,100,0,15920,15920,0.00
85,true,6,true,0,true,74880,74880,74880,74880,100,100,1,13735,13737,0.01
85,false,7,true,0,true,44000,44000,60841.6,60841.6,100,100,0,17928,17928,0.00
85,true,7,true,0,true,74880,74880,74880,74880,100,100,1,20869,20870,0.00
85,false,8,true,0,true,43906.4,43906.4,61248,61248,100,100,0,16482,16482,0.00
85,true,8,true,0,true,74880,74880,74880,74880,100,100,1,15506,15507,0.01
85,false,9,true,0,true,44361.6,44361.6,61141.6,61141.6,100,100,0,14996,14996,0.00
85,true,9,true,0,true,74880,74880,74880,74880,100,100,1,15414,15415,0.01
85,false,10,true,0,true,44893.6,44893.6,61535.2,61535.2,100,100,0,14881,14881,0.00
85,true,10,true,0,true,74880,74880,74880,74880,100,100,1,15054,15056,0.01
85,false,11,true,0,true,44148.8,44148.8,62190.4,62190.4,100,100,0,15267,15267,0.00
85,true,11,true,0,true,74880,74880,74880,74880,100,100,1,13838,13840,0.01
85,false,12,true,0,true,44432,44432,61673.6,61673.6,100,100,0,15674,15674,0.00
85,true,12,true,0,true,74880,74880,74880,74880,100,100,1,14845,14846,0.01
85,false,13,true,0,true,43555.2,43555.2,61716,61716,100,100,0,14886,14886,0.00
85,true,13,true,0,true,74880,74880,74880,74880,100,100,1,15539,15541,0.01
85,false,14,true,0,true,43689.6,43689.6,61141.6,61141.6,100,100,0,15728,15728,0.00
85,true,14,true,0,true,74880,74880,74880,74880,100,100,1,15337,15339,0.01
85,false,15,true,0,true,43580.8,43580.8,60709.6,60709.6,100,100,0,15310,15310,0.00
85,true,15,true,0,true,74880,74880,74880,74880,100,100,1,14974,14975,0.01
85,false,16,true,0,true,43812.8,43812.8,61022.4,61022.4,100,100,0,15427,15427,0.00
85,true,16,true,0,true,74880,74880,74880,74880,100,100,1,14258,14259,0.01
85,false,17,true,0,true,44293.6,44293.6,60954.4,60954.4,100,100,0,14317,14317,0.00
85,true,17,true,0,true,74880,74880,74880,74880,100,100,1,13680,13681,0.01
85,false,18,true,0,true,44838.4,44838.4,61880,61880,100,100,0,14537,14537,0.00
85,true,18,true,0,true,74880,74880,74880,74880,100,100,1,14290,14291,0.01
85,false,19,true,0,true,44180.8,44180.8,60780,60780,100,100,0,14997,14997,0.00
85,true,19,true,0,true,74880,74880,74880,74880,100,100,2,14093,14095,0.01
85,false,20,true,0,true,43087.2,43087.2,60122.4,60122.4,100,100,0,14738,14738,0.00
85,true,20,true,0,true,74880,74880,74880,74880,100,100,1,13608,13609,0.01
85,false,21,true,0,true,43500,43500,60448,60448,100,100,0,14368,14368,0.00
85,true,21,true,0,true,74880,74880,74880,74880,100,100,1,13759,13760,0.01
85,false,22,true,0,true,45332,45332,61822.4,61822.4,100,100,0,14403,14403,0.00
85,true,22,true,0,true,74880,74880,74880,74880,100,100,1,13676,13677,0.01
85,false,23,true,0,true,43838.4,43838.4,60941.6,60941.6,100,100,0,14447,14447,0.00
85,true,23,true,0,true,74880,74880,74880,74880,100,100,1,13583,13585,0.01
85,false,24,true,0,true,44176.8,44176.8,60428.8,60428.8,100,100,0,14339,14339,0.00
85,true,24,true,0,true,74880,74880,74880,74880,100,100,1,13525,13526,0.01
85,false,25,true,0,true,44351.2,44351.2,61735.2,61735.2,100,100,0,14282,14282,0.00
85,true,25,true,0,true,74880,74880,74880,74880,100,100,1,13809,13811,0.01
85,false,26,true,0,true,43670.4,43670.4,61367.2,61367.2,100,100,0,14576,14576,0.00
85,true,26,true,0,true,74880,74880,74880,74880,100,100,1,13672,13673,0.01
85,false,27,true,0,true,43312.8,43312.8,59516,59516,100,100,0,14385,14385,0.00
85,true,27,true,0,true,74880,74880,74880,74880,100,100,1,13672,13673,0.01
85,false,28,true,0,true,44608.8,44608.8,60767.2,60767.2,100,100,0,14925,14925,0.00
85,true,28,true,0,true,74880,74880,74880,74880,100,100,1,13982,13984,0.01
85,false,29,true,0,true,43864,43864,61267.2,61267.2,100,100,0,14665,14665,0.00
85,true,29,true,0,true,74880,74880,74880,74880,100,100,1,13841,13842,0.01
85,false,30,true,0,true,44244.8,44244.8,61035.2,61035.2,100,100,0,15070,15070,0.00
85,true,30,true,0,true,74880,74880,74880,74880,100,100,1,13837,13838,0.01
90,false,1,true,0,true,44454.4,44454.4,59640,59640,100,100,0,15875,15875,0.00
90,true,1,true,0,true,79840,79840,79840,79840,100,100,1,15330,15332,0.01
90,false,2,true,0,true,44516,44516,61140,61140,100,100,0,15938,15938,0.00
90,true,2,true,0,true,79840,79840,79840,79840,100,100,1,15479,15480,0.01
90,false,3,true,0,true,44796.8,44796.8,59640,59640,100,100,0,16085,16085,0.00
90,true,3,true,0,true,79840,79840,79840,79840,100,100,1,15171,15172,0.01
90,false,4,true,0,true,44509.6,44509.6,60533.6,60533.6,100,100,0,16204,16204,0.00
90,true,4,true,0,true,79840,79840,79840,79840,100,100,1,15326,15328,0.01
90,false,5,true,0,true,44409.6,44409.6,60140,60140,100,100,0,17985,17985,0.00
90,true,5,true,0,true,79840,79840,79840,79840,100,100,1,30193,30194,0.00
90,false,6,true,0,true,44264.8,44264.8,60133.6,60133.6,100,100,0,22311,22311,0.00
90,true,6,true,0,true,79840,79840,79840,79840,100,100,1,15951,15953,0.01
90,false,7,true,0,true,45196.8,45196.8,60640,60640,100,100,0,17839,17839,0.00
90,true,7,true,0,true,79840,79840,79840,79840,100,100,1,16028,16029,0.01
90,false,8,true,0,true,45577.6,45577.6,60040,60040,100,100,0,17048,17048,0.00
90,true,8,true,0,true,79840,79840,79840,79840,100,100,1,15616,15618,0.01
90,false,9,true,0,true,45716,45716,60540,60540,100,100,0,16642,16642,0.00
90,true,9,true,0,true,79840,79840,79840,79840,100,100,2,16049,16051,0.01
90,false,10,true,0,true,44603.2,44603.2,60840,60840,100,100,0,17660,17660,0.00
90,true,10,true,0,true,79840,79840,79840,79840,100,100,1,15198,15200,0.01
90,false,11,true,0,true,44509.6,44509.6,60140,60140,100,100,0,15847,15847,0.00
90,true,11,true,0,true,79840,79840,79840,79840,100,100,1,15236,15238,0.01
90,false,12,true,0,true,45326.4,45326.4,59833.6,59833.6,100,100,0,15306,15306,0.00
90,true,12,true,0,true,79840,79840,79840,79840,100,100,1,14400,14401,0.01
90,false,13,true,0,true,44796.8,44796.8,60233.6,60233.6,100,100,0,15245,15245,0.00
90,true,13,true,0,true,79840,79840,79840,79840,100,100,1,14391,14392,0.01
90,false,14,true,0,true,44709.6,44709.6,60040,60040,100,100,0,15857,15857,0.00
90,true,14,true,0,true,79840,79840,79840,79840,100,100,1,15427,15428,0.01
90,false,15,true,0,true,45209.6,45209.6,60233.6,60233.6,100,100,0,16843,16843,0.00
90,true,15,true,0,true,79840,79840,79840,79840,100,100,1,15638,15639,0.01
90,false,16,true,0,true,44322.4,44322.4,59027.2,59027.2,100,100,0,15841,15841,0.00
90,true,16,true,0,true,79840,79840,79840,79840,100,100,1,15124,15125,0.01
90,false,17,true,0,true,45935.2,45935.2,60140,60140,100,100,0,15733,15733,0.00
90,true,17,true,0,true,79840,79840,79840,79840,100,100,1,14936,14937,0.01
90,false,18,true,0,true,44848,44848,60640,60640,100,100,0,15824,15824,0.00
90,true,18,true,0,true,79840,79840,79840,79840,100,100,1,14826,14827,0.01
90,false,19,true,0,true,45316,45316,60140,60140,100,100,0,15256,15256,0.00
90,true,19,true,0,true,79840,79840,79840,79840,100,100,1,14425,14427,0.01
90,false,20,true,0,true,44960.8,44960.8,60240,60240,100,100,0,16703,16703,0.00
90,true,20,true,0,true,79840,79840,79840,79840,100,100,1,16197,16198,0.01
90,false,21,true,0,true,44377.6,44377.6,59740,59740,100,100,0,16304,16304,0.00
90,true,21,true,0,true,79840,79840,79840,79840,100,100,1,15811,15812,0.01
90,false,22,true,0,true,45052,45052,60140,60140,100,100,0,16028,16028,0.00
90,true,22,true,0,true,79840,79840,79840,79840,100,100,1,15215,15216,0.01
90,false,23,true,0,true,44409.6,44409.6,60540,60540,100,100,0,16062,16062,0.00
90,true,23,true,0,true,79840,79840,79840,79840,100,100,1,15240,15242,0.01
90,false,24,true,0,true,44448,44448,59633.6,59633.6,100,100,0,15483,15483,0.00
90,true,24,true,0,true,79840,79840,79840,79840,100,100,1,15879,15880,0.01
90,false,25,true,0,true,44052,44052,60040,60040,100,100,0,15932,15932,0.00
90,true,25,true,0,true,79840,79840,79840,79840,100,100,1,17139,17140,0.01
90,false,26,true,0,true,44371.2,44371.2,59627.2,59627.2,100,100,0,16156,16156,0.00
90,true,26,true,0,true,79840,79840,79840,79840,100,100,1,15786,15788,0.01
90,false,27,true,0,true,44303.2,44303.2,59340,59340,100,100,0,17637,17637,0.00
90,true,27,true,0,true,79840,79840,79840,79840,100,100,1,16234,16235,0.01
90,false,28,true,0,true,45196.8,45196.8,61440,61440,100,100,0,15954,15954,0.00
90,true,28,true,0,true,79840,79840,79840,79840,100,100,1,15272,15274,0.01
90,false,29,true,0,true,44628.8,44628.8,60033.6,60033.6,100,100,0,15691,15691,0.00
90,true,29,true,0,true,79840,79840,79840,79840,100,100,1,15175,15176,0.01
90,false,30,true,0,true,44728.8,44728.8,60733.6,60733.6,100,100,0,15841,15841,0.00
90,true,30,true,0,true,79840,79840,79840,79840,100,100,1,15075,15077,0.01
95,false,1,true,0,true,45384,45384,58580,58580,100,47,0,16397,16397,0.00
95,true,1,true,0,true,84880,84880,84880,84880,100,48,1,15795,15796,0.01
95,false,2,true,0,true,44522.4,44522.4,58080,58080,100,46,0,16396,16396,0.00
95,true,2,true,0,true,84880,84880,84880,84880,100,47,1,15752,15753,0.01
95,false,3,true,0,true,45409.6,45409.6,58973.6,58973.6,100,42,0,16363,16363,0.00
95,true,3,true,0,true,84880,84880,84880,84880,100,44,1,15699,15700,0.01
95,false,4,true,0,true,44016,44016,55880,55880,100,50,0,16422,16422,0.00
95,true,4,true,0,true,84880,84880,84880,84880,100,52,1,15814,15816,0.01
95,false,5,true,0,true,44190.4,44190.4,57080,57080,100,57,0,16362,16362,0.00
95,true,5,true,0,true,84880,84880,84880,84880,100,58,1,15728,15729,0.01
95,false,6,true,0,true,46122.4,46122.4,58373.6,58373.6,100,50,0,16438,16438,0.00
95,true,6,true,0,true,84880,84880,84880,84880,100,52,1,15711,15712,0.01
95,false,7,true,0,true,44728.8,44728.8,57780,57780,100,51,0,16539,16539,0.00
95,true,7,true,0,true,84880,84880,84880,84880,100,52,1,15689,15690,0.01
95,false,8,true,0,true,45603.2,45603.2,57680,57680,100,44,0,16393,16393,0.00
95,true,8,true,0,true,84880,84880,84880,84880,100,46,1,15832,15833,0.01
95,false,9,true,0,true,44309.6,44309.6,57380,57380,100,53,0,16357,16357,0.00
95,true,9,true,0,true,84880,84880,84880,84880,100,54,1,15797,15798,0.01
95,false,10,true,0,true,44303.2,44303.2,58480,58480,100,43,0,16407,16407,0.00
95,true,10,true,0,true,84880,84880,84880,84880,100,45,1,15743,15744,0.01
95,false,11,true,0,true,44190.4,44190.4,57073.6,57073.6,100,45,0,16411,16411,0.00
95,true,11,true,0,true,84880,84880,84880,84880,100,46,1,15868,15869,0.01
95,false,12,true,0,true,44128.8,44128.8,56580,56580,100,46,0,16368,16368,0.00
95,true,12,true,0,true,84880,84880,84880,84880,100,49,1,15810,15811,0.01
95,false,13,true,0,true,43916,43916,57680,57680,100,50,0,16485,16485,0.00
95,true,13,true,0,true,84880,84880,84880,84880,100,51,1,15929,15931,0.01
95,false,14,true,0,true,44828.8,44828.8,56680,56680,100,46,0,19437,19437,0.00
95,true,14,true,0,true,84880,84880,84880,84880,100,48,1,17066,17068,0.01
95,false,15,true,0,true,44177.6,44177.6,56880,56880,100,51,0,18929,18929,0.00
95,true,15,true,0,true,84880,84880,84880,84880,100,52,1,17488,17490,0.01
95,false,16,true,0,true,44528.8,44528.8,57580,57580,100,39,0,16810,16810,0.00
95,true,16,true,0,true,84880,84880,84880,84880,100,41,1,16872,16874,0.01
95,false,17,true,0,true,44377.6,44377.6,57180,57180,100,40,0,16883,16883,0.00
95,true,17,true,0,true,84880,84880,84880,84880,100,42,1,15279,15281,0.01
95,false,18,true,0,true,43803.2,43803.2,57280,57280,100,53,0,15910,15910,0.00
95,true,18,true,0,true,84880,84880,84880,84880,100,53,1,15280,15282,0.01
95,false,19,true,0,true,45209.6,45209.6,57080,57080,100,35,0,15927,15927,0.00
95,true,19,true,0,true,84880,84880,84880,84880,100,38,1,15406,15407,0.01
95,false,20,true,0,true,44496.8,44496.8,56373.6,56373.6,100,53,0,15918,15918,0.00
95,true,20,true,0,true,84880,84880,84880,84880,100,55,1,15308,15309,0.01
95,false,21,true,0,true,44403.2,44403.2,56980,56980,100,49,0,15952,15952,0.00
95,true,21,true,0,true,84880,84880,84880,84880,100,51,1,15246,15248,0.01
95,false,22,true,0,true,45284,45284,57580,57580,100,44,0,15934,15934,0.00
95,true,22,true,0,true,84880,84880,84880,84880,100,46,1,16446,16447,0.01
95,false,23,true,0,true,44716,44716,58180,58180,100,43,0,16955,16955,0.00
95,true,23,true,0,true,84880,84880,84880,84880,100,46,1,15770,15772,0.01
95,false,24,true,0,true,43816,43816,57167.2,57167.2,100,52,0,17585,17585,0.00
95,true,24,true,0,true,84880,84880,84880,84880,100,54,1,15584,15585,0.01
95,false,25,true,0,true,43716,43716,57380,57380,100,46,0,16108,16108,0.00
95,true,25,true,0,true,84880,84880,84880,84880,100,47,1,15370,15371,0.01
95,false,26,true,0,true,44871.2,44871.2,57380,57380,100,44,0,15908,15908,0.00
95,true,26,true,0,true,84880,84880,84880,84880,100,44,1,15289,15290,0.01
95,false,27,true,0,true,44303.2,44303.2,56380,56380,100,57,0,15943,15943,0.00
95,true,27,true,0,true,84880,84880,84880,84880,100,58,1,15589,15591,0.01
95,false,28,true,0,true,44296.8,44296.8,56980,56980,100,52,0,17122,17122,0.00
95,true,28,true,0,true,84880,84880,84880,84880,100,53,1,16251,16253,0.01
95,false,29,true,0,true,44196.8,44196.8,57880,57880,100,48,0,17652,17652,0.00
95,true,29,true,0,true,84880,84880,84880,84880,100,50,1,15778,15780,0.01
95,false,30,true,0,true,44635.2,44635.2,56980,56980,100,50,0,16124,16124,0.00
95,true,30,true,0,true,84880,84880,84880,84880,100,51,1,16386,16387,0.01
98,false,1,false,93,true,-1256908.8,45942.4,53836,53836,100,0,0,17225,17225,0.00
98,true,1,true,0,true,87942.4,87942.4,87942.4,87942.4,100,3,1,17685,17687,0.01
98,false,2,false,100,true,-856440.8,44242.4,51942.4,51942.4,100,0,0,18430,18430,0.00
98,true,2,true,0,true,87942.4,87942.4,87942.4,87942.4,100,3,1,16963,16965,0.01
98,false,3,false,106,true,-1158040.8,45742.4,52042.4,52042.4,100,0,0,16855,16855,0.00
98,true,3,true,0,true,87942.4,87942.4,87942.4,87942.4,100,3,1,16239,16240,0.01
98,false,4,false,220,true,-1155547.2,50342.4,52042.4,52042.4,100,0,0,16912,16912,0.00
98,true,4,true,0,true,87942.4,87942.4,87942.4,87942.4,100,3,1,16475,16476,0.01
98,false,5,false,89,true,-1157466.4,46236,53042.4,53042.4,100,0,0,16989,16989,0.00
98,true,5,true,0,true,87942.4,87942.4,87942.4,87942.4,100,3,1,17260,17262,0.01
98,false,6,false,89,true,-1259234.4,44142.4,51942.4,51942.4,100,0,0,18246,18246,0.00
98,true,6,true,0,true,87942.4,87942.4,87942.4,87942.4,100,3,1,17516,17518,0.01
98,false,7,false,165,true,-756708.8,49042.4,54042.4,54042.4,100,0,0,17267,17267,0.00
98,true,7,true,0,true,87942.4,87942.4,87942.4,87942.4,100,3,1,16090,16092,0.01
98,false,8,false,94,true,-1154634.4,48242.4,54742.4,54742.4,100,0,0,16901,16901,0.00
98,true,8,true,0,true,87942.4,87942.4,87942.4,87942.4,100,3,1,17289,17291,0.01
98,false,9,false,117,true,-1160534.4,44642.4,50742.4,50742.4,100,0,0,18256,18256,0.00
98,true,9,true,0,true,87942.4,87942.4,87942.4,87942.4,100,3,1,18214,18216,0.01
98,false,10,false,58,true,-857340.8,44742.4,53442.4,53442.4,100,0,0,17203,17203,0.00
98,true,10,true,0,true,87942.4,87942.4,87942.4,87942.4,100,3,1,16577,16579,0.01
98,false,11,false,36,true,-1257966.4,43642.4,53442.4,53442.4,100,0,0,17409,17409,0.00
98,true,11,true,0,true,87942.4,87942.4,87942.4,87942.4,100,3,1,17040,17041,0.01
98,false,12,false,35,true,-859540.8,41742.4,51036,51036,100,0,0,16942,16942,0.00
98,true,12,true,0,true,87942.4,87942.4,87942.4,87942.4,100,3,1,17170,17172,0.01
98,false,13,false,170,true,-1457108.8,47142.4,52142.4,52142.4,100,0,0,17298,17298,0.00
98,true,13,true,0,true,87942.4,87942.4,87942.4,87942.4,100,3,1,16836,16838,0.01
98,false,14,false,24,true,-556596,43842.4,53442.4,53442.4,100,0,0,17767,17767,0.00
98,true,14,true,0,true,87942.4,87942.4,87942.4,87942.4,100,3,1,17473,17475,0.01
98,false,15,false,20,true,-658228,42542.4,53242.4,53242.4,100,0,0,17524,17524,0.00
98,true,15,true,0,true,87942.4,87942.4,87942.4,87942.4,100,3,1,17273,17275,0.01
98,false,16,false,111,true,-1155934.4,48142.4,53342.4,53342.4,100,0,0,18277,18277,0.00
98,true,16,true,0,true,87942.4,87942.4,87942.4,87942.4,100,3,1,17131,17132,0.01
98,false,17,false,162,true,-1558285.6,48142.4,52342.4,52342.4,100,0,0,17869,17869,0.00
98,true,17,true,0,true,87942.4,87942.4,87942.4,87942.4,100,3,2,17639,17641,0.01
98,false,18,false,200,true,-1358528,48942.4,51742.4,51742.4,100,0,0,17048,17048,0.00
98,true,18,true,0,true,87942.4,87942.4,87942.4,87942.4,100,3,1,16057,16058,0.01
98,false,19,false,70,true,-1158240.8,44642.4,52736,52736,100,0,0,16867,16867,0.00
98,true,19,true,0,true,87942.4,87942.4,87942.4,87942.4,100,3,1,16395,16397,0.01
98,false,20,false,100,true,-1259847.2,43742.4,50642.4,50642.4,100,0,0,16790,16790,0.00
98,true,20,true,0,true,87942.4,87942.4,87942.4,87942.4,100,3,1,18396,18398,0.01
98,false,21,false,37,true,-1157028,44142.4,53542.4,53542.4,100,0,0,19120,19120,0.00
98,true,21,true,0,true,87942.4,87942.4,87942.4,87942.4,100,3,2,17126,17128,0.01
98,false,22,false,82,true,-1059308.8,43642.4,50842.4,50842.4,100,0,0,19504,19504,0.00
98,true,22,true,0,true,87942.4,87942.4,87942.4,87942.4,100,3,1,16307,16308,0.01
98,false,23,false,89,true,-1258340.8,45142.4,52042.4,52042.4,100,0,0,16753,16753,0.00
98,true,23,true,0,true,87942.4,87942.4,87942.4,87942.4,100,3,1,15862,15863,0.01
98,false,24,false,70,true,-1256866.4,45336,52742.4,52742.4,100,0,0,17610,17610,0.00
98,true,24,true,0,true,87942.4,87942.4,87942.4,87942.4,100,3,1,17754,17756,0.01
98,false,25,false,209,true,-1057247.2,51142.4,54042.4,54042.4,100,0,0,18331,18331,0.00
98,true,25,true,0,true,87942.4,87942.4,87942.4,87942.4,100,3,1,16139,16140,0.01
98,false,26,false,34,true,-1358379.2,42642.4,53142.4,53142.4,100,0,0,16730,16730,0.00
98,true,26,true,0,true,87942.4,87942.4,87942.4,87942.4,100,3,1,15892,15893,0.01
98,false,27,false,144,true,-1159040.8,46742.4,51542.4,51542.4,100,0,0,16561,16561,0.00
98,true,27,true,0,true,87942.4,87942.4,87942.4,87942.4,100,3,1,16203,16205,0.01
98,false,28,false,83,true,-1158040.8,45442.4,52442.4,52442.4,100,0,0,16633,16633,0.00
98,true,28,true,0,true,87942.4,87942.4,87942.4,87942.4,100,3,1,16414,16416,0.01
98,false,29,false,53,true,-957208.8,45842.4,53642.4,53642.4,100,0,0,16897,16897,0.00
98,true,29,true,0,true,87942.4,87942.4,87942.4,87942.4,100,3,1,17184,17186,0.01
98,false,30,false,192,true,-1158972.8,48442.4,51742.4,51742.4,100,0,0,17150,17150,0.00
98,true,30,true,0,true,87942.4,87942.4,87942.4,87942.4,100,3,1,16202,16204,0.01
99,false,1,false,120,true,-2157958.4,45769.6,50869.6,50869.6,100,0,0,18966,18966,0.00
99,true,1,true,0,true,88969.6,88969.6,88969.6,88969.6,100,3,2,16445,16447,0.01
99,false,2,false,107,true,-2257684,46269.6,52369.6,52369.6,100,0,0,18206,18206,0.00
99,true,2,true,0,true,88969.6,88969.6,88969.6,88969.6,100,3,1,17259,17260,0.01
99,false,3,false,236,true,-1858971.2,47569.6,49769.6,49769.6,100,0,0,18158,18158,0.00
99,true,3,true,0,true,88969.6,88969.6,88969.6,88969.6,100,3,1,16412,16414,0.01
99,false,4,false,78,true,-2057684,45069.6,52169.6,52169.6,100,0,0,17070,17070,0.00
99,true,4,true,0,true,88969.6,88969.6,88969.6,88969.6,100,3,1,17978,17980,0.01
99,false,5,false,141,true,-1756745.6,47469.6,51469.6,51469.6,100,0,0,19398,19398,0.00
99,true,5,true,0,true,88969.6,88969.6,88969.6,88969.6,100,3,4,18497,18501,0.02
99,false,6,false,177,true,-2057545.6,47369.6,50069.6,50069.6,100,0,0,17603,17603,0.00
99,true,6,true,0,true,88969.6,88969.6,88969.6,88969.6,100,3,1,18274,18276,0.01
99,false,7,false,129,true,-1758132.8,46769.6,51669.6,51669.6,100,0,0,19966,19966,0.00
99,true,7,true,0,true,88969.6,88969.6,88969.6,88969.6,100,3,1,16426,16427,0.01
99,false,8,false,157,true,-1958839.2,45963.2,50669.6,50669.6,100,0,0,17622,17622,0.00
99,true,8,true,0,true,88969.6,88969.6,88969.6,88969.6,100,3,1,19115,19117,0.01
99,false,9,false,121,true,-1958539.2,45669.6,50569.6,50569.6,100,0,0,18709,18709,0.00
99,true,9,true,0,true,88969.6,88969.6,88969.6,88969.6,100,3,1,16514,16516,0.01
99,false,10,false,153,true,-1559520,45069.6,49569.6,49569.6,100,0,0,18671,18671,0.00
99,true,10,true,0,true,88969.6,88969.6,88969.6,88969.6,100,3,1,17064,17066,0.01
99,false,11,false,109,true,-2055952,48069.6,53469.6,53469.6,100,0,0,17677,17677,0.00
99,true,11,true,0,true,88969.6,88969.6,88969.6,88969.6,100,3,1,16869,16871,0.01
99,false,12,false,163,true,-2058339.2,47369.6,51269.6,51269.6,100,0,0,18324,18324,0.00
99,true,12,true,0,true,88969.6,88969.6,88969.6,88969.6,100,3,1,17257,17259,0.01
99,false,13,false,64,true,-1558688,43269.6,51569.6,51569.6,100,0,0,16907,16907,0.00
99,true,13,true,0,true,88969.6,88969.6,88969.6,88969.6,100,3,1,17002,17004,0.01
99,false,14,false,84,true,-2058626.4,44069.6,51369.6,51369.6,100,0,0,17071,17071,0.00
99,true,14,true,0,true,88969.6,88969.6,88969.6,88969.6,100,3,1,16245,16247,0.01
99,false,15,false,273,true,-1858732.8,50069.6,50869.6,50869.6,100,0,0,16993,16993,0.00
99,true,15,true,0,true,88969.6,88969.6,88969.6,88969.6,100,3,2,16555,16557,0.01
99,false,16,false,201,true,-2159539.2,46569.6,49269.6,49269.6,100,0,0,16864,16864,0.00
99,true,16,true,0,true,88969.6,88969.6,88969.6,88969.6,100,3,1,16393,16394,0.01
99,false,17,false,256,true,-2159864.8,49169.6,50569.6,50569.6,100,0,0,20132,20132,0.00
99,true,17,true,0,true,88969.6,88969.6,88969.6,88969.6,100,3,1,18076,18077,0.01
99,false,18,false,69,true,-1956758.4,45069.6,52969.6,52969.6,100,0,0,19538,19538,0.00
99,true,18,true,0,true,88969.6,88969.6,88969.6,88969.6,100,3,2,18848,18850,0.01
99,false,19,false,95,true,-1855858.4,47269.6,52969.6,52969.6,100,0,0,18139,18139,0.00
99,true,19,true,0,true,88969.6,88969.6,88969.6,88969.6,100,3,1,16893,16894,0.01
99,false,20,false,73,true,-1757858.4,43769.6,51369.6,51369.6,100,0,0,17557,17557,0.00
99,true,20,true,0,true,88969.6,88969.6,88969.6,88969.6,100,3,1,20263,20265,0.00
99,false,21,false,81,true,-2058752,43569.6,50069.6,50069.6,100,0,0,19610,19610,0.00
99,true,21,true,0,true,88969.6,88969.6,88969.6,88969.6,100,3,1,17418,17420,0.01
99,false,22,false,205,true,-2258158.4,48769.6,51369.6,51369.6,100,0,0,18992,18992,0.00
99,true,22,true,0,true,88969.6,88969.6,88969.6,88969.6,100,3,2,17727,17729,0.01
99,false,23,false,284,true,-2056758.4,50469.6,50969.6,50969.6,100,0,0,19428,19428,0.00
99,true,23,true,0,true,88969.6,88969.6,88969.6,88969.6,100,3,4,18232,18236,0.02
99,false,24,false,130,true,-1860152,44569.6,50169.6,50169.6,100,0,0,17902,17902,0.00
99,true,24,true,0,true,88969.6,88969.6,88969.6,88969.6,100,3,1,16734,16736,0.01
99,false,25,false,122,true,-1856032.8,46969.6,50869.6,50869.6,100,0,0,18444,18444,0.00
99,true,25,true,0,true,88969.6,88969.6,88969.6,88969.6,100,3,1,17961,17962,0.01
99,false,26,false,144,true,-2357332.8,46469.6,50169.6,50169.6,100,0,0,18213,18213,0.00
99,true,26,true,0,true,88969.6,88969.6,88969.6,88969.6,100,3,1,16717,16719,0.01
99,false,27,false,132,true,-1955871.2,45369.6,49869.6,49869.6,100,0,0,17882,17882,0.00
99,true,27,true,0,true,88969.6,88969.6,88969.6,88969.6,100,3,1,17383,17385,0.01
99,false,28,false,253,true,-1959545.6,49369.6,51369.6,51369.6,100,0,0,17143,17143,0.00
99,true,28,true,0,true,88969.6,88969.6,88969.6,88969.6,100,3,1,16304,16305,0.01
99,false,29,false,95,true,-2157245.6,45469.6,52769.6,52769.6,100,0,0,16936,16936,0.00
99,true,29,true,0,true,88969.6,88969.6,88969.6,88969.6,100,3,1,16656,16658,0.01
99,false,30,false,153,true,-2058284,46563.2,51569.6,51569.6,100,0,0,16895,16895,0.00
99,true,30,true,0,true,88969.6,88969.6,88969.6,88969.6,100,3,1,16373,16375,0.01
100,false,1,false,236,true,-2762534.4,43800,46000,46000,100,0,0,17062,17062,0.00
100,true,1,true,0,true,90000,90000,90000,90000,100,3,1,16406,16407,0.01
100,false,2,false,139,true,-2856560,46100,49100,49100,100,0,0,16838,16838,0.00
100,true,2,true,0,true,90000,90000,90000,90000,100,3,1,16321,16323,0.01
100,false,3,false,null,false,-2860479.2,0,-52900,-52900,100,0,0,16852,16852,0.00
100,true,3,true,0,true,90000,90000,90000,90000,100,3,1,16333,16335,0.01
100,false,4,false,223,true,-2657434.4,47000,49200,49200,100,0,0,16911,16911,0.00
100,true,4,true,0,true,90000,90000,90000,90000,100,3,1,16317,16318,0.01
100,false,5,false,154,true,-2757221.6,46500,49400,49400,100,0,0,17133,17133,0.00
100,true,5,true,0,true,90000,90000,90000,90000,100,3,1,16314,16316,0.01
100,false,6,false,202,true,-2758292,46900,48700,48700,100,0,0,17036,17036,0.00
100,true,6,true,0,true,90000,90000,90000,90000,100,3,1,16349,16351,0.01
100,false,7,false,200,true,-2758147.2,47200,50400,50400,100,0,0,16873,16873,0.00
100,true,7,true,0,true,90000,90000,90000,90000,100,3,1,16704,16706,0.01
100,false,8,false,186,true,-2859821.6,44700,48400,48400,100,0,0,17877,17877,0.00
100,true,8,true,0,true,90000,90000,90000,90000,100,3,1,17355,17356,0.01
100,false,9,false,289,true,-2658960,49200,49500,49500,100,0,0,17873,17873,0.00
100,true,9,true,0,true,90000,90000,90000,90000,100,3,1,17241,17243,0.01
100,false,10,false,191,true,-2158321.6,47400,50300,50300,100,0,0,17832,17832,0.00
100,true,10,true,0,true,90000,90000,90000,90000,100,3,1,16868,16869,0.01
100,false,11,false,null,false,-2658940.8,0,-50400,-50400,100,0,0,17519,17519,0.00
100,true,11,true,0,true,90000,90000,90000,90000,100,3,1,17900,17902,0.01
100,false,12,false,135,true,-2457528,46600,49600,49600,100,0,0,19048,19048,0.00
100,true,12,true,0,true,90000,90000,90000,90000,100,3,1,18917,18919,0.01
100,false,13,false,89,true,-2356540.8,45600,50200,50200,100,0,0,17192,17192,0.00
100,true,13,true,0,true,90000,90000,90000,90000,100,3,1,16894,16896,0.01
100,false,14,false,170,true,-2557747.2,46600,49300,49300,100,0,0,16990,16990,0.00
100,true,14,true,0,true,90000,90000,90000,90000,100,3,1,16620,16622,0.01
100,false,15,false,101,true,-2657828,45100,48900,48900,100,0,0,18792,18792,0.00
100,true,15,true,0,true,90000,90000,90000,90000,100,3,1,20510,20511,0.00
100,false,16,false,144,true,-2959147.2,45000,48400,48400,100,0,0,18252,18252,0.00
100,true,16,true,0,true,90000,90000,90000,90000,100,3,2,17522,17525,0.01
100,false,17,false,279,true,-2858566.4,47100,47900,47900,100,0,0,17660,17660,0.00
100,true,17,true,0,true,90000,90000,90000,90000,100,3,1,17514,17515,0.01
100,false,18,false,73,true,-2559115.2,44500,49600,49600,100,0,0,17900,17900,0.00
100,true,18,true,0,true,90000,90000,90000,90000,100,3,1,17086,17088,0.01
100,false,19,false,176,true,-2656821.6,47400,50500,50500,100,0,0,17671,17671,0.00
100,true,19,true,0,true,90000,90000,90000,90000,100,3,1,16441,16443,0.01
100,false,20,false,192,true,-2857140.8,46300,49500,49500,100,0,0,16956,16956,0.00
100,true,20,true,0,true,90000,90000,90000,90000,100,3,1,16365,16367,0.01
100,false,21,false,240,true,-2859466.4,46500,47900,47900,100,0,0,16923,16923,0.00
100,true,21,true,0,true,90000,90000,90000,90000,100,3,1,16505,16506,0.01
100,false,22,false,214,true,-2258247.2,46500,48500,48500,100,0,0,16926,16926,0.00
100,true,22,true,0,true,90000,90000,90000,90000,100,3,1,16379,16381,0.01
100,false,23,false,191,true,-2957079.2,47000,49400,49400,100,0,0,16859,16859,0.00
100,true,23,true,0,true,90000,90000,90000,90000,100,3,1,16329,16330,0.01
100,false,24,false,93,true,-2857960,45100,49800,49800,100,0,0,16858,16858,0.00
100,true,24,true,0,true,90000,90000,90000,90000,100,3,1,16497,16499,0.01
100,false,25,false,140,true,-2556472.8,47000,50400,50400,100,0,0,16896,16896,0.00
100,true,25,true,0,true,90000,90000,90000,90000,100,3,1,16312,16314,0.01
100,false,26,false,86,true,-2458834.4,42900,48700,48700,100,0,0,16929,16929,0.00
100,true,26,true,0,true,90000,90000,90000,90000,100,3,1,16321,16323,0.01
100,false,27,false,236,true,-3258111.2,46900,48600,48600,100,0,0,16995,16995,0.00
100,true,27,true,0,true,90000,90000,90000,90000,100,3,1,16367,16368,0.01
100,false,28,false,115,true,-2458053.6,44600,48600,48600,100,0,0,16877,16877,0.00
100,true,28,true,0,true,90000,90000,90000,90000,100,3,1,16468,16470,0.01
100,false,29,false,183,true,-2957840.8,46500,49200,49200,100,0,0,17022,17022,0.00
100,true,29,true,0,true,90000,90000,90000,90000,100,3,1,16450,16451,0.01
100,false,30,false,112,true,-2559360,44100,48200,48200,100,0,0,17008,17008,0.00
100,true,30,true,0,true,90000,90000,90000,90000,100,3,1,16467,16468,0.01
110,false,1,false,null,false,-12659264.8,0,-5453431.2,-5453431.2,100,0,0,18183,18183,0.00
110,true,1,false,null,false,-12659264.8,0,-5453431.2,-5453431.2,100,0,0,18390,18390,0.00
110,false,2,false,null,false,-12360164.8,0,-5252718.4,-5252718.4,100,0,0,18366,18366,0.00
110,true,2,false,null,false,-12360164.8,0,-5252718.4,-5252718.4,100,0,0,18371,18371,0.00
110,false,3,false,null,false,-12359600.8,0,-5653605.6,-5653605.6,100,0,0,18229,18229,0.00
110,true,3,false,null,false,-12359600.8,0,-5653605.6,-5653605.6,100,0,0,18270,18270,0.00
110,false,4,false,null,false,-12259190.4,0,-5451880,-5451880,100,0,0,18177,18177,0.00
110,true,4,false,null,false,-12259190.4,0,-5451880,-5451880,100,0,0,18137,18137,0.00
110,false,5,false,null,false,-12158932.8,0,-5352550.4,-5352550.4,100,0,0,18260,18260,0.00
110,true,5,false,null,false,-12158932.8,0,-5352550.4,-5352550.4,100,0,0,18522,18522,0.00
110,false,6,false,null,false,-11961196.8,0,-4654169.6,-4654169.6,100,0,0,18452,18452,0.00
110,true,6,false,null,false,-11961196.8,0,-4654169.6,-4654169.6,100,0,0,18460,18460,0.00
110,false,7,false,null,false,-12161532.8,0,-5354224.8,-5354224.8,100,0,0,18610,18610,0.00
110,true,7,false,null,false,-12161532.8,0,-5354224.8,-5354224.8,100,0,0,18674,18674,0.00
110,false,8,false,null,false,-12559126.4,0,-5352669.6,-5352669.6,100,0,0,18483,18483,0.00
110,true,8,false,null,false,-12559126.4,0,-5352669.6,-5352669.6,100,0,0,18181,18181,0.00
110,false,9,false,null,false,-12559726.4,0,-5451573.6,-5451573.6,100,0,0,18209,18209,0.00
110,true,9,false,null,false,-12559726.4,0,-5451573.6,-5451573.6,100,0,0,18190,18190,0.00
110,false,10,false,null,false,-12358407.2,0,-4952369.6,-4952369.6,100,0,0,18133,18133,0.00
110,true,10,false,null,false,-12358407.2,0,-4952369.6,-4952369.6,100,0,0,18158,18158,0.00
110,false,11,false,null,false,-12560626.4,0,-5155663.2,-5155663.2,100,0,0,18181,18181,0.00
110,true,11,false,null,false,-12560626.4,0,-5155663.2,-5155663.2,100,0,0,18198,18198,0.00
110,false,12,false,null,false,-12560177.6,0,-5053469.6,-5053469.6,100,0,0,18216,18216,0.00
110,true,12,false,null,false,-12560177.6,0,-5053469.6,-5053469.6,100,0,0,18789,18789,0.00
110,false,13,false,null,false,-12260764.8,0,-5351412,-5351412,100,0,0,18154,18154,0.00
110,true,13,false,null,false,-12260764.8,0,-5351412,-5351412,100,0,0,18163,18163,0.00
110,false,14,false,null,false,-12260020,0,-5054124.8,-5054124.8,100,0,0,18172,18172,0.00
110,true,14,false,null,false,-12260020,0,-5054124.8,-5054124.8,100,0,0,18995,18995,0.00
110,false,15,false,null,false,-12261307.2,0,-5453624.8,-5453624.8,100,0,0,20679,20679,0.00
110,true,15,false,null,false,-12261307.2,0,-5453624.8,-5453624.8,100,0,0,20916,20916,0.00
110,false,16,false,null,false,-11459113.6,0,-4852763.2,-4852763.2,100,0,0,22632,22632,0.00
110,true,16,false,null,false,-11459113.6,0,-4852763.2,-4852763.2,100,0,0,18566,18566,0.00
110,false,17,false,null,false,-12057620,0,-5351005.6,-5351005.6,100,0,0,19662,19662,0.00
110,true,17,false,null,false,-12057620,0,-5351005.6,-5351005.6,100,0,0,19327,19327,0.00
110,false,18,false,null,false,-11859184,0,-5052650.4,-5052650.4,100,0,0,18882,18882,0.00
110,true,18,false,null,false,-11859184,0,-5052650.4,-5052650.4,100,0,0,21779,21779,0.00
110,false,19,false,null,false,-12558539.2,0,-5152576,-5152576,100,0,0,19173,19173,0.00
110,true,19,false,null,false,-12558539.2,0,-5152576,-5152576,100,0,0,18627,18627,0.00
110,false,20,false,null,false,-12358858.4,0,-5152031.2,-5152031.2,100,0,0,18957,18957,0.00
110,true,20,false,null,false,-12358858.4,0,-5152031.2,-5152031.2,100,0,0,20371,20371,0.00
110,false,21,false,null,false,-12257620,0,-5152650.4,-5152650.4,100,0,0,18952,18952,0.00
110,true,21,false,null,false,-12257620,0,-5152650.4,-5152650.4,100,0,0,19385,19385,0.00
110,false,22,false,null,false,-12358339.2,0,-5251444,-5251444,100,0,0,19449,19449,0.00
110,true,22,false,null,false,-12358339.2,0,-5251444,-5251444,100,0,0,19077,19077,0.00
110,false,23,false,null,false,-12558520,0,-5652186.4,-5652186.4,100,0,0,20383,20383,0.00
110,true,23,false,null,false,-12558520,0,-5652186.4,-5652186.4,100,0,0,18425,18425,0.00
110,false,24,false,null,false,-11858458.4,0,-5549544,-5549544,100,0,0,18626,18626,0.00
110,true,24,false,null,false,-11858458.4,0,-5549544,-5549544,100,0,0,19399,19399,0.00
110,false,25,false,null,false,-12459539.2,0,-5153069.6,-5153069.6,100,0,0,19527,19527,0.00
110,true,25,false,null,false,-12459539.2,0,-5153069.6,-5153069.6,100,0,0,24594,24594,0.00
110,false,26,false,null,false,-12459571.2,0,-5153250.4,-5153250.4,100,0,0,19764,19764,0.00
110,true,26,false,null,false,-12459571.2,0,-5153250.4,-5153250.4,100,0,0,19120,19120,0.00
110,false,27,false,null,false,-12159026.4,0,-5052844,-5052844,100,0,0,19669,19669,0.00
110,true,27,false,null,false,-12159026.4,0,-5052844,-5052844,100,0,0,18481,18481,0.00
110,false,28,false,null,false,-11960232.8,0,-5252456.8,-5252456.8,100,0,0,18221,18221,0.00
110,true,28,false,null,false,-11960232.8,0,-5252456.8,-5252456.8,100,0,0,18999,18999,0.00
110,false,29,false,null,false,-12458777.6,0,-4952456.8,-4952456.8,100,0,0,29833,29833,0.00
110,true,29,false,null,false,-12458777.6,0,-4952456.8,-4952456.8,100,0,0,22083,22083,0.00
110,false,30,false,null,false,-12260384,0,-5354231.2,-5354231.2,100,0,0,19996,19996,0.00
110,true,30,false,null,false,-12260384,0,-5354231.2,-5354231.2,100,0,0,19580,19580,0.00
