duty_id,crew_id,flight_ids,report_utc,release_utc
D0001,C0041,LEG_11_12,2000-01-11T21:35:00Z,2000-01-12T00:35:00Z
D0002,C0041,"LEG_12_4,LEG_12_16,LEG_12_46,LEG_12_2,LEG_12_9",2000-01-12T00:15:00Z,2000-01-13T03:01:00Z
D0003,C0041,"LEG_13_51,LEG_13_6,LEG_13_11",2000-01-13T12:00:00Z,2000-01-13T21:40:00Z
D0004,C0011,"LEG_17_22,LEG_17_26,LEG_17_24,LEG_17_36",2000-01-17T15:36:00Z,2000-01-18T02:22:00Z
D0005,C0011,"LEG_18_37,LEG_18_0,LEG_18_14,LEG_18_13",2000-01-18T12:15:00Z,2000-01-18T23:43:00Z
D0006,C0011,"LEG_19_21,LEG_19_18,LEG_19_5,LEG_19_42",2000-01-18T23:25:00Z,2000-01-20T00:17:00Z
D0007,C0011,"LEG_20_4,LEG_20_15,LEG_20_18,LEG_20_21,LEG_20_20,LEG_20_23",2000-01-20T00:31:00Z,2000-01-21T02:19:00Z
D0008,C0012,"LEG_17_40,LEG_17_41",2000-01-17T18:50:00Z,2000-01-18T00:23:00Z
D0009,C0012,"LEG_18_54,LEG_18_55,LEG_18_40,LEG_18_41",2000-01-18T00:05:00Z,2000-01-19T00:23:00Z
D0010,C0012,"LEG_19_46,LEG_19_49,LEG_19_40",2000-01-19T00:05:00Z,2000-01-20T02:13:00Z
D0011,C0012,"LEG_20_45,LEG_20_3,LEG_20_5",2000-01-20T13:15:00Z,2000-01-21T00:52:00Z
D0012,C0013,"LEG_17_28,LEG_17_33,LEG_17_31,LEG_17_42,LEG_17_62",2000-01-17T12:09:00Z,2000-01-18T00:50:00Z
D0013,C0014,"LEG_17_63,LEG_17_8",2000-01-17T00:35:00Z,2000-01-17T12:15:00Z
D0014,C0015,"LEG_17_5,LEG_17_61",2000-01-17T00:31:00Z,2000-01-17T12:14:00Z
D0015,C0016,"LEG_17_46,LEG_17_43",2000-01-17T00:16:00Z,2000-01-17T12:23:00Z
D0016,C0017,"LEG_17_58,LEG_17_18",2000-01-17T09:59:00Z,2000-01-17T13:46:00Z
D0017,C0001,"LEG_01_5,LEG_01_9,LEG_01_10",2000-01-01T15:32:00Z,2000-01-02T00:35:00Z
D0018,C0001,"LEG_02_1,LEG_02_21,LEG_02_28",2000-01-02T00:15:00Z,2000-01-03T02:19:00Z
D0019,C0001,"LEG_03_21,LEG_03_26,LEG_03_24,LEG_03_36",2000-01-03T13:25:00Z,2000-01-04T02:22:00Z
D0020,C0001,"LEG_04_37,LEG_04_16,LEG_04_25",2000-01-04T12:15:00Z,2000-01-04T19:12:00Z
D0021,C0002,"LEG_01_14,LEG_01_23,LEG_01_24,LEG_01_22,LEG_01_32",2000-01-01T15:40:00Z,2000-01-02T02:22:00Z
D0022,C0002,LEG_02_36,2000-01-02T12:15:00Z,2000-01-02T15:40:00Z
D0023,C0042,LEG_13_13,2000-01-13T21:40:00Z,2000-01-13T23:43:00Z
D0024,C0042,"LEG_14_35,LEG_14_34,LEG_14_17,LEG_14_7,LEG_14_11",2000-01-13T23:25:00Z,2000-01-14T21:40:00Z
D0025,C0043,"LEG_05_17,LEG_05_5,LEG_05_42",2000-01-05T17:23:00Z,2000-01-06T00:17:00Z
D0026,C0043,"LEG_06_4,LEG_06_15,LEG_06_18,LEG_06_21,LEG_06_20,LEG_06_29",2000-01-06T00:31:00Z,2000-01-07T02:22:00Z
D0027,C0043,"LEG_07_37,LEG_07_7,LEG_07_11",2000-01-07T12:15:00Z,2000-01-07T21:40:00Z
D0028,C0003,"LEG_31_10,LEG_31_25",2000-01-31T03:20:00Z,2000-01-31T16:19:00Z
D0029,C0004,"LEG_31_24,LEG_31_26",2000-01-31T15:50:00Z,2000-01-31T22:00:00Z
D0030,C0044,"LEG_19_20,LEG_19_27,LEG_19_30,LEG_19_1",2000-01-19T01:45:00Z,2000-01-19T23:03:00Z
D0031,C0044,"LEG_20_36,LEG_20_1,LEG_20_47,LEG_20_52",2000-01-19T23:35:00Z,2000-01-20T22:20:00Z
D0032,C0044,"LEG_21_38,LEG_21_39,LEG_21_21,LEG_21_0,LEG_21_14",2000-01-21T09:51:00Z,2000-01-21T22:05:00Z
D0033,C0018,"LEG_24_42,LEG_24_62",2000-01-24T20:35:00Z,2000-01-25T00:50:00Z
D0034,C0018,"LEG_25_54,LEG_25_57,LEG_25_3",2000-01-25T00:05:00Z,2000-01-26T01:22:00Z
D0035,C0018,"LEG_26_5,LEG_26_41,LEG_26_43,LEG_26_49",2000-01-26T10:30:00Z,2000-01-26T23:24:00Z
D0036,C0018,"LEG_27_48,LEG_27_23,LEG_27_36",2000-01-27T13:15:00Z,2000-01-27T21:32:00Z
D0037,C0019,"LEG_24_28,LEG_24_33,LEG_24_31,LEG_24_3",2000-01-24T12:09:00Z,2000-01-25T01:22:00Z
D0038,C0019,"LEG_25_2,LEG_25_53,LEG_25_55,LEG_25_32",2000-01-25T10:30:00Z,2000-01-25T23:44:00Z
D0039,C0019,"LEG_26_32,LEG_26_33,LEG_26_31",2000-01-26T12:25:00Z,2000-01-26T22:31:00Z
D0040,C0020,"LEG_24_38,LEG_24_39,LEG_24_56",2000-01-24T09:51:00Z,2000-01-24T19:49:00Z
D0041,C0020,"LEG_25_51,LEG_25_44,LEG_25_49",2000-01-25T09:25:00Z,2000-01-25T17:17:00Z
D0042,C0021,"LEG_24_46,LEG_24_43",2000-01-24T00:16:00Z,2000-01-24T12:23:00Z
D0043,C0022,"LEG_24_5,LEG_24_61",2000-01-24T00:31:00Z,2000-01-24T12:14:00Z
D0044,C0023,"LEG_01_26,LEG_01_31,LEG_01_29,LEG_01_30",2000-01-01T12:09:00Z,2000-01-01T23:44:00Z
D0045,C0023,"LEG_02_47,LEG_02_49,LEG_02_46,LEG_02_15",2000-01-02T12:25:00Z,2000-01-03T01:29:00Z
D0046,C0023,"LEG_04_27,LEG_04_44,LEG_04_49",2000-01-04T09:15:00Z,2000-01-04T17:17:00Z
D0047,C0024,"LEG_01_55,LEG_01_16,LEG_01_19,LEG_01_0,LEG_01_12",2000-01-01T09:59:00Z,2000-01-01T22:05:00Z
D0048,C0024,LEG_02_13,2000-01-02T21:40:00Z,2000-01-02T23:43:00Z
D0049,C0024,"LEG_03_35,LEG_03_34,LEG_03_17,LEG_03_7,LEG_03_11,LEG_03_13",2000-01-02T23:25:00Z,2000-01-03T23:43:00Z
D0050,C0024,"LEG_04_35,LEG_04_31,LEG_04_42,LEG_04_62",2000-01-03T23:25:00Z,2000-01-05T00:50:00Z
D0051,C0025,"LEG_01_34,LEG_01_35,LEG_01_53",2000-01-01T10:04:00Z,2000-01-01T19:49:00Z
D0052,C0025,"LEG_02_50,LEG_02_43,LEG_02_48",2000-01-02T09:25:00Z,2000-01-02T17:17:00Z
D0053,C0025,"LEG_03_51,LEG_03_44,LEG_03_49",2000-01-03T09:25:00Z,2000-01-03T17:17:00Z
D0054,C0026,"LEG_01_50,LEG_01_57,LEG_01_54,LEG_01_2",2000-01-01T12:11:00Z,2000-01-02T01:22:00Z
D0055,C0026,"LEG_02_2,LEG_02_52,LEG_02_31",2000-01-02T10:30:00Z,2000-01-02T23:44:00Z
D0056,C0026,"LEG_03_48,LEG_03_4,LEG_03_6",2000-01-03T12:25:00Z,2000-01-04T00:52:00Z
D0057,C0027,"LEG_01_48,LEG_01_45,LEG_01_13",2000-01-01T16:52:00Z,2000-01-02T01:29:00Z
D0058,C0027,"LEG_03_27,LEG_03_52,LEG_03_60",2000-01-03T09:15:00Z,2000-01-03T15:42:00Z
D0059,C0028,"LEG_01_36,LEG_01_6,LEG_01_41,LEG_01_59",2000-01-01T15:39:00Z,2000-01-02T00:50:00Z
D0060,C0028,"LEG_02_53,LEG_02_54,LEG_02_4,LEG_02_6",2000-01-02T00:05:00Z,2000-01-03T00:52:00Z
D0061,C0029,"LEG_01_43,LEG_01_47,LEG_01_39,LEG_01_40",2000-01-01T12:07:00Z,2000-01-02T00:23:00Z
D0062,C0030,"LEG_01_7,LEG_01_8,LEG_01_56,LEG_01_44",2000-01-01T12:23:00Z,2000-01-02T00:14:00Z
D0063,C0031,"LEG_01_37,LEG_01_38,LEG_01_17,LEG_01_18",2000-01-01T09:51:00Z,2000-01-01T18:58:00Z
D0064,C0032,"LEG_01_51,LEG_01_52,LEG_01_3,LEG_01_4",2000-01-01T13:35:00Z,2000-01-02T00:52:00Z
D0065,C0033,"LEG_01_20,LEG_01_21,LEG_01_28,LEG_01_27",2000-01-01T15:36:00Z,2000-01-02T02:19:00Z
D0066,C0034,"LEG_18_22,LEG_18_23,LEG_18_30,LEG_18_36",2000-01-18T15:36:00Z,2000-01-19T02:22:00Z
D0067,C0034,"LEG_19_25,LEG_19_28,LEG_19_41,LEG_19_26",2000-01-19T12:15:00Z,2000-01-20T01:22:00Z
D0068,C0034,LEG_20_35,2000-01-20T11:05:00Z,2000-01-20T13:58:00Z
D0069,C0035,"LEG_18_63,LEG_18_8",2000-01-18T00:35:00Z,2000-01-18T12:15:00Z
D0070,C0036,"LEG_18_5,LEG_18_61",2000-01-18T00:31:00Z,2000-01-18T12:14:00Z
D0071,C0037,"LEG_18_46,LEG_18_43",2000-01-18T00:16:00Z,2000-01-18T12:23:00Z
D0072,C0038,"LEG_18_58,LEG_18_18",2000-01-18T09:59:00Z,2000-01-18T13:46:00Z
D0073,C0039,"LEG_18_9,LEG_18_10,LEG_18_59,LEG_18_45",2000-01-18T12:23:00Z,2000-01-19T00:14:00Z
D0074,C0040,"LEG_15_49,LEG_15_46,LEG_15_15",2000-01-15T16:52:00Z,2000-01-16T01:29:00Z
D0075,C0040,"LEG_17_27,LEG_17_52,LEG_17_60,LEG_17_56",2000-01-17T09:15:00Z,2000-01-17T19:49:00Z
D0076,C0040,"LEG_18_51,LEG_18_44,LEG_18_49",2000-01-18T09:25:00Z,2000-01-18T17:17:00Z
D0077,C0011,"LEG_15_57,LEG_15_18,LEG_15_52",2000-01-15T09:59:00Z,2000-01-15T16:17:00Z
D0078,C0011,"LEG_16_51,LEG_16_44,LEG_16_49,LEG_16_56",2000-01-16T09:25:00Z,2000-01-16T19:49:00Z
D0079,C0011,"LEG_17_51,LEG_17_44,LEG_17_49",2000-01-17T09:25:00Z,2000-01-17T17:17:00Z
D0080,C0012,"LEG_15_37,LEG_15_38,LEG_15_22,LEG_15_23,LEG_15_29",2000-01-15T09:51:00Z,2000-01-15T22:56:00Z
D0081,C0012,"LEG_16_16,LEG_16_25,LEG_16_26,LEG_16_24,LEG_16_29",2000-01-16T15:40:00Z,2000-01-17T02:19:00Z
D0082,C0013,"LEG_15_9,LEG_15_10,LEG_15_58,LEG_15_44",2000-01-15T12:23:00Z,2000-01-16T00:14:00Z
D0083,C0014,"LEG_15_62,LEG_15_8",2000-01-15T00:35:00Z,2000-01-15T12:15:00Z
D0084,C0015,"LEG_15_5,LEG_15_60",2000-01-15T00:31:00Z,2000-01-15T12:14:00Z
D0085,C0016,"LEG_15_45,LEG_15_42",2000-01-15T00:16:00Z,2000-01-15T12:23:00Z
D0086,C0017,"LEG_27_30,LEG_27_31,LEG_27_3,LEG_27_4",2000-01-27T14:41:00Z,2000-01-28T01:39:00Z
D0087,C0017,"LEG_28_40,LEG_28_48,LEG_28_28,LEG_28_47,LEG_28_46",2000-01-28T01:05:00Z,2000-01-29T00:00:00Z
D0088,C0017,"LEG_29_44,LEG_29_45",2000-01-29T10:25:00Z,2000-01-29T15:56:00Z
D0089,C0017,"LEG_30_36,LEG_30_51,LEG_30_42",2000-01-30T12:05:00Z,2000-01-30T19:52:00Z
D0090,C0018,LEG_27_6,2000-01-27T14:27:00Z,2000-01-27T17:37:00Z
D0091,C0018,"LEG_28_10,LEG_28_25",2000-01-28T03:20:00Z,2000-01-28T16:19:00Z
D0092,C0018,"LEG_29_10,LEG_29_25",2000-01-29T03:20:00Z,2000-01-29T16:19:00Z
D0093,C0018,"LEG_30_38,LEG_30_32",2000-01-30T00:35:00Z,2000-01-30T13:44:00Z
D0094,C0019,LEG_27_8,2000-01-27T16:44:00Z,2000-01-27T19:56:00Z
D0095,C0019,"LEG_28_23,LEG_28_24,LEG_28_26,LEG_28_6",2000-01-27T23:15:00Z,2000-01-29T02:25:00Z
D0096,C0019,"LEG_29_3,LEG_29_51,LEG_29_42",2000-01-29T11:25:00Z,2000-01-29T19:52:00Z
D0097,C0020,"LEG_27_45,LEG_27_25,LEG_27_28,LEG_27_13",2000-01-27T13:31:00Z,2000-01-27T23:46:00Z
D0098,C0020,"LEG_28_53,LEG_28_50,LEG_28_37,LEG_28_39,LEG_28_43,LEG_28_41",2000-01-27T23:21:00Z,2000-01-29T01:06:00Z
D0099,C0021,LEG_03_3,2000-01-03T22:16:00Z,2000-01-04T01:22:00Z
D0100,C0021,"LEG_04_2,LEG_04_19,LEG_04_20,LEG_04_32",2000-01-04T10:30:00Z,2000-01-04T23:44:00Z
D0101,C0021,"LEG_05_35,LEG_05_48",2000-01-05T12:25:00Z,2000-01-05T19:49:00Z
D0102,C0021,"LEG_06_46,LEG_06_37,LEG_06_41",2000-01-06T09:25:00Z,2000-01-06T17:17:00Z
D0103,C0022,"LEG_03_38,LEG_03_39,LEG_03_56",2000-01-03T09:51:00Z,2000-01-03T19:49:00Z
D0104,C0022,"LEG_04_51,LEG_04_28,LEG_04_33",2000-01-04T09:25:00Z,2000-01-04T17:14:00Z
D0105,C0022,"LEG_05_19,LEG_05_25,LEG_05_22,LEG_05_23",2000-01-05T01:45:00Z,2000-01-06T00:23:00Z
D0106,C0023,"LEG_03_58,LEG_03_18,LEG_03_50,LEG_03_47",2000-01-03T09:59:00Z,2000-01-03T22:31:00Z
D0107,C0024,"LEG_03_22,LEG_03_23,LEG_03_30,LEG_03_29",2000-01-03T15:36:00Z,2000-01-04T02:19:00Z
D0108,C0025,"LEG_03_28,LEG_03_33,LEG_03_31,LEG_03_42,LEG_03_62",2000-01-03T12:09:00Z,2000-01-04T00:50:00Z
D0109,C0026,"LEG_03_9,LEG_03_10,LEG_03_59,LEG_03_45",2000-01-03T12:23:00Z,2000-01-04T00:14:00Z
D0110,C0027,"LEG_03_63,LEG_03_8",2000-01-03T00:35:00Z,2000-01-03T12:15:00Z
D0111,C0028,"LEG_03_46,LEG_03_43",2000-01-03T00:16:00Z,2000-01-03T12:23:00Z
D0112,C0029,"LEG_03_5,LEG_03_61",2000-01-03T00:31:00Z,2000-01-03T12:14:00Z
D0113,C0045,"LEG_12_20,LEG_12_28,LEG_12_34,LEG_12_1",2000-01-12T01:45:00Z,2000-01-12T23:03:00Z
D0114,C0045,"LEG_13_36,LEG_13_1,LEG_13_47",2000-01-12T23:35:00Z,2000-01-13T16:17:00Z
D0115,C0045,"LEG_14_51,LEG_14_28,LEG_14_33",2000-01-14T09:25:00Z,2000-01-14T17:14:00Z
D0116,C0030,LEG_16_3,2000-01-16T22:16:00Z,2000-01-17T01:22:00Z
D0117,C0030,"LEG_17_2,LEG_17_19,LEG_17_20,LEG_17_32",2000-01-17T10:30:00Z,2000-01-17T23:44:00Z
D0118,C0030,"LEG_18_48,LEG_18_50,LEG_18_47,LEG_18_15",2000-01-18T12:25:00Z,2000-01-19T01:29:00Z
D0119,C0030,"LEG_19_23,LEG_19_9",2000-01-19T17:11:00Z,2000-01-19T22:19:00Z
D0120,C0031,"LEG_16_42,LEG_16_62",2000-01-16T20:35:00Z,2000-01-17T00:50:00Z
D0121,C0031,"LEG_17_54,LEG_17_57,LEG_17_3",2000-01-17T00:05:00Z,2000-01-18T01:22:00Z
D0122,C0031,"LEG_18_2,LEG_18_32",2000-01-18T10:30:00Z,2000-01-18T23:44:00Z
D0123,C0031,"LEG_19_35,LEG_19_36,LEG_19_34",2000-01-19T12:25:00Z,2000-01-19T22:31:00Z
D0124,C0032,"LEG_16_22,LEG_16_23,LEG_16_30,LEG_16_36",2000-01-16T15:36:00Z,2000-01-17T02:22:00Z
D0125,C0032,"LEG_17_37,LEG_17_16,LEG_17_25,LEG_17_23,LEG_17_30",2000-01-17T12:15:00Z,2000-01-17T22:56:00Z
D0126,C0032,"LEG_18_7,LEG_18_11,LEG_18_12",2000-01-18T15:32:00Z,2000-01-19T00:35:00Z
D0127,C0032,LEG_19_4,2000-01-19T00:15:00Z,2000-01-19T02:41:00Z
D0128,C0033,"LEG_16_28,LEG_16_33,LEG_16_31,LEG_16_32",2000-01-16T12:09:00Z,2000-01-16T23:44:00Z
D0129,C0033,"LEG_17_48,LEG_17_50,LEG_17_47,LEG_17_15",2000-01-17T12:25:00Z,2000-01-18T01:29:00Z
D0130,C0033,"LEG_19_14,LEG_19_38,LEG_19_39",2000-01-19T12:20:00Z,2000-01-20T00:04:00Z
D0131,C0034,"LEG_16_50,LEG_16_47,LEG_16_15",2000-01-16T16:52:00Z,2000-01-17T01:29:00Z
D0132,C0034,"LEG_18_27,LEG_18_52,LEG_18_60,LEG_18_56",2000-01-18T09:15:00Z,2000-01-18T19:49:00Z
D0133,C0034,"LEG_19_44,LEG_19_45,LEG_19_47",2000-01-19T09:25:00Z,2000-01-19T18:48:00Z
D0134,C0035,"LEG_16_58,LEG_16_18",2000-01-16T09:59:00Z,2000-01-16T13:46:00Z
D0135,C0036,"LEG_16_46,LEG_16_43",2000-01-16T00:16:00Z,2000-01-16T12:23:00Z
D0136,C0037,"LEG_16_63,LEG_16_8",2000-01-16T00:35:00Z,2000-01-16T12:15:00Z
D0137,C0038,"LEG_16_5,LEG_16_61",2000-01-16T00:31:00Z,2000-01-16T12:14:00Z
D0138,C0005,LEG_21_29,2000-01-21T23:05:00Z,2000-01-22T02:19:00Z
D0139,C0005,"LEG_22_20,LEG_22_25,LEG_22_23,LEG_22_27",2000-01-22T13:25:00Z,2000-01-23T02:19:00Z
D0140,C0005,"LEG_23_21,LEG_23_26,LEG_23_24,LEG_23_36",2000-01-23T13:25:00Z,2000-01-24T02:22:00Z
D0141,C0005,LEG_24_37,2000-01-24T12:15:00Z,2000-01-24T15:40:00Z
D0142,C0006,"LEG_21_16,LEG_21_25,LEG_21_26,LEG_21_24,LEG_21_36",2000-01-21T15:40:00Z,2000-01-22T02:22:00Z
D0143,C0006,"LEG_22_35,LEG_22_16,LEG_22_24",2000-01-22T12:15:00Z,2000-01-22T19:12:00Z
D0144,C0046,LEG_23_13,2000-01-23T21:40:00Z,2000-01-23T23:43:00Z
D0145,C0046,"LEG_24_35,LEG_24_34,LEG_24_17,LEG_24_7,LEG_24_11",2000-01-23T23:25:00Z,2000-01-24T21:40:00Z
D0146,C0039,"LEG_08_27,LEG_08_32,LEG_08_30,LEG_08_31",2000-01-08T12:09:00Z,2000-01-08T23:44:00Z
D0147,C0039,"LEG_09_48,LEG_09_50,LEG_09_47,LEG_09_15",2000-01-09T12:25:00Z,2000-01-10T01:29:00Z
D0148,C0039,"LEG_11_27,LEG_11_9,LEG_11_10",2000-01-11T09:15:00Z,2000-01-11T19:04:00Z
D0149,C0040,"LEG_08_51,LEG_08_59,LEG_08_55,LEG_08_56,LEG_08_3",2000-01-08T12:11:00Z,2000-01-09T01:22:00Z
D0150,C0040,"LEG_09_2,LEG_09_22",2000-01-09T10:30:00Z,2000-01-09T18:50:00Z
D0151,C0040,"LEG_10_16,LEG_10_25,LEG_10_26,LEG_10_24,LEG_10_29",2000-01-10T15:40:00Z,2000-01-11T02:19:00Z
D0152,C0011,"LEG_08_57,LEG_08_18,LEG_08_52",2000-01-08T09:59:00Z,2000-01-08T16:17:00Z
D0153,C0011,"LEG_09_51,LEG_09_44,LEG_09_49,LEG_09_56",2000-01-09T09:25:00Z,2000-01-09T19:49:00Z
D0154,C0011,"LEG_10_51,LEG_10_28,LEG_10_33,LEG_10_31",2000-01-10T09:25:00Z,2000-01-10T20:32:00Z
D0155,C0012,"LEG_08_49,LEG_08_46,LEG_08_15",2000-01-08T16:52:00Z,2000-01-09T01:29:00Z
D0156,C0012,LEG_10_27,2000-01-10T09:15:00Z,2000-01-10T12:22:00Z
D0157,C0013,"LEG_08_37,LEG_08_38,LEG_08_22,LEG_08_23,LEG_08_29",2000-01-08T09:51:00Z,2000-01-08T22:56:00Z
D0158,C0013,"LEG_09_16,LEG_09_25,LEG_09_23,LEG_09_30,LEG_09_29",2000-01-09T15:40:00Z,2000-01-10T02:19:00Z
D0159,C0014,"LEG_08_9,LEG_08_10,LEG_08_41,LEG_08_61",2000-01-08T12:23:00Z,2000-01-09T00:50:00Z
D0160,C0015,"LEG_08_5,LEG_08_60",2000-01-08T00:31:00Z,2000-01-08T12:14:00Z
D0161,C0016,"LEG_08_45,LEG_08_42",2000-01-08T00:16:00Z,2000-01-08T12:23:00Z
D0162,C0017,"LEG_08_62,LEG_08_8",2000-01-08T00:35:00Z,2000-01-08T12:15:00Z
D0163,C0047,LEG_07_13,2000-01-07T21:40:00Z,2000-01-07T23:43:00Z
D0164,C0047,"LEG_08_34,LEG_08_33,LEG_08_17,LEG_08_7,LEG_08_11",2000-01-07T23:25:00Z,2000-01-08T21:40:00Z
D0165,C0018,"LEG_14_40,LEG_14_41",2000-01-14T18:50:00Z,2000-01-15T00:23:00Z
D0166,C0018,"LEG_15_53,LEG_15_54,LEG_15_39,LEG_15_40",2000-01-15T00:05:00Z,2000-01-16T00:23:00Z
D0167,C0018,"LEG_16_54,LEG_16_55,LEG_16_4,LEG_16_6",2000-01-16T00:05:00Z,2000-01-17T00:52:00Z
D0168,C0019,"LEG_14_52,LEG_14_60,LEG_14_56,LEG_14_57,LEG_14_3",2000-01-14T12:11:00Z,2000-01-15T01:22:00Z
D0169,C0019,"LEG_15_2,LEG_15_19,LEG_15_20,LEG_15_31",2000-01-15T10:30:00Z,2000-01-15T23:44:00Z
D0170,C0019,"LEG_16_48,LEG_16_40,LEG_16_41",2000-01-16T12:25:00Z,2000-01-17T00:23:00Z
D0171,C0020,"LEG_14_58,LEG_14_18,LEG_14_53",2000-01-14T09:59:00Z,2000-01-14T16:17:00Z
D0172,C0020,"LEG_15_50,LEG_15_43,LEG_15_48",2000-01-15T09:25:00Z,2000-01-15T17:17:00Z
D0173,C0021,"LEG_14_9,LEG_14_10,LEG_14_59,LEG_14_45",2000-01-14T12:23:00Z,2000-01-15T00:14:00Z
D0174,C0022,"LEG_14_5,LEG_14_61",2000-01-14T00:31:00Z,2000-01-14T12:14:00Z
D0175,C0023,"LEG_14_46,LEG_14_43",2000-01-14T00:16:00Z,2000-01-14T12:23:00Z
D0176,C0024,"LEG_14_63,LEG_14_8",2000-01-14T00:35:00Z,2000-01-14T12:15:00Z
D0177,C0041,LEG_21_12,2000-01-21T21:35:00Z,2000-01-22T00:35:00Z
D0178,C0041,"LEG_22_1,LEG_22_26,LEG_22_31,LEG_22_29,LEG_22_40,LEG_22_60",2000-01-22T00:15:00Z,2000-01-23T00:50:00Z
D0179,C0041,"LEG_23_28,LEG_23_33,LEG_23_31,LEG_23_42,LEG_23_62",2000-01-23T12:09:00Z,2000-01-24T00:50:00Z
D0180,C0041,"LEG_24_58,LEG_24_18,LEG_24_21,LEG_24_0,LEG_24_14",2000-01-24T09:59:00Z,2000-01-24T22:05:00Z
D0181,C0042,LEG_21_13,2000-01-21T21:40:00Z,2000-01-21T23:43:00Z
D0182,C0042,"LEG_22_33,LEG_22_32",2000-01-21T23:25:00Z,2000-01-22T04:04:00Z
D0183,C0042,"LEG_23_17,LEG_23_7,LEG_23_11",2000-01-23T13:00:00Z,2000-01-23T21:40:00Z
D0184,C0025,"LEG_13_54,LEG_13_44,LEG_13_19,LEG_13_24,LEG_13_29",2000-01-13T13:28:00Z,2000-01-14T02:22:00Z
D0185,C0025,"LEG_14_37,LEG_14_16,LEG_14_25,LEG_14_26,LEG_14_24",2000-01-14T12:15:00Z,2000-01-14T23:29:00Z
D0186,C0025,"LEG_15_0,LEG_15_14,LEG_15_12",2000-01-15T17:15:00Z,2000-01-16T00:35:00Z
D0187,C0025,LEG_16_1,2000-01-16T00:15:00Z,2000-01-16T02:41:00Z
D0188,C0026,"LEG_13_42,LEG_13_40,LEG_13_16",2000-01-13T16:52:00Z,2000-01-14T01:29:00Z
D0189,C0026,"LEG_16_52,LEG_16_60",2000-01-16T12:11:00Z,2000-01-16T15:42:00Z
D0190,C0027,"LEG_13_22,LEG_13_27,LEG_13_25,LEG_13_26",2000-01-13T12:09:00Z,2000-01-13T23:44:00Z
D0191,C0027,"LEG_14_48,LEG_14_50,LEG_14_47,LEG_14_15",2000-01-14T12:25:00Z,2000-01-15T01:29:00Z
D0192,C0027,"LEG_16_27,LEG_16_9,LEG_16_10",2000-01-16T09:15:00Z,2000-01-16T19:04:00Z
D0193,C0028,"LEG_13_9,LEG_13_10,LEG_13_8,LEG_13_31",2000-01-13T12:23:00Z,2000-01-14T00:53:00Z
D0194,C0029,"LEG_13_34,LEG_13_28",2000-01-13T00:32:00Z,2000-01-13T12:41:00Z
D0195,C0030,"LEG_13_39,LEG_13_43,LEG_13_53,LEG_13_38",2000-01-13T12:34:00Z,2000-01-14T00:14:00Z
D0196,C0007,"LEG_22_0,LEG_22_14,LEG_22_13",2000-01-22T17:15:00Z,2000-01-22T23:43:00Z
D0197,C0007,"LEG_23_35,LEG_23_34",2000-01-22T23:25:00Z,2000-01-23T04:04:00Z
D0198,C0031,"LEG_20_22,LEG_20_27,LEG_20_25,LEG_20_26",2000-01-20T12:09:00Z,2000-01-20T23:44:00Z
D0199,C0031,"LEG_21_48,LEG_21_50,LEG_21_47,LEG_21_15",2000-01-21T12:25:00Z,2000-01-22T01:29:00Z
D0200,C0031,"LEG_23_27,LEG_23_9,LEG_23_10",2000-01-23T09:15:00Z,2000-01-23T19:04:00Z
D0201,C0032,LEG_20_16,2000-01-20T22:11:00Z,2000-01-21T01:29:00Z
D0202,C0032,"LEG_23_44,LEG_23_49",2000-01-23T12:07:00Z,2000-01-23T17:17:00Z
D0203,C0033,"LEG_20_48,LEG_20_49,LEG_20_32,LEG_20_33",2000-01-20T00:05:00Z,2000-01-21T00:23:00Z
D0204,C0033,"LEG_21_54,LEG_21_55,LEG_21_42,LEG_21_62",2000-01-21T00:05:00Z,2000-01-22T00:50:00Z
D0205,C0034,"LEG_20_39,LEG_20_43,LEG_20_53,LEG_20_38",2000-01-20T12:34:00Z,2000-01-21T00:14:00Z
D0206,C0035,"LEG_20_9,LEG_20_10,LEG_20_8,LEG_20_31",2000-01-20T12:23:00Z,2000-01-21T00:53:00Z
D0207,C0036,"LEG_20_34,LEG_20_28",2000-01-20T00:32:00Z,2000-01-20T12:41:00Z
D0208,C0037,"LEG_30_33,LEG_30_35,LEG_30_34,LEG_30_15",2000-01-30T13:34:00Z,2000-01-30T23:46:00Z
D0209,C0037,"LEG_31_53,LEG_31_50,LEG_31_37,LEG_31_39,LEG_31_43,LEG_31_41",2000-01-30T23:21:00Z,2000-02-01T01:06:00Z
D0210,C0038,"LEG_30_4,LEG_30_5",2000-01-30T19:35:00Z,2000-01-31T01:39:00Z
D0211,C0038,"LEG_31_40,LEG_31_48,LEG_31_28,LEG_31_47",2000-01-31T01:05:00Z,2000-01-31T21:32:00Z
D0212,C0039,"LEG_10_52,LEG_10_60,LEG_10_56,LEG_10_57,LEG_10_3",2000-01-10T12:11:00Z,2000-01-11T01:22:00Z
D0213,C0039,"LEG_11_2,LEG_11_53,LEG_11_55,LEG_11_32",2000-01-11T10:30:00Z,2000-01-11T23:44:00Z
D0214,C0039,"LEG_12_38,LEG_12_51",2000-01-12T12:25:00Z,2000-01-12T19:49:00Z
D0215,C0039,"LEG_13_46,LEG_13_37,LEG_13_41",2000-01-13T09:25:00Z,2000-01-13T17:17:00Z
D0216,C0040,"LEG_10_58,LEG_10_18,LEG_10_53",2000-01-10T09:59:00Z,2000-01-10T16:17:00Z
D0217,C0040,"LEG_11_51,LEG_11_52,LEG_11_60,LEG_11_56",2000-01-11T09:25:00Z,2000-01-11T19:49:00Z
D0218,C0040,"LEG_12_47,LEG_12_12,LEG_12_13",2000-01-12T09:25:00Z,2000-01-12T19:04:00Z
D0219,C0011,"LEG_10_46,LEG_10_43",2000-01-10T00:16:00Z,2000-01-10T12:23:00Z
D0220,C0012,"LEG_10_63,LEG_10_8",2000-01-10T00:35:00Z,2000-01-10T12:15:00Z
D0221,C0013,"LEG_10_5,LEG_10_61",2000-01-10T00:31:00Z,2000-01-10T12:14:00Z
D0222,C0014,"LEG_10_9,LEG_10_10,LEG_10_59,LEG_10_45",2000-01-10T12:23:00Z,2000-01-11T00:14:00Z
D0223,C0015,"LEG_10_42,LEG_10_62",2000-01-10T20:35:00Z,2000-01-11T00:50:00Z
D0224,C0008,"LEG_05_43,LEG_05_2,LEG_05_8",2000-01-05T18:37:00Z,2000-01-06T03:01:00Z
D0225,C0008,LEG_06_51,2000-01-06T12:00:00Z,2000-01-06T15:35:00Z
D0226,C0009,"LEG_11_16,LEG_11_25,LEG_11_23,LEG_11_30,LEG_11_29",2000-01-11T15:40:00Z,2000-01-12T02:19:00Z
D0227,C0009,"LEG_12_36,LEG_12_40,LEG_12_10",2000-01-12T12:34:00Z,2000-01-12T22:49:00Z
D0228,C0009,"LEG_13_30,LEG_13_3,LEG_13_5",2000-01-13T13:20:00Z,2000-01-14T00:52:00Z
D0229,C0009,"LEG_14_38,LEG_14_39,LEG_14_21",2000-01-14T09:51:00Z,2000-01-14T16:32:00Z
D0230,C0010,"LEG_19_43,LEG_19_2,LEG_19_8",2000-01-19T18:37:00Z,2000-01-20T03:01:00Z
D0231,C0010,LEG_20_51,2000-01-20T12:00:00Z,2000-01-20T15:35:00Z
D0232,C0001,"LEG_02_0,LEG_02_14,LEG_02_12",2000-01-02T17:15:00Z,2000-01-03T00:35:00Z
D0233,C0001,"LEG_03_1,LEG_03_53,LEG_03_57,LEG_03_15",2000-01-03T00:15:00Z,2000-01-04T01:29:00Z
D0234,C0001,"LEG_05_13,LEG_05_15",2000-01-05T12:20:00Z,2000-01-05T18:44:00Z
D0235,C0002,"LEG_02_16,LEG_02_25,LEG_02_26,LEG_02_24,LEG_02_35",2000-01-02T15:40:00Z,2000-01-03T02:22:00Z
D0236,C0002,"LEG_03_37,LEG_03_16,LEG_03_25",2000-01-03T12:15:00Z,2000-01-03T19:12:00Z
D0237,C0043,LEG_28_13,2000-01-28T22:35:00Z,2000-01-29T00:45:00Z
D0238,C0043,"LEG_29_29,LEG_29_11,LEG_29_54,LEG_29_8,LEG_29_22",2000-01-29T00:25:00Z,2000-01-29T23:44:00Z
D0239,C0043,"LEG_30_23,LEG_30_6",2000-01-29T23:15:00Z,2000-01-31T02:25:00Z
D0240,C0043,"LEG_31_3,LEG_31_7,LEG_31_0,LEG_31_14",2000-01-31T11:25:00Z,2000-01-31T23:05:00Z
D0241,C0044,"LEG_28_30,LEG_28_20",2000-01-28T02:50:00Z,2000-01-28T14:26:00Z
D0242,C0016,"LEG_07_22,LEG_07_23,LEG_07_30,LEG_07_36",2000-01-07T15:36:00Z,2000-01-08T02:22:00Z
D0243,C0016,"LEG_08_36,LEG_08_16,LEG_08_25,LEG_08_26,LEG_08_24",2000-01-08T12:15:00Z,2000-01-08T23:29:00Z
D0244,C0016,"LEG_09_0,LEG_09_14,LEG_09_12",2000-01-09T17:15:00Z,2000-01-10T00:35:00Z
D0245,C0016,LEG_10_1,2000-01-10T00:15:00Z,2000-01-10T02:41:00Z
D0246,C0017,"LEG_07_46,LEG_07_43",2000-01-07T00:16:00Z,2000-01-07T12:23:00Z
D0247,C0018,"LEG_07_63,LEG_07_8",2000-01-07T00:35:00Z,2000-01-07T12:15:00Z
D0248,C0019,"LEG_07_5,LEG_07_61",2000-01-07T00:31:00Z,2000-01-07T12:14:00Z
D0249,C0020,"LEG_07_44,LEG_07_49,LEG_07_4,LEG_07_6",2000-01-07T12:07:00Z,2000-01-08T00:52:00Z
D0250,C0021,"LEG_07_28,LEG_07_33,LEG_07_31,LEG_07_42,LEG_07_62",2000-01-07T12:09:00Z,2000-01-08T00:50:00Z
D0251,C0022,"LEG_07_9,LEG_07_10,LEG_07_59,LEG_07_45",2000-01-07T12:23:00Z,2000-01-08T00:14:00Z
D0252,C0023,"LEG_07_58,LEG_07_18",2000-01-07T09:59:00Z,2000-01-07T13:46:00Z
D0253,C0045,LEG_16_12,2000-01-16T21:35:00Z,2000-01-17T00:35:00Z
D0254,C0045,"LEG_17_1,LEG_17_53,LEG_17_55,LEG_17_4,LEG_17_6",2000-01-17T00:15:00Z,2000-01-18T00:52:00Z
D0255,C0045,"LEG_18_28,LEG_18_33,LEG_18_31,LEG_18_42,LEG_18_62",2000-01-18T12:09:00Z,2000-01-19T00:50:00Z
D0256,C0045,"LEG_19_17,LEG_19_19",2000-01-19T12:09:00Z,2000-01-19T17:14:00Z
D0257,C0046,LEG_16_13,2000-01-16T21:40:00Z,2000-01-16T23:43:00Z
D0258,C0046,"LEG_17_35,LEG_17_34,LEG_17_17,LEG_17_7,LEG_17_11",2000-01-16T23:25:00Z,2000-01-17T21:40:00Z
D0259,C0024,"LEG_19_12,LEG_19_13,LEG_19_10",2000-01-19T12:23:00Z,2000-01-19T22:49:00Z
D0260,C0024,"LEG_20_30,LEG_20_42,LEG_20_40,LEG_20_2",2000-01-20T13:20:00Z,2000-01-21T01:22:00Z
D0261,C0024,"LEG_21_2,LEG_21_53",2000-01-21T10:30:00Z,2000-01-21T16:17:00Z
D0262,C0024,"LEG_22_49,LEG_22_42,LEG_22_47",2000-01-22T09:25:00Z,2000-01-22T17:17:00Z
D0263,C0025,"LEG_19_22,LEG_19_24,LEG_19_48",2000-01-19T12:27:00Z,2000-01-19T19:49:00Z
D0264,C0025,"LEG_20_46,LEG_20_37,LEG_20_41,LEG_20_50",2000-01-20T09:25:00Z,2000-01-20T19:49:00Z
D0265,C0025,"LEG_21_51,LEG_21_44,LEG_21_49",2000-01-21T09:25:00Z,2000-01-21T17:17:00Z
D0266,C0026,"LEG_19_52,LEG_19_11",2000-01-19T00:35:00Z,2000-01-19T12:15:00Z
D0267,C0027,"LEG_19_7,LEG_19_51",2000-01-19T00:31:00Z,2000-01-19T12:14:00Z
D0268,C0028,"LEG_19_32,LEG_19_29",2000-01-19T00:16:00Z,2000-01-19T12:23:00Z
D0269,C0029,"LEG_28_55,LEG_28_27,LEG_28_17",2000-01-28T11:00:00Z,2000-01-28T19:19:00Z
D0270,C0029,"LEG_29_36,LEG_29_7",2000-01-29T12:05:00Z,2000-01-29T17:37:00Z
D0271,C0029,"LEG_30_10,LEG_30_25",2000-01-30T03:20:00Z,2000-01-30T16:19:00Z
D0272,C0029,LEG_31_32,2000-01-31T11:15:00Z,2000-01-31T13:44:00Z
D0273,C0030,"LEG_28_51,LEG_28_42,LEG_28_4,LEG_28_5",2000-01-28T14:40:00Z,2000-01-29T01:39:00Z
D0274,C0031,"LEG_28_45,LEG_28_58,LEG_28_18",2000-01-28T13:07:00Z,2000-01-29T00:28:00Z
D0275,C0031,"LEG_29_16,LEG_29_49,LEG_29_19,LEG_29_57",2000-01-29T13:30:00Z,2000-01-30T00:29:00Z
D0276,C0031,"LEG_30_56,LEG_30_28,LEG_30_47,LEG_30_18",2000-01-30T13:15:00Z,2000-01-31T00:28:00Z
D0277,C0031,"LEG_31_16,LEG_31_17,LEG_31_58",2000-01-31T13:30:00Z,2000-01-31T21:46:00Z
D0278,C0032,"LEG_21_40,LEG_21_41",2000-01-21T18:50:00Z,2000-01-22T00:23:00Z
D0279,C0032,"LEG_22_52,LEG_22_53,LEG_22_57,LEG_22_43",2000-01-22T00:05:00Z,2000-01-23T00:14:00Z
D0280,C0032,"LEG_23_54,LEG_23_55,LEG_23_4,LEG_23_6",2000-01-23T00:05:00Z,2000-01-24T00:52:00Z
D0281,C0032,"LEG_24_63,LEG_24_60,LEG_24_59,LEG_24_45",2000-01-24T00:35:00Z,2000-01-25T00:14:00Z
D0282,C0033,"LEG_21_28,LEG_21_33,LEG_21_31,LEG_21_32",2000-01-21T12:09:00Z,2000-01-21T23:44:00Z
D0283,C0033,"LEG_22_46,LEG_22_48,LEG_22_45,LEG_22_15",2000-01-22T12:25:00Z,2000-01-23T01:29:00Z
D0284,C0033,"LEG_24_27,LEG_24_9,LEG_24_10",2000-01-24T09:15:00Z,2000-01-24T19:04:00Z
D0285,C0034,"LEG_21_52,LEG_21_60,LEG_21_56,LEG_21_57,LEG_21_3",2000-01-21T12:11:00Z,2000-01-22T01:22:00Z
D0286,C0034,"LEG_22_2,LEG_22_18,LEG_22_19,LEG_22_30",2000-01-22T10:30:00Z,2000-01-22T23:44:00Z
D0287,C0034,"LEG_23_48,LEG_23_59,LEG_23_45",2000-01-23T12:25:00Z,2000-01-24T00:14:00Z
D0288,C0035,"LEG_21_58,LEG_21_18,LEG_21_22,LEG_21_23,LEG_21_30",2000-01-21T09:59:00Z,2000-01-21T22:56:00Z
D0289,C0035,"LEG_22_7,LEG_22_11,LEG_22_12",2000-01-22T15:32:00Z,2000-01-23T00:35:00Z
D0290,C0035,LEG_23_1,2000-01-23T00:15:00Z,2000-01-23T02:41:00Z
D0291,C0036,"LEG_21_63,LEG_21_8",2000-01-21T00:35:00Z,2000-01-21T12:15:00Z
D0292,C0037,"LEG_21_46,LEG_21_43",2000-01-21T00:16:00Z,2000-01-21T12:23:00Z
D0293,C0038,"LEG_21_5,LEG_21_61",2000-01-21T00:31:00Z,2000-01-21T12:14:00Z
D0294,C0039,"LEG_21_9,LEG_21_10,LEG_21_59,LEG_21_45",2000-01-21T12:23:00Z,2000-01-22T00:14:00Z
D0295,C0040,"LEG_06_9,LEG_06_10,LEG_06_16",2000-01-06T12:23:00Z,2000-01-07T01:29:00Z
D0296,C0040,"LEG_09_27,LEG_09_9,LEG_09_10",2000-01-09T09:15:00Z,2000-01-09T19:04:00Z
D0297,C0011,"LEG_06_22,LEG_06_27,LEG_06_25,LEG_06_26",2000-01-06T12:09:00Z,2000-01-06T23:44:00Z
D0298,C0011,"LEG_07_48,LEG_07_50,LEG_07_47,LEG_07_15",2000-01-07T12:25:00Z,2000-01-08T01:29:00Z
D0299,C0011,"LEG_09_52,LEG_09_60",2000-01-09T12:11:00Z,2000-01-09T15:42:00Z
D0300,C0012,"LEG_06_32,LEG_06_33",2000-01-06T18:50:00Z,2000-01-07T00:23:00Z
D0301,C0012,"LEG_07_54,LEG_07_55,LEG_07_40,LEG_07_41",2000-01-07T00:05:00Z,2000-01-08T00:23:00Z
D0302,C0012,"LEG_08_53,LEG_08_54,LEG_08_39,LEG_08_40",2000-01-08T00:05:00Z,2000-01-09T00:23:00Z
D0303,C0012,"LEG_09_54,LEG_09_55,LEG_09_4,LEG_09_6",2000-01-09T00:05:00Z,2000-01-10T00:52:00Z
D0304,C0013,"LEG_06_54,LEG_06_44,LEG_06_23",2000-01-06T13:28:00Z,2000-01-07T02:19:00Z
D0305,C0014,"LEG_06_34,LEG_06_28",2000-01-06T00:32:00Z,2000-01-06T12:41:00Z
D0306,C0015,"LEG_06_39,LEG_06_43,LEG_06_53,LEG_06_38",2000-01-06T12:34:00Z,2000-01-07T00:14:00Z
D0307,C0003,"LEG_27_20,LEG_27_22,LEG_27_5",2000-01-27T15:50:00Z,2000-01-28T02:25:00Z
D0308,C0003,"LEG_28_3,LEG_28_49,LEG_28_19,LEG_28_57",2000-01-28T11:25:00Z,2000-01-29T00:29:00Z
D0309,C0003,"LEG_29_56,LEG_29_4,LEG_29_5",2000-01-29T13:15:00Z,2000-01-30T01:39:00Z
D0310,C0003,"LEG_30_55,LEG_30_27,LEG_30_17,LEG_30_26",2000-01-30T11:00:00Z,2000-01-30T22:00:00Z
D0311,C0004,LEG_27_26,2000-01-27T20:55:00Z,2000-01-28T00:44:00Z
D0312,C0004,"LEG_28_12,LEG_28_21,LEG_28_52,LEG_28_31",2000-01-28T00:15:00Z,2000-01-29T00:44:00Z
D0313,C0004,"LEG_29_12,LEG_29_21,LEG_29_52,LEG_29_1,LEG_29_2",2000-01-29T00:15:00Z,2000-01-30T00:06:00Z
D0314,C0047,LEG_17_12,2000-01-17T21:35:00Z,2000-01-18T00:35:00Z
D0315,C0047,"LEG_18_1,LEG_18_19,LEG_18_20,LEG_18_4,LEG_18_6",2000-01-18T00:15:00Z,2000-01-19T00:52:00Z
D0316,C0047,"LEG_19_3,LEG_19_0,LEG_19_15",2000-01-19T12:08:00Z,2000-01-19T23:17:00Z
D0317,C0047,"LEG_20_7,LEG_20_17,LEG_20_0,LEG_20_14",2000-01-20T11:35:00Z,2000-01-20T22:05:00Z
D0318,C0005,"LEG_23_0,LEG_23_14,LEG_23_12",2000-01-23T17:15:00Z,2000-01-24T00:35:00Z
D0319,C0005,"LEG_24_1,LEG_24_53,LEG_24_57,LEG_24_15",2000-01-24T00:15:00Z,2000-01-25T01:29:00Z
D0320,C0005,"LEG_26_10,LEG_26_13",2000-01-26T12:20:00Z,2000-01-26T18:44:00Z
D0321,C0006,LEG_23_29,2000-01-23T23:05:00Z,2000-01-24T02:19:00Z
D0322,C0006,"LEG_24_22,LEG_24_23,LEG_24_30,LEG_24_36",2000-01-24T15:36:00Z,2000-01-25T02:22:00Z
D0323,C0006,"LEG_25_37,LEG_25_16,LEG_25_25",2000-01-25T12:15:00Z,2000-01-25T19:12:00Z
D0324,C0007,LEG_15_28,2000-01-15T23:05:00Z,2000-01-16T02:19:00Z
D0325,C0007,"LEG_16_19,LEG_16_20,LEG_16_59,LEG_16_45",2000-01-16T13:32:00Z,2000-01-17T00:14:00Z
D0326,C0007,"LEG_17_9,LEG_17_10,LEG_17_59,LEG_17_45",2000-01-17T12:23:00Z,2000-01-18T00:14:00Z
D0327,C0007,"LEG_18_38,LEG_18_39,LEG_18_21",2000-01-18T09:51:00Z,2000-01-18T16:32:00Z
D0328,C0016,"LEG_23_40,LEG_23_41",2000-01-23T18:50:00Z,2000-01-24T00:23:00Z
D0329,C0016,"LEG_24_54,LEG_24_55,LEG_24_4,LEG_24_6",2000-01-24T00:05:00Z,2000-01-25T00:52:00Z
D0330,C0016,"LEG_25_63,LEG_25_60,LEG_25_50,LEG_25_47,LEG_25_15",2000-01-25T00:35:00Z,2000-01-26T01:29:00Z
D0331,C0016,"LEG_26_35,LEG_26_36",2000-01-26T15:37:00Z,2000-01-27T00:04:00Z
D0332,C0017,"LEG_23_58,LEG_23_18,LEG_23_53",2000-01-23T09:59:00Z,2000-01-23T16:17:00Z
D0333,C0017,"LEG_24_51,LEG_24_52",2000-01-24T09:25:00Z,2000-01-24T14:13:00Z
D0334,C0017,"LEG_25_8,LEG_25_52,LEG_25_56",2000-01-25T10:15:00Z,2000-01-25T19:49:00Z
D0335,C0017,"LEG_26_40,LEG_26_30,LEG_26_34",2000-01-26T09:25:00Z,2000-01-26T18:25:00Z
D0336,C0018,"LEG_23_50,LEG_23_47,LEG_23_15",2000-01-23T16:52:00Z,2000-01-24T01:29:00Z
D0337,C0018,"LEG_25_27,LEG_25_9,LEG_25_10",2000-01-25T09:15:00Z,2000-01-25T19:04:00Z
D0338,C0019,"LEG_23_63,LEG_23_8",2000-01-23T00:35:00Z,2000-01-23T12:15:00Z
D0339,C0020,"LEG_23_46,LEG_23_43",2000-01-23T00:16:00Z,2000-01-23T12:23:00Z
D0340,C0021,"LEG_23_5,LEG_23_61",2000-01-23T00:31:00Z,2000-01-23T12:14:00Z
D0341,C0008,"LEG_18_16,LEG_18_25,LEG_18_26,LEG_18_24,LEG_18_29",2000-01-18T15:40:00Z,2000-01-19T02:19:00Z
D0342,C0008,"LEG_19_33,LEG_19_37,LEG_19_50,LEG_19_31",2000-01-19T12:34:00Z,2000-01-20T00:14:00Z
D0343,C0008,"LEG_20_54,LEG_20_44,LEG_20_19,LEG_20_24,LEG_20_29",2000-01-20T13:28:00Z,2000-01-21T02:22:00Z
D0344,C0008,LEG_21_37,2000-01-21T12:15:00Z,2000-01-21T15:40:00Z
D0345,C0022,"LEG_02_51,LEG_02_59,LEG_02_55,LEG_02_56,LEG_02_3",2000-01-02T12:11:00Z,2000-01-03T01:22:00Z
D0346,C0022,"LEG_03_2,LEG_03_19,LEG_03_20,LEG_03_32",2000-01-03T10:30:00Z,2000-01-03T23:44:00Z
D0347,C0022,"LEG_04_48,LEG_04_50,LEG_04_47,LEG_04_15",2000-01-04T12:25:00Z,2000-01-05T01:29:00Z
D0348,C0022,"LEG_05_38,LEG_05_39",2000-01-05T15:37:00Z,2000-01-06T00:04:00Z
D0349,C0023,"LEG_02_57,LEG_02_18,LEG_02_22,LEG_02_23,LEG_02_29",2000-01-02T09:59:00Z,2000-01-02T22:56:00Z
D0350,C0023,"LEG_03_0,LEG_03_14,LEG_03_12",2000-01-03T17:15:00Z,2000-01-04T00:35:00Z
D0351,C0023,LEG_04_1,2000-01-04T00:15:00Z,2000-01-04T02:41:00Z
D0352,C0024,"LEG_02_39,LEG_02_40",2000-01-02T18:50:00Z,2000-01-03T00:23:00Z
D0353,C0024,"LEG_03_54,LEG_03_55,LEG_03_40,LEG_03_41",2000-01-03T00:05:00Z,2000-01-04T00:23:00Z
D0354,C0024,"LEG_04_54,LEG_04_55,LEG_04_4,LEG_04_6",2000-01-04T00:05:00Z,2000-01-05T00:52:00Z
D0355,C0025,"LEG_02_9,LEG_02_10,LEG_02_58,LEG_02_44",2000-01-02T12:23:00Z,2000-01-03T00:14:00Z
D0356,C0026,"LEG_02_5,LEG_02_60",2000-01-02T00:31:00Z,2000-01-02T12:14:00Z
D0357,C0027,"LEG_02_27,LEG_02_32,LEG_02_30,LEG_02_41,LEG_02_61",2000-01-02T12:09:00Z,2000-01-03T00:50:00Z
D0358,C0028,"LEG_02_62,LEG_02_8",2000-01-02T00:35:00Z,2000-01-02T12:15:00Z
D0359,C0029,"LEG_02_37,LEG_02_38,LEG_02_19,LEG_02_20",2000-01-02T09:51:00Z,2000-01-02T18:58:00Z
D0360,C0030,"LEG_02_45,LEG_02_42",2000-01-02T00:16:00Z,2000-01-02T12:23:00Z
D0361,C0031,"LEG_22_4,LEG_22_6",2000-01-22T18:27:00Z,2000-01-23T00:52:00Z
D0362,C0031,"LEG_23_60,LEG_23_56,LEG_23_57,LEG_23_3",2000-01-23T13:45:00Z,2000-01-24T01:22:00Z
D0363,C0031,"LEG_24_2,LEG_24_19,LEG_24_20,LEG_24_32",2000-01-24T10:30:00Z,2000-01-24T23:44:00Z
D0364,C0031,"LEG_25_48,LEG_25_4,LEG_25_6",2000-01-25T12:25:00Z,2000-01-26T00:52:00Z
D0365,C0032,"LEG_22_56,LEG_22_17,LEG_22_51",2000-01-22T09:59:00Z,2000-01-22T16:17:00Z
D0366,C0032,"LEG_23_51,LEG_23_52",2000-01-23T09:25:00Z,2000-01-23T14:13:00Z
D0367,C0032,"LEG_24_8,LEG_24_44,LEG_24_49,LEG_24_50,LEG_24_47",2000-01-24T10:15:00Z,2000-01-24T22:31:00Z
D0368,C0033,"LEG_22_21,LEG_22_22,LEG_22_28,LEG_22_34",2000-01-22T15:36:00Z,2000-01-23T02:22:00Z
D0369,C0033,"LEG_23_37,LEG_23_16,LEG_23_25,LEG_23_23,LEG_23_30",2000-01-23T12:15:00Z,2000-01-23T22:56:00Z
D0370,C0033,"LEG_24_16,LEG_24_25,LEG_24_26,LEG_24_24,LEG_24_29",2000-01-24T15:40:00Z,2000-01-25T02:19:00Z
D0371,C0034,"LEG_22_50,LEG_22_58,LEG_22_54,LEG_22_55,LEG_22_3",2000-01-22T12:11:00Z,2000-01-23T01:22:00Z
D0372,C0034,"LEG_23_2,LEG_23_19,LEG_23_20,LEG_23_32",2000-01-23T10:30:00Z,2000-01-23T23:44:00Z
D0373,C0034,"LEG_24_48,LEG_24_40,LEG_24_41",2000-01-24T12:25:00Z,2000-01-25T00:23:00Z
D0374,C0035,"LEG_22_5,LEG_22_59",2000-01-22T00:31:00Z,2000-01-22T12:14:00Z
D0375,C0036,"LEG_22_44,LEG_22_41",2000-01-22T00:16:00Z,2000-01-22T12:23:00Z
D0376,C0037,"LEG_22_61,LEG_22_8",2000-01-22T00:35:00Z,2000-01-22T12:15:00Z
D0377,C0038,"LEG_22_36,LEG_22_37",2000-01-22T09:51:00Z,2000-01-22T13:48:00Z
D0378,C0009,"LEG_26_23,LEG_26_38,LEG_26_37",2000-01-26T17:26:00Z,2000-01-27T02:13:00Z
D0379,C0009,"LEG_27_9,LEG_27_18,LEG_27_40,LEG_27_41,LEG_27_42",2000-01-27T11:40:00Z,2000-01-27T23:56:00Z
D0380,C0010,"LEG_29_0,LEG_29_14,LEG_29_13",2000-01-29T18:15:00Z,2000-01-30T00:45:00Z
D0381,C0010,"LEG_30_29,LEG_30_11,LEG_30_54,LEG_30_8,LEG_30_22",2000-01-30T00:25:00Z,2000-01-30T23:44:00Z
D0382,C0010,LEG_31_23,2000-01-30T23:15:00Z,2000-01-31T02:40:00Z
D0383,C0001,"LEG_29_38,LEG_29_32",2000-01-29T00:35:00Z,2000-01-29T13:44:00Z
D0384,C0001,"LEG_30_40,LEG_30_48,LEG_30_49,LEG_30_19,LEG_30_57",2000-01-30T01:05:00Z,2000-01-31T00:29:00Z
D0385,C0001,"LEG_31_56,LEG_31_9,LEG_31_1,LEG_31_2",2000-01-31T13:15:00Z,2000-02-01T00:06:00Z
D0386,C0002,"LEG_25_0,LEG_25_14,LEG_25_13",2000-01-25T17:15:00Z,2000-01-25T23:43:00Z
D0387,C0002,"LEG_26_18,LEG_26_17,LEG_26_22,LEG_26_44,LEG_26_45",2000-01-25T23:25:00Z,2000-01-26T22:20:00Z
D0388,C0002,"LEG_27_2,LEG_27_1,LEG_27_14,LEG_27_50,LEG_27_15",2000-01-27T00:12:00Z,2000-01-28T00:28:00Z
D0389,C0002,"LEG_28_16,LEG_28_9,LEG_28_1,LEG_28_2",2000-01-28T13:30:00Z,2000-01-29T00:06:00Z
D0390,C0003,LEG_25_36,2000-01-25T23:03:00Z,2000-01-26T02:22:00Z
D0391,C0003,LEG_26_19,2000-01-26T12:15:00Z,2000-01-26T15:40:00Z
D0392,C0039,"LEG_05_11,LEG_05_12,LEG_05_9",2000-01-05T12:23:00Z,2000-01-05T22:49:00Z
D0393,C0039,"LEG_06_30,LEG_06_50,LEG_06_52,LEG_06_2",2000-01-06T13:20:00Z,2000-01-07T01:22:00Z
D0394,C0039,"LEG_07_2,LEG_07_19,LEG_07_20,LEG_07_32",2000-01-07T10:30:00Z,2000-01-07T23:44:00Z
D0395,C0039,"LEG_08_47,LEG_08_58,LEG_08_44",2000-01-08T12:25:00Z,2000-01-09T00:14:00Z
D0396,C0040,"LEG_05_3,LEG_05_0,LEG_05_14",2000-01-05T12:08:00Z,2000-01-05T23:17:00Z
D0397,C0040,"LEG_06_7,LEG_06_47",2000-01-06T11:35:00Z,2000-01-06T16:17:00Z
D0398,C0040,"LEG_07_51,LEG_07_52,LEG_07_60,LEG_07_56",2000-01-07T09:25:00Z,2000-01-07T19:49:00Z
D0399,C0040,"LEG_08_50,LEG_08_43,LEG_08_48",2000-01-08T09:25:00Z,2000-01-08T17:17:00Z
D0400,C0011,"LEG_05_36,LEG_05_34,LEG_05_40",2000-01-05T16:52:00Z,2000-01-06T02:13:00Z
D0401,C0011,"LEG_06_45,LEG_06_3,LEG_06_5",2000-01-06T13:15:00Z,2000-01-07T00:52:00Z
D0402,C0012,"LEG_05_7,LEG_05_51",2000-01-05T00:31:00Z,2000-01-05T12:14:00Z
D0403,C0013,"LEG_05_52,LEG_05_10",2000-01-05T00:35:00Z,2000-01-05T12:15:00Z
D0404,C0014,"LEG_05_32,LEG_05_28",2000-01-05T00:16:00Z,2000-01-05T12:23:00Z
D0405,C0015,"LEG_05_16,LEG_05_18",2000-01-05T12:09:00Z,2000-01-05T17:14:00Z
D0406,C0041,"LEG_04_34,LEG_04_17,LEG_04_7,LEG_04_11,LEG_04_13",2000-01-04T01:45:00Z,2000-01-04T23:43:00Z
D0407,C0041,LEG_05_20,2000-01-04T23:25:00Z,2000-01-05T01:26:00Z
D0408,C0016,"LEG_26_14,LEG_26_16,LEG_26_15,LEG_26_47",2000-01-26T12:09:00Z,2000-01-26T23:01:00Z
D0409,C0016,"LEG_27_37,LEG_27_38,LEG_27_16,LEG_27_49",2000-01-27T13:10:00Z,2000-01-28T00:29:00Z
D0410,C0016,"LEG_28_56,LEG_28_34,LEG_28_15",2000-01-28T13:15:00Z,2000-01-28T23:46:00Z
D0411,C0016,"LEG_29_53,LEG_29_50,LEG_29_37,LEG_29_39,LEG_29_43,LEG_29_41",2000-01-28T23:21:00Z,2000-01-30T01:06:00Z
D0412,C0017,"LEG_26_8,LEG_26_9,LEG_26_46,LEG_26_28",2000-01-26T12:23:00Z,2000-01-27T00:14:00Z
D0413,C0018,"LEG_26_6,LEG_26_48",2000-01-26T00:31:00Z,2000-01-26T12:14:00Z
D0414,C0019,"LEG_26_50,LEG_26_7",2000-01-26T00:35:00Z,2000-01-26T12:15:00Z
D0415,C0020,"LEG_26_29,LEG_26_25",2000-01-26T00:16:00Z,2000-01-26T12:23:00Z
D0416,C0004,"LEG_13_0,LEG_13_14,LEG_13_12",2000-01-13T17:15:00Z,2000-01-14T00:35:00Z
D0417,C0004,"LEG_14_1,LEG_14_22,LEG_14_23,LEG_14_30,LEG_14_36",2000-01-14T00:15:00Z,2000-01-15T02:22:00Z
D0418,C0004,"LEG_15_36,LEG_15_16,LEG_15_25",2000-01-15T12:15:00Z,2000-01-15T19:12:00Z
D0419,C0021,"LEG_25_40,LEG_25_41",2000-01-25T18:50:00Z,2000-01-26T00:23:00Z
D0420,C0021,"LEG_26_42,LEG_26_20,LEG_26_21",2000-01-26T00:05:00Z,2000-01-27T00:23:00Z
D0421,C0021,"LEG_27_17,LEG_27_10,LEG_27_27,LEG_27_29,LEG_27_35",2000-01-27T00:37:00Z,2000-01-28T00:00:00Z
D0422,C0021,"LEG_28_44,LEG_28_33,LEG_28_35",2000-01-28T10:25:00Z,2000-01-28T19:29:00Z
D0423,C0022,"LEG_25_58,LEG_25_18,LEG_25_21,LEG_25_23,LEG_25_30",2000-01-25T09:59:00Z,2000-01-25T22:56:00Z
D0424,C0022,"LEG_26_39,LEG_26_2",2000-01-26T18:37:00Z,2000-01-26T23:30:00Z
D0425,C0022,"LEG_27_24,LEG_27_44,LEG_27_39,LEG_27_33,LEG_27_34,LEG_27_32",2000-01-26T23:35:00Z,2000-01-28T01:06:00Z
D0426,C0023,"LEG_25_38,LEG_25_39",2000-01-25T09:51:00Z,2000-01-25T13:48:00Z
D0427,C0024,"LEG_25_46,LEG_25_43",2000-01-25T00:16:00Z,2000-01-25T12:23:00Z
D0428,C0025,"LEG_25_5,LEG_25_61",2000-01-25T00:31:00Z,2000-01-25T12:14:00Z
D0429,C0026,"LEG_25_28,LEG_25_33,LEG_25_31,LEG_25_42,LEG_25_62",2000-01-25T12:09:00Z,2000-01-26T00:50:00Z
D0430,C0027,"LEG_25_19,LEG_25_20,LEG_25_59,LEG_25_45",2000-01-25T13:32:00Z,2000-01-26T00:14:00Z
D0431,C0042,"LEG_14_31,LEG_14_42,LEG_14_62",2000-01-14T17:23:00Z,2000-01-15T00:50:00Z
D0432,C0042,"LEG_15_27,LEG_15_32,LEG_15_30,LEG_15_41,LEG_15_61",2000-01-15T12:09:00Z,2000-01-16T00:50:00Z
D0433,C0042,"LEG_16_38,LEG_16_39,LEG_16_21,LEG_16_0,LEG_16_14",2000-01-16T09:51:00Z,2000-01-16T22:05:00Z
D0434,C0043,LEG_14_13,2000-01-14T21:40:00Z,2000-01-14T23:43:00Z
D0435,C0043,"LEG_15_34,LEG_15_33,LEG_15_17,LEG_15_7,LEG_15_11",2000-01-14T23:25:00Z,2000-01-15T21:40:00Z
D0436,C0005,"LEG_28_38,LEG_28_32",2000-01-28T00:35:00Z,2000-01-28T13:44:00Z
D0437,C0005,"LEG_29_40,LEG_29_48,LEG_29_28,LEG_29_47,LEG_29_18",2000-01-29T01:05:00Z,2000-01-30T00:28:00Z
D0438,C0005,"LEG_30_16,LEG_30_9,LEG_30_1,LEG_30_2",2000-01-30T13:30:00Z,2000-01-31T00:06:00Z
D0439,C0006,"LEG_14_0,LEG_14_14,LEG_14_12",2000-01-14T17:15:00Z,2000-01-15T00:35:00Z
D0440,C0006,"LEG_15_1,LEG_15_51,LEG_15_59,LEG_15_55,LEG_15_56,LEG_15_3",2000-01-15T00:15:00Z,2000-01-16T01:22:00Z
D0441,C0006,"LEG_16_2,LEG_16_53,LEG_16_57",2000-01-16T10:30:00Z,2000-01-16T22:20:00Z
D0442,C0006,"LEG_17_38,LEG_17_39,LEG_17_21",2000-01-17T09:51:00Z,2000-01-17T16:32:00Z
D0443,C0007,LEG_14_29,2000-01-14T23:05:00Z,2000-01-15T02:19:00Z
D0444,C0007,"LEG_15_21,LEG_15_26,LEG_15_24,LEG_15_35",2000-01-15T13:25:00Z,2000-01-16T02:22:00Z
D0445,C0007,LEG_16_37,2000-01-16T12:15:00Z,2000-01-16T15:40:00Z
D0446,C0044,LEG_10_13,2000-01-10T21:40:00Z,2000-01-10T23:43:00Z
D0447,C0044,"LEG_11_35,LEG_11_34,LEG_11_17,LEG_11_7,LEG_11_11,LEG_11_13",2000-01-10T23:25:00Z,2000-01-11T23:43:00Z
D0448,C0044,LEG_12_21,2000-01-11T23:25:00Z,2000-01-12T01:26:00Z
D0449,C0045,LEG_15_13,2000-01-15T21:40:00Z,2000-01-15T23:43:00Z
D0450,C0045,"LEG_16_35,LEG_16_34,LEG_16_17,LEG_16_7,LEG_16_11",2000-01-15T23:25:00Z,2000-01-16T21:40:00Z
D0451,C0008,"LEG_30_24,LEG_30_58,LEG_30_46",2000-01-30T15:50:00Z,2000-01-31T00:00:00Z
D0452,C0008,"LEG_31_44,LEG_31_45,LEG_31_8",2000-01-31T10:25:00Z,2000-01-31T20:59:00Z
D0453,C0009,LEG_30_31,2000-01-30T20:55:00Z,2000-01-31T00:44:00Z
D0454,C0009,"LEG_31_12,LEG_31_21,LEG_31_52",2000-01-31T00:15:00Z,2000-01-31T18:51:00Z
D0455,C0010,"LEG_06_0,LEG_06_14,LEG_06_12",2000-01-06T17:15:00Z,2000-01-07T00:35:00Z
D0456,C0010,"LEG_07_1,LEG_07_53,LEG_07_57,LEG_07_3",2000-01-07T00:15:00Z,2000-01-08T01:22:00Z
D0457,C0010,"LEG_08_2,LEG_08_21",2000-01-08T10:30:00Z,2000-01-08T16:32:00Z
D0458,C0001,"LEG_06_6,LEG_06_11,LEG_06_13",2000-01-06T15:32:00Z,2000-01-06T23:43:00Z
D0459,C0001,"LEG_07_35,LEG_07_34,LEG_07_17",2000-01-06T23:25:00Z,2000-01-07T15:53:00Z
D0460,C0046,LEG_01_11,2000-01-01T21:40:00Z,2000-01-01T23:43:00Z
D0461,C0046,"LEG_02_34,LEG_02_33,LEG_02_17,LEG_02_7,LEG_02_11",2000-01-01T23:25:00Z,2000-01-02T21:40:00Z
D0462,C0002,LEG_08_28,2000-01-08T23:05:00Z,2000-01-09T02:19:00Z
D0463,C0002,"LEG_09_19,LEG_09_20,LEG_09_59,LEG_09_45",2000-01-09T13:32:00Z,2000-01-10T00:14:00Z
D0464,C0002,"LEG_10_22,LEG_10_23,LEG_10_30,LEG_10_36",2000-01-10T15:36:00Z,2000-01-11T02:22:00Z
D0465,C0002,LEG_11_37,2000-01-11T12:15:00Z,2000-01-11T15:40:00Z
D0466,C0003,"LEG_08_0,LEG_08_14,LEG_08_12",2000-01-08T17:15:00Z,2000-01-09T00:35:00Z
D0467,C0003,"LEG_09_1,LEG_09_21,LEG_09_26,LEG_09_24,LEG_09_36",2000-01-09T00:15:00Z,2000-01-10T02:22:00Z
D0468,C0003,LEG_10_37,2000-01-10T12:15:00Z,2000-01-10T15:40:00Z
D0469,C0004,LEG_08_35,2000-01-08T23:03:00Z,2000-01-09T02:22:00Z
D0470,C0004,LEG_09_37,2000-01-09T12:15:00Z,2000-01-09T15:40:00Z
D0471,C0028,"LEG_12_48,LEG_12_52,LEG_12_43",2000-01-12T13:35:00Z,2000-01-13T02:13:00Z
D0472,C0028,"LEG_13_45,LEG_13_50,LEG_13_52,LEG_13_2",2000-01-13T13:15:00Z,2000-01-14T01:22:00Z
D0473,C0028,"LEG_14_2,LEG_14_19,LEG_14_20,LEG_14_32",2000-01-14T10:30:00Z,2000-01-14T23:44:00Z
D0474,C0028,"LEG_15_47,LEG_15_4,LEG_15_6",2000-01-15T12:25:00Z,2000-01-16T00:52:00Z
D0475,C0029,"LEG_12_25,LEG_12_31,LEG_12_39,LEG_12_37",2000-01-12T10:06:00Z,2000-01-12T22:31:00Z
D0476,C0030,"LEG_12_54,LEG_12_11",2000-01-12T00:35:00Z,2000-01-12T12:15:00Z
D0477,C0031,"LEG_12_35,LEG_12_33",2000-01-12T00:16:00Z,2000-01-12T12:23:00Z
D0478,C0032,"LEG_12_8,LEG_12_53",2000-01-12T00:31:00Z,2000-01-12T12:14:00Z
D0479,C0047,"LEG_31_30,LEG_31_20",2000-01-31T02:50:00Z,2000-01-31T14:26:00Z
D0480,C0033,"LEG_31_55,LEG_31_27,LEG_31_49,LEG_31_19",2000-01-31T11:00:00Z,2000-01-31T21:44:00Z
D0481,C0034,"LEG_31_33,LEG_31_35,LEG_31_4,LEG_31_5",2000-01-31T13:34:00Z,2000-02-01T01:39:00Z
D0482,C0035,"LEG_11_40,LEG_11_41",2000-01-11T18:50:00Z,2000-01-12T00:23:00Z
D0483,C0035,"LEG_12_49,LEG_12_50,LEG_12_24,LEG_12_26",2000-01-12T00:05:00Z,2000-01-13T00:23:00Z
D0484,C0035,"LEG_13_48,LEG_13_49,LEG_13_32,LEG_13_33",2000-01-13T00:05:00Z,2000-01-14T00:23:00Z
D0485,C0035,"LEG_14_54,LEG_14_55,LEG_14_4,LEG_14_6",2000-01-14T00:05:00Z,2000-01-15T00:52:00Z
D0486,C0036,LEG_11_15,2000-01-11T22:11:00Z,2000-01-12T01:29:00Z
D0487,C0036,"LEG_14_27,LEG_14_44,LEG_14_49",2000-01-14T09:15:00Z,2000-01-14T17:17:00Z
D0488,C0037,"LEG_11_22,LEG_11_26,LEG_11_24,LEG_11_36",2000-01-11T15:36:00Z,2000-01-12T02:22:00Z
D0489,C0037,"LEG_12_23,LEG_12_32,LEG_12_44,LEG_12_27",2000-01-12T12:15:00Z,2000-01-13T01:22:00Z
D0490,C0037,LEG_13_35,2000-01-13T11:05:00Z,2000-01-13T13:58:00Z
D0491,C0038,"LEG_11_58,LEG_11_18,LEG_11_21,LEG_11_0,LEG_11_14",2000-01-11T09:59:00Z,2000-01-11T22:05:00Z
D0492,C0038,"LEG_12_18,LEG_12_6,LEG_12_45",2000-01-12T17:23:00Z,2000-01-13T00:17:00Z
D0493,C0038,"LEG_13_4,LEG_13_15,LEG_13_18,LEG_13_21,LEG_13_20,LEG_13_23",2000-01-13T00:31:00Z,2000-01-14T02:19:00Z
D0494,C0039,"LEG_11_28,LEG_11_33,LEG_11_31,LEG_11_42,LEG_11_62",2000-01-11T12:09:00Z,2000-01-12T00:50:00Z
D0495,C0040,"LEG_11_5,LEG_11_61",2000-01-11T00:31:00Z,2000-01-11T12:14:00Z
D0496,C0011,"LEG_11_46,LEG_11_43",2000-01-11T00:16:00Z,2000-01-11T12:23:00Z
D0497,C0012,"LEG_11_63,LEG_11_8",2000-01-11T00:35:00Z,2000-01-11T12:15:00Z
D0498,C0013,"LEG_11_38,LEG_11_39",2000-01-11T09:51:00Z,2000-01-11T13:48:00Z
D0499,C0041,LEG_20_13,2000-01-20T21:40:00Z,2000-01-20T23:43:00Z
D0500,C0041,"LEG_21_35,LEG_21_34,LEG_21_17,LEG_21_7,LEG_21_11",2000-01-20T23:25:00Z,2000-01-21T21:40:00Z
D0501,C0042,"LEG_30_30,LEG_30_20",2000-01-30T02:50:00Z,2000-01-30T14:26:00Z
D0502,C0005,"LEG_20_6,LEG_20_11,LEG_20_12",2000-01-20T15:32:00Z,2000-01-21T00:35:00Z
D0503,C0005,"LEG_21_1,LEG_21_19,LEG_21_20,LEG_21_4,LEG_21_6",2000-01-21T00:15:00Z,2000-01-22T00:52:00Z
D0504,C0005,"LEG_22_9,LEG_22_10,LEG_22_38,LEG_22_39",2000-01-22T12:23:00Z,2000-01-23T00:23:00Z
D0505,C0005,"LEG_23_38,LEG_23_39,LEG_23_22",2000-01-23T09:51:00Z,2000-01-23T18:50:00Z
D0506,C0014,"LEG_09_40,LEG_09_41",2000-01-09T18:50:00Z,2000-01-10T00:23:00Z
D0507,C0014,"LEG_10_54,LEG_10_55,LEG_10_40,LEG_10_41",2000-01-10T00:05:00Z,2000-01-11T00:23:00Z
D0508,C0014,"LEG_11_54,LEG_11_57,LEG_11_3",2000-01-11T00:05:00Z,2000-01-12T01:22:00Z
D0509,C0014,"LEG_12_7,LEG_12_22,LEG_12_30,LEG_12_5,LEG_12_29",2000-01-12T10:30:00Z,2000-01-12T22:21:00Z
D0510,C0015,"LEG_09_28,LEG_09_33,LEG_09_32",2000-01-09T12:09:00Z,2000-01-09T23:44:00Z
D0511,C0015,"LEG_10_48,LEG_10_50,LEG_10_47,LEG_10_15",2000-01-10T12:25:00Z,2000-01-11T01:29:00Z
D0512,C0015,"LEG_12_14,LEG_12_41,LEG_12_42",2000-01-12T12:20:00Z,2000-01-13T00:04:00Z
D0513,C0016,LEG_09_3,2000-01-09T22:16:00Z,2000-01-10T01:22:00Z
D0514,C0016,"LEG_10_2,LEG_10_19,LEG_10_20,LEG_10_32",2000-01-10T10:30:00Z,2000-01-10T23:44:00Z
D0515,C0016,"LEG_11_48,LEG_11_50,LEG_11_47",2000-01-11T12:25:00Z,2000-01-11T22:31:00Z
D0516,C0017,"LEG_09_5,LEG_09_61",2000-01-09T00:31:00Z,2000-01-09T12:14:00Z
D0517,C0018,"LEG_09_46,LEG_09_43",2000-01-09T00:16:00Z,2000-01-09T12:23:00Z
D0518,C0019,"LEG_09_63,LEG_09_8",2000-01-09T00:35:00Z,2000-01-09T12:15:00Z
D0519,C0020,"LEG_09_58,LEG_09_18",2000-01-09T09:59:00Z,2000-01-09T13:46:00Z
D0520,C0043,LEG_24_12,2000-01-24T21:35:00Z,2000-01-25T00:35:00Z
D0521,C0043,"LEG_25_1,LEG_25_22,LEG_25_26,LEG_25_24,LEG_25_29",2000-01-25T00:15:00Z,2000-01-26T02:19:00Z
D0522,C0043,"LEG_26_24,LEG_26_27,LEG_26_26,LEG_26_1,LEG_26_11",2000-01-26T13:42:00Z,2000-01-27T01:38:00Z
D0523,C0043,"LEG_27_21,LEG_27_0,LEG_27_12",2000-01-27T13:30:00Z,2000-01-27T23:05:00Z
D0524,C0044,LEG_24_13,2000-01-24T21:40:00Z,2000-01-24T23:43:00Z
D0525,C0044,"LEG_25_35,LEG_25_34,LEG_25_17,LEG_25_7,LEG_25_11",2000-01-24T23:25:00Z,2000-01-25T21:40:00Z
D0526,C0045,LEG_27_11,2000-01-27T22:35:00Z,2000-01-28T00:45:00Z
D0527,C0045,"LEG_28_29,LEG_28_11,LEG_28_54,LEG_28_8,LEG_28_22",2000-01-28T00:25:00Z,2000-01-28T23:44:00Z
D0528,C0045,"LEG_29_23,LEG_29_24,LEG_29_26,LEG_29_6",2000-01-28T23:15:00Z,2000-01-30T02:25:00Z
D0529,C0045,"LEG_30_3,LEG_30_7,LEG_30_0,LEG_30_14",2000-01-30T11:25:00Z,2000-01-30T23:05:00Z
D0530,C0006,"LEG_04_0,LEG_04_14,LEG_04_12",2000-01-04T17:15:00Z,2000-01-05T00:35:00Z
D0531,C0006,"LEG_05_4,LEG_05_27,LEG_05_30,LEG_05_29,LEG_05_1",2000-01-05T00:15:00Z,2000-01-05T23:03:00Z
D0532,C0006,"LEG_06_36,LEG_06_1,LEG_06_42,LEG_06_40",2000-01-05T23:35:00Z,2000-01-06T22:31:00Z
D0533,C0006,"LEG_07_38,LEG_07_39,LEG_07_21",2000-01-07T09:51:00Z,2000-01-07T16:32:00Z
D0534,C0046,LEG_08_13,2000-01-08T21:40:00Z,2000-01-08T23:43:00Z
D0535,C0046,"LEG_09_35,LEG_09_34,LEG_09_17,LEG_09_7,LEG_09_11",2000-01-08T23:25:00Z,2000-01-09T21:40:00Z
D0536,C0007,LEG_17_29,2000-01-17T23:05:00Z,2000-01-18T02:19:00Z
D0537,C0007,"LEG_18_53,LEG_18_57,LEG_18_3",2000-01-18T13:35:00Z,2000-01-19T01:22:00Z
D0538,C0007,"LEG_19_6,LEG_19_16",2000-01-19T10:30:00Z,2000-01-19T18:44:00Z
D0539,C0008,"LEG_17_0,LEG_17_14,LEG_17_13",2000-01-17T17:15:00Z,2000-01-17T23:43:00Z
D0540,C0008,"LEG_18_35,LEG_18_34,LEG_18_17",2000-01-17T23:25:00Z,2000-01-18T15:53:00Z
D0541,C0047,"LEG_09_31,LEG_09_42,LEG_09_62",2000-01-09T17:23:00Z,2000-01-10T00:50:00Z
D0542,C0047,"LEG_10_44,LEG_10_49,LEG_10_4,LEG_10_6",2000-01-10T12:07:00Z,2000-01-11T00:52:00Z
D0543,C0047,"LEG_11_44,LEG_11_49,LEG_11_4,LEG_11_6",2000-01-11T12:07:00Z,2000-01-12T00:52:00Z
D0544,C0047,"LEG_12_17,LEG_12_19",2000-01-12T12:09:00Z,2000-01-12T17:14:00Z
D0545,C0041,LEG_09_13,2000-01-09T21:40:00Z,2000-01-09T23:43:00Z
D0546,C0041,"LEG_10_35,LEG_10_34,LEG_10_17,LEG_10_7,LEG_10_11",2000-01-09T23:25:00Z,2000-01-10T21:40:00Z
D0547,C0042,LEG_25_12,2000-01-25T21:35:00Z,2000-01-26T00:35:00Z
D0548,C0042,"LEG_26_4,LEG_26_3,LEG_26_0,LEG_26_12",2000-01-26T00:15:00Z,2000-01-26T23:17:00Z
D0549,C0042,"LEG_27_43,LEG_27_46,LEG_27_47,LEG_27_7,LEG_27_19",2000-01-27T11:15:00Z,2000-01-27T23:44:00Z
D0550,C0042,"LEG_28_36,LEG_28_7,LEG_28_0,LEG_28_14",2000-01-28T12:05:00Z,2000-01-28T23:05:00Z
D0551,C0021,"LEG_04_21,LEG_04_26,LEG_04_24,LEG_04_36",2000-01-04T13:25:00Z,2000-01-05T02:22:00Z
D0552,C0021,"LEG_05_21,LEG_05_26,LEG_05_41,LEG_05_24",2000-01-05T12:15:00Z,2000-01-06T01:22:00Z
D0553,C0021,"LEG_06_35,LEG_06_17,LEG_06_19,LEG_06_24",2000-01-06T11:05:00Z,2000-01-06T22:56:00Z
D0554,C0021,"LEG_07_16,LEG_07_25,LEG_07_26,LEG_07_24,LEG_07_29",2000-01-07T15:40:00Z,2000-01-08T02:19:00Z
D0555,C0022,"LEG_04_40,LEG_04_41",2000-01-04T18:50:00Z,2000-01-05T00:23:00Z
D0556,C0022,"LEG_05_46,LEG_05_47,LEG_05_50,LEG_05_31",2000-01-05T00:05:00Z,2000-01-06T00:14:00Z
D0557,C0022,"LEG_06_48,LEG_06_49,LEG_06_8,LEG_06_31",2000-01-06T00:05:00Z,2000-01-07T00:53:00Z
D0558,C0023,"LEG_04_52,LEG_04_60,LEG_04_56,LEG_04_57,LEG_04_3",2000-01-04T12:11:00Z,2000-01-05T01:22:00Z
D0559,C0023,"LEG_05_6,LEG_05_45,LEG_05_49",2000-01-05T10:30:00Z,2000-01-05T22:20:00Z
D0560,C0024,"LEG_04_58,LEG_04_18,LEG_04_53",2000-01-04T09:59:00Z,2000-01-04T16:17:00Z
D0561,C0024,"LEG_05_44,LEG_05_33,LEG_05_37",2000-01-05T09:25:00Z,2000-01-05T18:25:00Z
D0562,C0025,"LEG_04_46,LEG_04_43",2000-01-04T00:16:00Z,2000-01-04T12:23:00Z
D0563,C0026,"LEG_04_63,LEG_04_8",2000-01-04T00:35:00Z,2000-01-04T12:15:00Z
D0564,C0027,"LEG_04_5,LEG_04_61",2000-01-04T00:31:00Z,2000-01-04T12:14:00Z
D0565,C0028,"LEG_04_9,LEG_04_10,LEG_04_59,LEG_04_45",2000-01-04T12:23:00Z,2000-01-05T00:14:00Z
D0566,C0029,"LEG_04_22,LEG_04_23,LEG_04_30,LEG_04_29",2000-01-04T15:36:00Z,2000-01-05T02:19:00Z
D0567,C0030,"LEG_04_38,LEG_04_39",2000-01-04T09:51:00Z,2000-01-04T13:48:00Z
D0568,C0009,"LEG_07_0,LEG_07_14,LEG_07_12",2000-01-07T17:15:00Z,2000-01-08T00:35:00Z
D0569,C0009,"LEG_08_1,LEG_08_19,LEG_08_20,LEG_08_4,LEG_08_6",2000-01-08T00:15:00Z,2000-01-09T00:52:00Z
D0570,C0009,"LEG_09_38,LEG_09_39,LEG_09_53,LEG_09_57",2000-01-09T09:51:00Z,2000-01-09T22:20:00Z
D0571,C0009,"LEG_10_38,LEG_10_39,LEG_10_21",2000-01-10T09:51:00Z,2000-01-10T16:32:00Z
D0572,C0010,"LEG_10_0,LEG_10_14,LEG_10_12",2000-01-10T17:15:00Z,2000-01-11T00:35:00Z
D0573,C0010,"LEG_11_1,LEG_11_19,LEG_11_20,LEG_11_59,LEG_11_45",2000-01-11T00:15:00Z,2000-01-12T00:14:00Z
D0574,C0010,"LEG_12_3,LEG_12_0,LEG_12_15",2000-01-12T12:08:00Z,2000-01-12T23:17:00Z
D0575,C0010,"LEG_13_7,LEG_13_17",2000-01-13T11:35:00Z,2000-01-13T16:32:00Z
D0576,C0043,"LEG_29_30,LEG_29_20",2000-01-29T02:50:00Z,2000-01-29T14:26:00Z
D0577,C0031,"LEG_29_55,LEG_29_27,LEG_29_17,LEG_29_58,LEG_29_46",2000-01-29T11:00:00Z,2000-01-30T00:00:00Z
D0578,C0031,"LEG_30_44,LEG_30_45",2000-01-30T10:25:00Z,2000-01-30T15:56:00Z
D0579,C0031,"LEG_31_29,LEG_31_11,LEG_31_54",2000-01-31T00:25:00Z,2000-01-31T18:19:00Z
D0580,C0032,"LEG_29_33,LEG_29_35,LEG_29_34,LEG_29_15",2000-01-29T13:34:00Z,2000-01-29T23:46:00Z
D0581,C0032,"LEG_30_53,LEG_30_50,LEG_30_37,LEG_30_39,LEG_30_43,LEG_30_41",2000-01-29T23:21:00Z,2000-01-31T01:06:00Z
D0582,C0033,"LEG_29_9,LEG_29_31",2000-01-29T16:44:00Z,2000-01-30T00:44:00Z
D0583,C0033,"LEG_30_12,LEG_30_21,LEG_30_52,LEG_30_13",2000-01-30T00:15:00Z,2000-01-31T00:45:00Z
D0584,C0033,"LEG_31_36,LEG_31_51,LEG_31_42,LEG_31_34,LEG_31_15",2000-01-31T12:05:00Z,2000-01-31T23:46:00Z
