source_type,s1_edge_preservation,backbone_broken,placebo_broken,s2_dist,target_basin_hash,elite_reconstruction
BackbonePreserver,0.7500,0,6,801.8739,11824326250485796480,1
BackbonePreserver,0.7222,0,6,835.7890,15168872374936398918,0
BackbonePreserver,0.6944,0,7,830.6709,11741168474939349512,0
BackbonePreserver,0.7500,0,6,857.9613,17715981148166012917,0
BackbonePreserver,0.6944,0,8,797.4513,10264966111433119558,1
BackbonePreserver,0.7500,0,6,797.4513,10264966111433119558,1
BackbonePreserver,0.7500,0,6,873.5621,7533423977027773218,0
BackbonePreserver,0.6944,0,7,827.5683,5868812619231253220,0
BackbonePreserver,0.7500,0,4,825.1397,11824326250485796480,0
BackbonePreserver,0.7222,0,8,797.8718,10264966111433119558,1
BackbonePreserver,0.6944,0,7,854.6170,2055257113323394818,0
BackbonePreserver,0.7500,0,5,816.2453,3030673687312833173,0
BackbonePreserver,0.6944,0,7,797.8718,10264966111433119558,1
BackbonePreserver,0.7222,0,5,882.9100,1780495502382711778,0
BackbonePreserver,0.7222,0,7,797.4513,10264966111433119558,1
BackbonePreserver,0.6944,0,8,839.5114,839022783260669411,0
BackbonePreserver,0.7500,0,7,797.8718,10264966111433119558,1
BackbonePreserver,0.7222,0,6,860.0162,15938824652988399837,0
BackbonePreserver,0.6944,0,9,812.6236,10264966111433119558,0
BackbonePreserver,0.7222,0,6,835.0500,1317356837511439522,0
BackbonePreserver,0.7222,0,8,803.1277,4975891338178397411,1
BackbonePreserver,0.7500,0,6,804.0648,6063581546530241427,1
BackbonePreserver,0.7500,0,7,857.9613,17715981148166012917,0
BackbonePreserver,0.6667,0,8,843.6596,16245451004235103964,0
BackbonePreserver,0.7222,0,6,837.8491,193405139626264173,0
BackbonePreserver,0.6944,0,7,804.0648,6063581546530241427,1
BackbonePreserver,0.6111,0,9,841.5376,5701002571204421196,0
BackbonePreserver,0.7222,0,7,797.4513,10264966111433119558,1
BackbonePreserver,0.7222,0,6,797.4513,10264966111433119558,1
BackbonePreserver,0.7500,0,5,825.1397,11824326250485796480,0
BackbonePreserver,0.6667,0,7,817.8002,12333060991338731011,0
BackbonePreserver,0.7222,0,5,823.4085,9982274638534093346,0
BackbonePreserver,0.7500,0,6,801.8739,11824326250485796480,1
BackbonePreserver,0.7500,0,8,797.4513,10264966111433119558,1
BackbonePreserver,0.7222,0,7,827.1920,9737337230250925581,0
BackbonePreserver,0.7222,0,6,864.3078,14223905124652714034,0
BackbonePreserver,0.7500,0,5,825.1397,11824326250485796480,0
BackbonePreserver,0.6667,0,8,853.6062,17263732020192857115,0
BackbonePreserver,0.7222,0,6,797.4513,10264966111433119558,1
BackbonePreserver,0.7500,0,5,797.4513,10264966111433119558,1
BackbonePreserver,0.6667,0,8,797.8718,10264966111433119558,1
BackbonePreserver,0.7222,0,7,797.4513,10264966111433119558,1
BackbonePreserver,0.7500,0,7,834.3771,17491741963748787141,0
BackbonePreserver,0.6944,0,7,846.6440,10193339775716985021,0
BackbonePreserver,0.7500,0,6,854.0470,17157525900557493306,0
BackbonePreserver,0.7500,0,6,797.4513,10264966111433119558,1
BackbonePreserver,0.6944,0,7,887.1941,15958421369742875667,0
BackbonePreserver,0.7500,0,7,862.8761,15065234351120479207,0
BackbonePreserver,0.7500,0,7,797.8718,10264966111433119558,1
BackbonePreserver,0.6944,0,6,924.4026,3810299793486396702,0
BackbonePreserver,0.7222,0,8,826.6984,167170242380040613,0
BackbonePreserver,0.7222,0,7,865.9467,4544833033373672803,0
BackbonePreserver,0.7222,0,6,897.7793,10959697489289410555,0
BackbonePreserver,0.7222,0,7,820.2431,16549365021343471878,0
BackbonePreserver,0.7222,0,7,797.4513,10264966111433119558,1
BackbonePreserver,0.7500,0,4,825.1397,11824326250485796480,0
BackbonePreserver,0.7500,0,7,797.4513,10264966111433119558,1
BackbonePreserver,0.7222,0,6,860.0162,15938824652988399837,0
BackbonePreserver,0.7500,0,6,819.5007,13225244327087722692,0
BackbonePreserver,0.6667,0,8,815.1484,11824326250485796480,0
BackbonePreserver,0.7500,0,6,858.9745,15428664137859285929,0
BackbonePreserver,0.7500,0,5,831.2968,12762674374604614736,0
BackbonePreserver,0.7222,0,6,828.8892,167170242380040613,0
BackbonePreserver,0.6944,0,7,898.9213,18375761016356573889,0
BackbonePreserver,0.7500,0,6,797.4513,10264966111433119558,1
BackbonePreserver,0.7500,0,6,811.3003,4711019678756631762,0
BackbonePreserver,0.7500,0,9,826.0082,5397702475199642,0
BackbonePreserver,0.7222,0,9,812.2031,10264966111433119558,0
BackbonePreserver,0.6944,0,8,820.9992,16153310431873527193,0
BackbonePreserver,0.7222,0,7,847.2309,8794016877492878032,0
BackbonePreserver,0.6944,0,7,801.8739,11824326250485796480,1
BackbonePreserver,0.6389,0,9,813.6952,678773149692492076,0
BackbonePreserver,0.7500,0,7,862.8761,15065234351120479207,0
BackbonePreserver,0.7222,0,6,806.7850,7019505870457465348,1
BackbonePreserver,0.6944,0,6,797.8718,10264966111433119558,1
BackbonePreserver,0.6944,0,6,801.8739,11824326250485796480,1
BackbonePreserver,0.7500,0,6,875.3943,10077665869057763774,0
BackbonePreserver,0.7222,0,6,911.5608,4304857147611416496,0
BackbonePreserver,0.6667,0,9,835.0500,1317356837511439522,0
BackbonePreserver,0.7500,0,5,797.4513,10264966111433119558,1
BackbonePreserver,0.7500,0,6,797.4513,10264966111433119558,1
BackbonePreserver,0.6667,0,8,797.8718,10264966111433119558,1
BackbonePreserver,0.6944,0,6,804.7916,8518770641127047337,1
BackbonePreserver,0.7500,0,7,797.4513,10264966111433119558,1
BackbonePreserver,0.7222,0,6,797.4513,10264966111433119558,1
BackbonePreserver,0.7222,0,7,797.4513,10264966111433119558,1
BackbonePreserver,0.7500,0,7,841.0370,17811921967933490631,0
BackbonePreserver,0.7222,0,4,803.7866,199200466592558314,1
BackbonePreserver,0.7222,0,6,828.7001,10121627615558797951,0
BackbonePreserver,0.7500,0,6,797.4513,10264966111433119558,1
BackbonePreserver,0.7500,0,7,804.0648,6063581546530241427,1
BackbonePreserver,0.6667,0,9,821.1781,15276371457772871461,0
BackbonePreserver,0.7222,0,6,797.4513,10264966111433119558,1
BackbonePreserver,0.7500,0,7,834.3771,17491741963748787141,0
BackbonePreserver,0.7222,0,6,846.6440,10193339775716985021,0
BackbonePreserver,0.7500,0,6,830.3328,5739212504447643914,0
BackbonePreserver,0.6944,0,7,835.0500,1317356837511439522,0
BackbonePreserver,0.7500,0,7,819.2922,17345357077446173885,0
BackbonePreserver,0.7222,0,5,828.7001,10121627615558797951,0
BackbonePreserver,0.6111,0,9,835.0500,1317356837511439522,0
BackbonePreserver,0.7500,0,6,797.4513,10264966111433119558,1
BackbonePreserver,0.6944,0,7,854.6170,2055257113323394818,0
BackbonePreserver,0.7500,0,6,804.0648,6063581546530241427,1
BackbonePreserver,0.7222,0,6,797.4513,10264966111433119558,1
BackbonePreserver,0.6944,0,7,858.1911,13364294852125887391,0
BackbonePreserver,0.7500,0,7,927.8109,11334029296357064096,0
BackbonePreserver,0.7222,0,8,817.8002,12333060991338731011,0
BackbonePreserver,0.7222,0,6,828.7001,10121627615558797951,0
BackbonePreserver,0.7222,0,8,826.0082,5397702475199642,0
BackbonePreserver,0.7500,0,7,834.3771,17491741963748787141,0
BackbonePreserver,0.6667,0,8,801.8739,11824326250485796480,1
BackbonePreserver,0.7500,0,4,820.1789,11824326250485796480,0
BackbonePreserver,0.7500,0,6,845.9556,6954008508939780195,0
BackbonePreserver,0.7500,0,6,797.4513,10264966111433119558,1
BackbonePreserver,0.7500,0,6,819.5007,13225244327087722692,0
BackbonePreserver,0.7222,0,8,797.4513,10264966111433119558,1
BackbonePreserver,0.6667,0,7,828.3204,1941884731723026855,0
BackbonePreserver,0.7500,0,6,797.4513,10264966111433119558,1
BackbonePreserver,0.7500,0,6,803.2738,15328930014682100007,1
BackbonePreserver,0.6944,0,8,821.7963,10264966111433119558,0
BackbonePreserver,0.6389,0,8,854.7596,13582174528403163755,0
BackbonePreserver,0.6389,0,9,797.8718,10264966111433119558,1
BackbonePreserver,0.6944,0,7,805.5019,2362194408984126241,1
BackbonePreserver,0.7222,0,7,903.0179,15585300980388593983,0
BackbonePreserver,0.6944,0,8,812.2031,10264966111433119558,0
BackbonePreserver,0.7222,0,7,797.4513,10264966111433119558,1
BackbonePreserver,0.7500,0,5,797.4513,10264966111433119558,1
BackbonePreserver,0.7222,0,6,831.4938,15865672196618607671,0
BackbonePreserver,0.6389,0,9,838.3345,1392749124181593455,0
BackbonePreserver,0.7222,0,7,834.2525,13225244327087722692,0
BackbonePreserver,0.7222,0,6,816.4278,15328930014682100007,0
BackbonePreserver,0.7222,0,8,797.4513,10264966111433119558,1
BackbonePreserver,0.7222,0,6,816.4278,15328930014682100007,0
BackbonePreserver,0.7500,0,7,803.1277,4975891338178397411,1
BackbonePreserver,0.7222,0,6,854.1142,5459299833285040038,0
BackbonePreserver,0.6944,0,8,846.4237,10063617608946825115,0
BackbonePreserver,0.7500,0,6,797.4513,10264966111433119558,1
BackbonePreserver,0.7500,0,4,815.1484,11824326250485796480,0
BackbonePreserver,0.7222,0,7,797.4513,10264966111433119558,1
BackbonePreserver,0.7222,0,7,797.4513,10264966111433119558,1
BackbonePreserver,0.6944,0,7,901.6402,12133667554274074237,0
BackbonePreserver,0.7500,0,7,797.4513,10264966111433119558,1
BackbonePreserver,0.7222,0,5,823.4085,9982274638534093346,0
BackbonePreserver,0.7222,0,7,819.6692,5976359785007467716,0
BackbonePreserver,0.7500,0,7,857.9613,17715981148166012917,0
BackbonePreserver,0.7500,0,5,854.0470,17157525900557493306,0
BackbonePreserver,0.6944,0,7,797.4513,10264966111433119558,1
BackbonePreserver,0.6667,0,8,830.7646,571758398216659801,0
BackbonePreserver,0.7222,0,5,887.3592,17481770110122700822,0
BackbonePreserver,0.7500,0,6,811.3003,4711019678756631762,0
BackbonePreserver,0.6667,0,8,797.4513,10264966111433119558,1
BackbonePreserver,0.6944,0,7,797.4513,10264966111433119558,1
BackbonePreserver,0.7222,0,7,821.7963,10264966111433119558,0
BackbonePreserver,0.7500,0,6,858.9745,15428664137859285929,0
BackbonePreserver,0.7222,0,6,797.4513,10264966111433119558,1
BackbonePreserver,0.7500,0,4,824.5469,2344477410551168557,0
BackbonePreserver,0.6944,0,8,820.4407,6251334824792168828,0
BackbonePreserver,0.7222,0,6,828.7001,10121627615558797951,0
BackbonePreserver,0.7500,0,4,820.1789,11824326250485796480,0
BackbonePreserver,0.6944,0,6,854.6170,2055257113323394818,0
BackbonePreserver,0.7500,0,5,832.4846,14869507963712947089,0
BackbonePreserver,0.7500,0,5,828.3204,1941884731723026855,0
BackbonePreserver,0.7500,0,4,797.4513,10264966111433119558,1
BackbonePreserver,0.7500,0,6,854.7872,16759967664892776603,0
BackbonePreserver,0.7500,0,7,797.8718,10264966111433119558,1
BackbonePreserver,0.7500,0,6,854.7872,16759967664892776603,0
BackbonePreserver,0.7222,0,8,826.6984,167170242380040613,0
BackbonePreserver,0.7500,0,6,842.9997,956293968073659663,0
BackbonePreserver,0.7500,0,6,801.8739,11824326250485796480,1
BackbonePreserver,0.7500,0,6,797.4513,10264966111433119558,1
BackbonePreserver,0.6944,0,7,841.6147,2577811159365091899,0
BackbonePreserver,0.6389,0,8,891.8734,5899886328508149433,0
BackbonePreserver,0.7222,0,7,812.2031,10264966111433119558,0
BackbonePreserver,0.7500,0,6,803.1277,4975891338178397411,1
BackbonePreserver,0.7500,0,6,816.4972,16588847154838108504,0
BackbonePreserver,0.7222,0,6,797.4513,10264966111433119558,1
BackbonePreserver,0.7500,0,7,797.8718,10264966111433119558,1
BackbonePreserver,0.7222,0,6,806.7850,7019505870457465348,1
BackbonePreserver,0.7222,0,6,797.4513,10264966111433119558,1
BackbonePreserver,0.7222,0,6,837.8491,193405139626264173,0
BackbonePreserver,0.7500,0,6,830.3328,5739212504447643914,0
BackbonePreserver,0.7222,0,7,866.2487,12712410742063293729,0
BackbonePreserver,0.6944,0,6,797.8718,10264966111433119558,1
BackbonePreserver,0.7222,0,6,797.4513,10264966111433119558,1
BackbonePreserver,0.6111,0,10,810.6053,10264966111433119558,0
BackbonePreserver,0.6944,0,8,831.4938,15865672196618607671,0
BackbonePreserver,0.7500,0,5,858.9745,15428664137859285929,0
BackbonePreserver,0.7500,0,7,804.0648,6063581546530241427,1
BackbonePreserver,0.7222,0,5,803.7866,199200466592558314,1
BackbonePreserver,0.7222,0,6,830.6709,11741168474939349512,0
BackbonePreserver,0.6944,0,7,807.8428,1547347882701649523,1
BackbonePreserver,0.6389,0,8,911.5608,4304857147611416496,0
BackbonePreserver,0.7222,0,7,797.4513,10264966111433119558,1
BackbonePreserver,0.6944,0,8,854.1142,5459299833285040038,0
BackbonePreserver,0.6667,0,10,825.6513,1547347882701649523,0
BackbonePreserver,0.7500,0,6,797.4513,10264966111433119558,1
BackbonePreserver,0.6389,0,9,817.8002,12333060991338731011,0
BackbonePreserver,0.6389,0,9,930.2744,5550668689955672604,0
BackbonePreserver,0.6944,0,7,797.4513,10264966111433119558,1
BackbonePreserver,0.7500,0,6,797.4513,10264966111433119558,1
BackbonePreserver,0.6667,0,8,848.4980,18132615387910801729,0
BackbonePreserver,0.7500,0,6,801.8739,11824326250485796480,1
BackbonePreserver,0.7222,0,6,803.7866,199200466592558314,1
BackbonePreserver,0.7500,0,7,797.4513,10264966111433119558,1
BackbonePreserver,0.7222,0,5,846.6440,10193339775716985021,0
BackbonePreserver,0.7222,0,6,797.4513,10264966111433119558,1
BackbonePreserver,0.7500,0,5,858.9745,15428664137859285929,0
BackbonePreserver,0.6944,0,9,797.4513,10264966111433119558,1
BackbonePreserver,0.6944,0,7,815.1484,11824326250485796480,0
BackbonePreserver,0.7500,0,7,804.0648,6063581546530241427,1
BackbonePreserver,0.7222,0,6,828.8892,167170242380040613,0
BackbonePreserver,0.7222,0,5,882.9100,1780495502382711778,0
BackbonePreserver,0.7500,0,6,820.4407,6251334824792168828,0
BackbonePreserver,0.6389,0,8,797.4513,10264966111433119558,1
BackbonePreserver,0.6389,0,9,820.9992,16153310431873527193,0
BackbonePreserver,0.7222,0,7,826.0082,5397702475199642,0
BackbonePreserver,0.7222,0,5,882.2986,7008376814418440272,0
BackbonePreserver,0.7500,0,7,797.4513,10264966111433119558,1
BackbonePreserver,0.6111,0,9,821.7963,10264966111433119558,0
BackbonePreserver,0.7500,0,6,797.4513,10264966111433119558,1
BackbonePreserver,0.7500,0,6,797.4513,10264966111433119558,1
BackbonePreserver,0.7500,0,7,797.4513,10264966111433119558,1
BackbonePreserver,0.7500,0,8,797.4513,10264966111433119558,1
BackbonePreserver,0.7500,0,6,797.4513,10264966111433119558,1
BackbonePreserver,0.6944,0,7,854.6170,2055257113323394818,0
BackbonePreserver,0.7222,0,7,828.8892,167170242380040613,0
BackbonePreserver,0.7500,0,5,826.6984,167170242380040613,0
BackbonePreserver,0.6944,0,6,894.4817,15345722007275874631,0
BackbonePreserver,0.7500,0,5,856.3183,6525921369121643958,0
BackbonePreserver,0.7500,0,6,834.3771,17491741963748787141,0
BackbonePreserver,0.7222,0,5,846.6440,10193339775716985021,0
BackbonePreserver,0.7222,0,8,797.4513,10264966111433119558,1
BackbonePreserver,0.7222,0,7,869.4031,6758715437398912598,0
BackbonePreserver,0.7500,0,7,797.4513,10264966111433119558,1
BackbonePreserver,0.7500,0,7,797.4513,10264966111433119558,1
BackbonePreserver,0.7500,0,7,834.3771,17491741963748787141,0
BackbonePreserver,0.7222,0,5,797.4513,10264966111433119558,1
BackbonePreserver,0.7222,0,6,864.3078,14223905124652714034,0
BackbonePreserver,0.7500,0,6,834.3771,17491741963748787141,0
BackbonePreserver,0.6944,0,8,817.6488,18330457431737338550,0
BackbonePreserver,0.7500,0,7,797.8718,10264966111433119558,1
BackbonePreserver,0.7500,0,5,812.2031,10264966111433119558,0
BackbonePreserver,0.7222,0,5,797.4513,10264966111433119558,1
BackbonePreserver,0.7222,0,6,828.3204,1941884731723026855,0
BackbonePreserver,0.7500,0,5,828.3204,1941884731723026855,0
BackbonePreserver,0.7500,0,6,828.3204,1941884731723026855,0
BackbonePreserver,0.6944,0,6,809.4431,11824326250485796480,1
BackbonePreserver,0.7500,0,7,820.9992,16153310431873527193,0
BackbonePreserver,0.7222,0,8,801.8739,11824326250485796480,1
BackbonePreserver,0.6667,0,8,858.1911,13364294852125887391,0
BackbonePreserver,0.7222,0,8,803.3111,13996102363368337268,1
BackbonePreserver,0.7500,0,5,797.4513,10264966111433119558,1
BackbonePreserver,0.7222,0,5,797.4513,10264966111433119558,1
BackbonePreserver,0.7222,0,6,812.6236,10264966111433119558,0
BackbonePreserver,0.7222,0,7,797.8718,10264966111433119558,1
BackbonePreserver,0.7222,0,7,797.4513,10264966111433119558,1
BackbonePreserver,0.7500,0,6,797.4513,10264966111433119558,1
BackbonePreserver,0.6667,0,7,797.4513,10264966111433119558,1
BackbonePreserver,0.6111,0,10,812.6236,10264966111433119558,0
BackbonePreserver,0.7500,0,5,840.5598,5710683711427225096,0
BackbonePreserver,0.7222,0,6,854.1142,5459299833285040038,0
BackbonePreserver,0.7500,0,6,854.7872,16759967664892776603,0
BackbonePreserver,0.7222,0,6,860.0162,15938824652988399837,0
BackbonePreserver,0.7222,0,6,810.6053,10264966111433119558,0
BackbonePreserver,0.7222,0,6,911.5608,4304857147611416496,0
BackbonePreserver,0.6389,0,8,813.0478,14351870524596083993,0
BackbonePreserver,0.6944,0,8,858.1911,13364294852125887391,0
BackbonePreserver,0.7222,0,8,797.4513,10264966111433119558,1
BackbonePreserver,0.7500,0,4,820.1789,11824326250485796480,0
BackbonePreserver,0.7222,0,8,846.4190,14413804658025960115,0
BackbonePreserver,0.7500,0,6,853.7405,391354705020787847,0
BackbonePreserver,0.6111,0,9,872.9268,13468586082648462068,0
BackbonePreserver,0.7222,0,7,887.0985,4623328874454717689,0
BackbonePreserver,0.6944,0,6,854.6170,2055257113323394818,0
BackbonePreserver,0.6389,0,10,862.4813,3227845520582800145,0
BackbonePreserver,0.7222,0,7,812.2031,10264966111433119558,0
BackbonePreserver,0.7500,0,5,820.9992,16153310431873527193,0
BackbonePreserver,0.6389,0,10,856.7975,17789279294523617662,0
BackbonePreserver,0.6944,0,9,821.7963,10264966111433119558,0
BackbonePreserver,0.7500,0,6,807.8428,1547347882701649523,1
BackbonePreserver,0.7222,0,5,828.3204,1941884731723026855,0
BackbonePreserver,0.7222,0,6,797.4513,10264966111433119558,1
BackbonePreserver,0.6667,0,9,870.3260,15255657957730929445,0
BackbonePreserver,0.6667,0,8,858.2689,11937368851231159798,0
BackbonePreserver,0.7222,0,6,846.6440,10193339775716985021,0
BackbonePreserver,0.7222,0,6,901.3999,5247596530097834968,0
BackbonePreserver,0.7500,0,5,837.3772,3294689474773879898,0
BackbonePreserver,0.6944,0,6,811.3205,11824326250485796480,0
BackbonePreserver,0.6944,0,6,835.0500,1317356837511439522,0
BackbonePreserver,0.7500,0,7,834.3771,17491741963748787141,0
BackbonePreserver,0.6944,0,8,797.4513,10264966111433119558,1
BackbonePreserver,0.7222,0,7,797.8718,10264966111433119558,1
BackbonePreserver,0.6667,0,8,844.0457,5084039809481129506,0
BackbonePreserver,0.7500,0,6,801.8739,11824326250485796480,1
BackbonePreserver,0.7222,0,6,886.8902,15039559791868912694,0
BackbonePreserver,0.6944,0,7,896.1979,1325588016315296484,0
BackbonePreserver,0.7500,0,7,817.8002,12333060991338731011,0
BackbonePreserver,0.6389,0,10,803.1277,4975891338178397411,1
BackbonePreserver,0.6389,0,9,797.4513,10264966111433119558,1
BackbonePreserver,0.7222,0,7,797.4513,10264966111433119558,1
BackbonePreserver,0.7500,0,6,834.3771,17491741963748787141,0
BackbonePreserver,0.7500,0,4,803.7866,199200466592558314,1
BackbonePreserver,0.7500,0,8,797.4513,10264966111433119558,1
BackbonePreserver,0.7500,0,5,828.3204,1941884731723026855,0
BackbonePreserver,0.6944,0,6,854.6170,2055257113323394818,0
BackbonePreserver,0.6389,0,10,797.8718,10264966111433119558,1
BackbonePreserver,0.7222,0,6,797.4513,10264966111433119558,1
BackbonePreserver,0.6944,0,7,811.3205,11824326250485796480,0
BackbonePreserver,0.7500,0,6,804.0648,6063581546530241427,1
BackbonePreserver,0.7222,0,6,911.5608,4304857147611416496,0
BackbonePreserver,0.7500,0,6,804.0648,6063581546530241427,1
BackbonePreserver,0.7500,0,5,797.4513,10264966111433119558,1
BackbonePreserver,0.7500,0,5,867.9352,14327825350476894227,0
BackbonePreserver,0.7222,0,7,797.4513,10264966111433119558,1
BackbonePreserver,0.6667,0,8,797.4513,10264966111433119558,1
BackbonePreserver,0.7500,0,7,841.0370,17811921967933490631,0
BackbonePreserver,0.7500,0,6,858.9745,15428664137859285929,0
BackbonePreserver,0.7500,0,7,819.5946,10471239690568628658,0
BackbonePreserver,0.6667,0,8,810.6053,10264966111433119558,0
BackbonePreserver,0.7222,0,8,797.4513,10264966111433119558,1
BackbonePreserver,0.6667,0,8,816.4278,15328930014682100007,0
BackbonePreserver,0.7222,0,7,797.4513,10264966111433119558,1
BackbonePreserver,0.6944,0,7,830.6709,11741168474939349512,0
BackbonePreserver,0.7222,0,7,797.4513,10264966111433119558,1
BackbonePreserver,0.7222,0,6,797.4513,10264966111433119558,1
BackbonePreserver,0.7500,0,6,858.9745,15428664137859285929,0
BackbonePreserver,0.6944,0,7,797.4513,10264966111433119558,1
BackbonePreserver,0.7222,0,6,825.1397,11824326250485796480,0
BackbonePreserver,0.7500,0,6,858.9745,15428664137859285929,0
BackbonePreserver,0.7500,0,7,834.3771,17491741963748787141,0
BackbonePreserver,0.6111,0,10,797.4513,10264966111433119558,1
BackbonePreserver,0.7222,0,7,797.4513,10264966111433119558,1
BackbonePreserver,0.6944,0,7,854.6170,2055257113323394818,0
BackbonePreserver,0.6667,0,8,820.1789,11824326250485796480,0
BackbonePreserver,0.6667,0,9,810.5735,6307814058645704904,0
BackbonePreserver,0.7500,0,5,826.6984,167170242380040613,0
BackbonePreserver,0.7222,0,7,820.7058,7079382817155203333,0
BackbonePreserver,0.6944,0,6,820.7058,7079382817155203333,0
BackbonePreserver,0.7222,0,6,797.4513,10264966111433119558,1
BackbonePreserver,0.6944,0,7,854.6170,2055257113323394818,0
BackbonePreserver,0.6667,0,8,812.2031,10264966111433119558,0
BackbonePreserver,0.7500,0,5,797.4513,10264966111433119558,1
BackbonePreserver,0.7222,0,6,797.4513,10264966111433119558,1
BackbonePreserver,0.7222,0,8,888.8894,7805103542425217532,0
BackbonePreserver,0.7222,0,7,828.8892,167170242380040613,0
BackbonePreserver,0.6944,0,7,896.1979,1325588016315296484,0
BackbonePreserver,0.7500,0,7,857.9613,17715981148166012917,0
BackbonePreserver,0.7222,0,6,810.6053,10264966111433119558,0
BackbonePreserver,0.7222,0,7,882.9100,1780495502382711778,0
BackbonePreserver,0.6944,0,8,797.4513,10264966111433119558,1
BackbonePreserver,0.7500,0,7,834.3771,17491741963748787141,0
BackbonePreserver,0.7222,0,6,803.7866,199200466592558314,1
BackbonePreserver,0.7222,0,7,820.7217,9385435922064181659,0
BackbonePreserver,0.7222,0,5,828.7001,10121627615558797951,0
BackbonePreserver,0.7500,0,6,835.8916,17374426709012510531,0
BackbonePreserver,0.7222,0,7,797.4513,10264966111433119558,1
BackbonePreserver,0.7500,0,5,828.3204,1941884731723026855,0
BackbonePreserver,0.7222,0,5,887.1229,18122210244877673732,0
BackbonePreserver,0.6111,0,9,840.5855,9261302754911742891,0
BackbonePreserver,0.7222,0,8,801.8739,11824326250485796480,1
BackbonePreserver,0.7500,0,8,810.6053,10264966111433119558,0
BackbonePreserver,0.7500,0,6,801.8739,11824326250485796480,1
BackbonePreserver,0.6667,0,10,856.9836,12254746053784347469,0
BackbonePreserver,0.6667,0,10,797.8718,10264966111433119558,1
BackbonePreserver,0.7222,0,6,797.4513,10264966111433119558,1
BackbonePreserver,0.7222,0,6,797.4513,10264966111433119558,1
BackbonePreserver,0.6944,0,6,835.0500,1317356837511439522,0
BackbonePreserver,0.7222,0,6,828.3204,1941884731723026855,0
BackbonePreserver,0.7500,0,6,797.4513,10264966111433119558,1
BackbonePreserver,0.7222,0,6,803.1277,4975891338178397411,1
BackbonePreserver,0.6111,0,8,827.6950,10450257694820613469,0
BackbonePreserver,0.7222,0,5,845.9556,6954008508939780195,0
BackbonePreserver,0.6944,0,6,855.5094,1732194121446099175,0
BackbonePreserver,0.6667,0,10,820.9992,16153310431873527193,0
BackbonePreserver,0.6944,0,6,797.8718,10264966111433119558,1
BackbonePreserver,0.7500,0,7,820.9992,16153310431873527193,0
BackbonePreserver,0.6944,0,7,887.1229,18122210244877673732,0
BackbonePreserver,0.7222,0,7,837.3408,9960454277854095025,0
BackbonePreserver,0.7500,0,8,844.8998,914318999449806448,0
BackbonePreserver,0.7500,0,7,797.4513,10264966111433119558,1
BackbonePreserver,0.7500,0,7,854.1142,5459299833285040038,0
BackbonePreserver,0.6111,0,9,797.4513,10264966111433119558,1
BackbonePreserver,0.7222,0,6,797.4513,10264966111433119558,1
BackbonePreserver,0.7500,0,6,830.3328,5739212504447643914,0
BackbonePreserver,0.7222,0,6,797.4513,10264966111433119558,1
BackbonePreserver,0.7500,0,7,804.0648,6063581546530241427,1
BackbonePreserver,0.7222,0,5,820.9992,16153310431873527193,0
BackbonePreserver,0.7222,0,7,801.8739,11824326250485796480,1
BackbonePreserver,0.7500,0,5,853.7405,391354705020787847,0
BackbonePreserver,0.7500,0,5,890.6573,1964745571346111489,0
BackbonePreserver,0.7222,0,7,797.8718,10264966111433119558,1
BackbonePreserver,0.7500,0,4,820.1789,11824326250485796480,0
BackbonePreserver,0.6944,0,9,849.0796,12329238839345201593,0
BackbonePreserver,0.7500,0,8,797.4513,10264966111433119558,1
BackbonePreserver,0.6389,0,9,820.9992,16153310431873527193,0
BackbonePreserver,0.7222,0,7,797.4513,10264966111433119558,1
BackbonePreserver,0.6944,0,7,797.8718,10264966111433119558,1
BackbonePreserver,0.6389,0,10,827.1920,9737337230250925581,0
BackbonePreserver,0.7500,0,5,797.4513,10264966111433119558,1
BackbonePreserver,0.6944,0,7,801.8739,11824326250485796480,1
BackbonePreserver,0.7500,0,6,797.4513,10264966111433119558,1
BackbonePreserver,0.7222,0,8,803.1277,4975891338178397411,1
BackbonePreserver,0.6667,0,8,888.6808,15479487055833292131,0
BackbonePreserver,0.7500,0,7,797.8718,10264966111433119558,1
BackbonePreserver,0.7222,0,6,857.9648,7553523963272030806,0
BackbonePreserver,0.7222,0,8,797.4513,10264966111433119558,1
BackbonePreserver,0.7222,0,7,797.4513,10264966111433119558,1
BackbonePreserver,0.7500,0,5,848.0517,15928693899058039641,0
BackbonePreserver,0.7500,0,6,797.4513,10264966111433119558,1
BackbonePreserver,0.7222,0,5,810.5735,6307814058645704904,0
BackbonePreserver,0.6667,0,8,877.1565,3223924296521772314,0
BackbonePreserver,0.6389,0,10,820.7058,7079382817155203333,0
BackbonePreserver,0.6667,0,8,797.4513,10264966111433119558,1
BackbonePreserver,0.7222,0,5,797.4513,10264966111433119558,1
BackbonePreserver,0.7500,0,7,803.1277,4975891338178397411,1
BackbonePreserver,0.6944,0,6,797.8718,10264966111433119558,1
BackbonePreserver,0.6944,0,7,856.1128,13582174528403163755,0
BackbonePreserver,0.7500,0,6,830.3328,5739212504447643914,0
BackbonePreserver,0.7222,0,7,797.8718,10264966111433119558,1
BackbonePreserver,0.7500,0,7,797.4513,10264966111433119558,1
BackbonePreserver,0.7500,0,6,797.4513,10264966111433119558,1
BackbonePreserver,0.7222,0,7,801.8739,11824326250485796480,1
BackbonePreserver,0.7500,0,5,825.1397,11824326250485796480,0
BackbonePreserver,0.7500,0,6,820.7058,7079382817155203333,0
BackbonePreserver,0.7500,0,5,797.4513,10264966111433119558,1
BackbonePreserver,0.7500,0,5,838.3980,14072564491443497810,0
BackbonePreserver,0.6944,0,9,837.0609,15419261188216186113,0
BackbonePreserver,0.6667,0,7,879.9453,15039559791868912694,0
BackbonePreserver,0.6944,0,7,858.1911,13364294852125887391,0
BackbonePreserver,0.7222,0,6,812.2031,10264966111433119558,0
BackbonePreserver,0.6667,0,7,810.6053,10264966111433119558,0
BackbonePreserver,0.6944,0,6,803.7866,199200466592558314,1
BackbonePreserver,0.7500,0,4,803.7866,199200466592558314,1
BackbonePreserver,0.7222,0,5,797.4513,10264966111433119558,1
BackbonePreserver,0.7222,0,6,887.1941,15958421369742875667,0
BackbonePreserver,0.7222,0,7,836.1311,2574341201668446121,0
BackbonePreserver,0.7500,0,7,797.8718,10264966111433119558,1
BackbonePreserver,0.6667,0,7,843.4393,13364294852125887391,0
BackbonePreserver,0.7500,0,6,798.9434,678773149692492076,1
BackbonePreserver,0.7500,0,6,797.4513,10264966111433119558,1
BackbonePreserver,0.7222,0,7,847.3325,8527756146757807131,0
BackbonePreserver,0.7500,0,6,820.7058,7079382817155203333,0
BackbonePreserver,0.7222,0,5,802.6007,1683420027325650615,1
BackbonePreserver,0.7500,0,5,828.3204,1941884731723026855,0
BackbonePreserver,0.7222,0,6,887.1229,18122210244877673732,0
BackbonePreserver,0.7222,0,7,803.3111,13996102363368337268,1
BackbonePreserver,0.7500,0,7,834.3771,17491741963748787141,0
BackbonePreserver,0.7500,0,6,830.3328,5739212504447643914,0
BackbonePreserver,0.7222,0,6,797.4513,10264966111433119558,1
BackbonePreserver,0.6389,0,9,856.5659,4585672592267420656,0
BackbonePreserver,0.7222,0,5,877.0340,741364091068320587,0
BackbonePreserver,0.7500,0,6,797.4513,10264966111433119558,1
BackbonePreserver,0.7222,0,5,815.1484,11824326250485796480,0
BackbonePreserver,0.7500,0,6,797.4513,10264966111433119558,1
BackbonePreserver,0.6944,0,10,810.6053,10264966111433119558,0
BackbonePreserver,0.6667,0,7,833.9391,1103119652847250116,0
BackbonePreserver,0.6944,0,7,803.7866,199200466592558314,1
BackbonePreserver,0.7500,0,5,890.6573,1964745571346111489,0
BackbonePreserver,0.7500,0,6,838.8069,1388779656997143718,0
BackbonePreserver,0.7222,0,7,810.5735,6307814058645704904,0
BackbonePreserver,0.7500,0,6,830.3328,5739212504447643914,0
BackbonePreserver,0.6389,0,7,850.6171,2171289825098762274,0
BackbonePreserver,0.7500,0,7,797.4513,10264966111433119558,1
BackbonePreserver,0.7500,0,6,834.3771,17491741963748787141,0
BackbonePreserver,0.6111,0,9,857.6863,15350698091460695919,0
BackbonePreserver,0.7500,0,6,858.9745,15428664137859285929,0
BackbonePreserver,0.7500,0,6,819.5007,13225244327087722692,0
BackbonePreserver,0.7500,0,6,811.3003,4711019678756631762,0
BackbonePreserver,0.7222,0,6,797.4513,10264966111433119558,1
BackbonePreserver,0.7500,0,6,827.5683,5868812619231253220,0
BackbonePreserver,0.7500,0,6,803.7866,199200466592558314,1
BackbonePreserver,0.7500,0,6,797.4513,10264966111433119558,1
BackbonePreserver,0.6944,0,5,832.5019,3559279076653412902,0
BackbonePreserver,0.7222,0,5,856.1938,1941884731723026855,0
BackbonePreserver,0.7222,0,6,804.0648,6063581546530241427,1
BackbonePreserver,0.6944,0,6,854.6170,2055257113323394818,0
BackbonePreserver,0.5556,0,12,827.7977,11193401417425036634,0
BackbonePreserver,0.7222,0,8,820.9992,16153310431873527193,0
BackbonePreserver,0.7500,0,5,864.7297,10047783376024839269,0
BackbonePreserver,0.5833,0,11,804.0648,6063581546530241427,1
BackbonePreserver,0.7222,0,6,911.5608,4304857147611416496,0
BackbonePreserver,0.6944,0,8,821.1781,15276371457772871461,0
BackbonePreserver,0.7222,0,6,857.9648,7553523963272030806,0
BackbonePreserver,0.7500,0,6,826.0082,5397702475199642,0
BackbonePreserver,0.7222,0,6,797.4513,10264966111433119558,1
BackbonePreserver,0.6944,0,7,803.7866,199200466592558314,1
BackbonePreserver,0.7222,0,6,806.7850,7019505870457465348,1
BackbonePreserver,0.6111,0,10,894.2504,8795901841319951770,0
BackbonePreserver,0.7222,0,6,835.6781,16111095867936497187,0
BackbonePreserver,0.6111,0,10,803.1277,4975891338178397411,1
BackbonePreserver,0.7222,0,7,803.1277,4975891338178397411,1
BackbonePreserver,0.7500,0,6,804.0648,6063581546530241427,1
BackbonePreserver,0.7222,0,8,828.7001,10121627615558797951,0
BackbonePreserver,0.7222,0,8,797.4513,10264966111433119558,1
BackbonePreserver,0.7222,0,6,846.6440,10193339775716985021,0
BackbonePreserver,0.6944,0,7,811.3205,11824326250485796480,0
BackbonePreserver,0.7500,0,5,825.1397,11824326250485796480,0
BackbonePreserver,0.6944,0,7,812.2031,10264966111433119558,0
BackbonePreserver,0.6944,0,7,797.4513,10264966111433119558,1
BackbonePreserver,0.7222,0,7,797.4513,10264966111433119558,1
BackboneDestroyer,0.7222,8,0,798.9434,678773149692492076,1
BackboneDestroyer,0.5556,10,0,916.1229,7895274244888825783,0
BackboneDestroyer,0.5833,10,0,846.1327,13466218606910073115,0
BackboneDestroyer,0.6944,8,0,798.9434,678773149692492076,1
BackboneDestroyer,0.5278,12,0,884.0941,8884068258289411739,0
BackboneDestroyer,0.6667,10,0,812.2031,10264966111433119558,0
BackboneDestroyer,0.6111,11,0,895.8341,3966042874958730911,0
BackboneDestroyer,0.6667,9,0,896.4016,14988234594569102122,0
BackboneDestroyer,0.6667,9,0,820.8613,6251334824792168828,0
BackboneDestroyer,0.7500,8,0,836.8092,2868724174853822375,0
BackboneDestroyer,0.6389,9,0,811.0690,3528913281522819585,0
BackboneDestroyer,0.6667,8,0,946.4434,4562484030188263898,0
BackboneDestroyer,0.7222,8,0,862.7309,3639839042834579896,0
BackboneDestroyer,0.6944,8,0,835.0477,4748945388939145454,0
BackboneDestroyer,0.5556,12,0,799.6422,10264966111433119558,1
BackboneDestroyer,0.6944,8,0,864.2365,9987058496719312766,0
BackboneDestroyer,0.7500,8,0,817.9923,16150261068118086330,0
BackboneDestroyer,0.6667,9,0,822.5776,11811168530275145137,0
BackboneDestroyer,0.6667,8,0,844.3676,10008839776636303350,0
BackboneDestroyer,0.6944,9,0,910.6215,11721262661780401533,0
BackboneDestroyer,0.6944,8,0,827.3525,6942061030029042200,0
BackboneDestroyer,0.5556,11,0,851.0655,8490059619438696882,0
BackboneDestroyer,0.6667,9,0,800.0627,10264966111433119558,1
BackboneDestroyer,0.6667,8,0,848.2293,5637881863515304567,0
BackboneDestroyer,0.6111,11,0,865.4402,3400012782567850604,0
BackboneDestroyer,0.7222,8,0,819.5007,13225244327087722692,0
BackboneDestroyer,0.6667,11,0,851.3250,2638821466695981864,0
BackboneDestroyer,0.5556,11,0,868.2330,648031033498055615,0
BackboneDestroyer,0.6667,8,0,820.1531,1799920800935451210,0
BackboneDestroyer,0.6667,8,0,835.4307,3444980119119542469,0
BackboneDestroyer,0.5278,12,0,900.5941,5586099286317458678,0
BackboneDestroyer,0.5833,10,0,810.5735,6307814058645704904,0
BackboneDestroyer,0.5833,11,0,901.7631,9812760923488333335,0
BackboneDestroyer,0.6111,11,0,797.4513,10264966111433119558,1
BackboneDestroyer,0.5278,12,0,811.3003,4711019678756631762,0
BackboneDestroyer,0.7222,8,0,846.6733,17258042547520743720,0
BackboneDestroyer,0.7222,8,0,797.8718,10264966111433119558,1
BackboneDestroyer,0.6944,8,0,828.7001,10121627615558797951,0
BackboneDestroyer,0.5556,12,0,898.3401,4999097296562053508,0
BackboneDestroyer,0.6389,9,0,879.2455,5916333726921392949,0
BackboneDestroyer,0.6667,8,0,797.4513,10264966111433119558,1
BackboneDestroyer,0.6111,11,0,884.5745,10939794398553128952,0
BackboneDestroyer,0.7222,9,0,952.3109,5864357576569075358,0
BackboneDestroyer,0.6111,11,0,797.8718,10264966111433119558,1
BackboneDestroyer,0.5556,12,0,893.8997,1698534063321547698,0
BackboneDestroyer,0.6389,8,0,858.9035,8988308289390542560,0
BackboneDestroyer,0.6389,8,0,973.4581,11184173388345168951,0
BackboneDestroyer,0.6111,10,0,816.4972,16588847154838108504,0
BackboneDestroyer,0.7222,8,0,864.9727,15866484055022791437,0
BackboneDestroyer,0.6667,8,0,839.7646,12162105472004762330,0
BackboneDestroyer,0.6389,8,0,855.2212,12775982475680563468,0
BackboneDestroyer,0.5556,11,0,842.7266,238536661053097708,0
BackboneDestroyer,0.6944,8,0,828.7001,10121627615558797951,0
BackboneDestroyer,0.6389,8,0,797.4513,10264966111433119558,1
BackboneDestroyer,0.5833,10,0,836.8092,2868724174853822375,0
BackboneDestroyer,0.6389,8,0,879.0591,12415936964330183596,0
BackboneDestroyer,0.6111,10,0,864.2109,13537731011536477188,0
BackboneDestroyer,0.7222,9,0,863.6924,15766161298074906537,0
BackboneDestroyer,0.6111,11,0,835.4307,3444980119119542469,0
BackboneDestroyer,0.5278,13,0,855.4990,12872673557474097063,0
BackboneDestroyer,0.5833,10,0,895.6032,2162483200705153468,0
BackboneDestroyer,0.6667,10,0,873.6642,14902307916685324384,0
BackboneDestroyer,0.6389,8,0,869.6050,409741509964097941,0
BackboneDestroyer,0.6944,9,0,823.4085,9982274638534093346,0
BackboneDestroyer,0.6389,11,0,836.8092,2868724174853822375,0
BackboneDestroyer,0.6667,8,0,797.4513,10264966111433119558,1
BackboneDestroyer,0.6111,10,0,818.6240,2867324206358085349,0
BackboneDestroyer,0.6111,10,0,816.4972,16588847154838108504,0
BackboneDestroyer,0.5556,11,0,840.7155,4779869702415847703,0
BackboneDestroyer,0.5833,10,0,817.9923,16150261068118086330,0
BackboneDestroyer,0.7222,9,0,859.9659,5872779044609625329,0
BackboneDestroyer,0.6111,9,0,881.4231,14046530029737659952,0
BackboneDestroyer,0.5556,11,0,893.3291,7694878775158765879,0
BackboneDestroyer,0.6111,11,0,797.4513,10264966111433119558,1
BackboneDestroyer,0.7500,8,0,840.7268,8144328068228743802,0
BackboneDestroyer,0.6389,10,0,858.7834,12022232073232502992,0
BackboneDestroyer,0.6667,9,0,885.2689,389456541375178585,0
BackboneDestroyer,0.6667,9,0,911.6948,13434632284583164310,0
BackboneDestroyer,0.6667,9,0,797.4513,10264966111433119558,1
BackboneDestroyer,0.6667,8,0,869.5961,12626007556925264902,0
BackboneDestroyer,0.6111,10,0,917.1700,12092900260430520259,0
BackboneDestroyer,0.7222,9,0,872.4736,17353553651697678537,0
BackboneDestroyer,0.6111,10,0,818.2542,6846163816978031843,0
BackboneDestroyer,0.7222,8,0,803.3936,11824326250485796480,1
BackboneDestroyer,0.5833,12,0,850.4308,16959056024523522153,0
BackboneDestroyer,0.6667,8,0,836.0613,2098140014029165797,0
BackboneDestroyer,0.6944,10,0,857.7421,9702109077219505544,0
BackboneDestroyer,0.5556,11,0,930.0635,4102917599112554402,0
BackboneDestroyer,0.6389,10,0,841.3751,1137483353308742874,0
BackboneDestroyer,0.6389,10,0,894.7054,18278571667215970967,0
BackboneDestroyer,0.7222,9,0,797.4513,10264966111433119558,1
BackboneDestroyer,0.6389,9,0,797.4513,10264966111433119558,1
BackboneDestroyer,0.6389,11,0,820.7058,7079382817155203333,0
BackboneDestroyer,0.6111,10,0,837.3199,9149955604146687031,0
BackboneDestroyer,0.6111,11,0,903.7876,3926203556402341371,0
BackboneDestroyer,0.6944,8,0,869.6050,409741509964097941,0
BackboneDestroyer,0.5278,12,0,837.6726,18145985235763596715,0
BackboneDestroyer,0.6389,9,0,893.9689,18092839026407254376,0
BackboneDestroyer,0.5833,11,0,838.4979,11741168474939349512,0
BackboneDestroyer,0.7500,8,0,837.6726,18145985235763596715,0
BackboneDestroyer,0.6389,11,0,872.1423,8949568510203671307,0
BackboneDestroyer,0.5556,12,0,825.4816,12292483739457138691,0
BackboneDestroyer,0.5556,11,0,820.5115,7282138676726714151,0
BackboneDestroyer,0.5833,10,0,819.6692,5976359785007467716,0
BackboneDestroyer,0.6944,10,0,876.5618,6400903649277951169,0
BackboneDestroyer,0.5278,13,0,828.7001,10121627615558797951,0
BackboneDestroyer,0.5833,10,0,826.3874,3711879101473271551,0
BackboneDestroyer,0.6389,9,0,861.8236,12158236998264673348,0
BackboneDestroyer,0.6389,10,0,861.4773,4100989211818425135,0
BackboneDestroyer,0.6667,8,0,842.3421,14779434136486198673,0
BackboneDestroyer,0.6667,9,0,822.5776,11811168530275145137,0
BackboneDestroyer,0.5833,12,0,874.9935,10155202397166574641,0
BackboneDestroyer,0.6667,9,0,837.2446,8377349140786276264,0
BackboneDestroyer,0.7222,9,0,889.5609,8216976513985190767,0
BackboneDestroyer,0.6944,8,0,797.4513,10264966111433119558,1
BackboneDestroyer,0.6944,9,0,797.4513,10264966111433119558,1
BackboneDestroyer,0.7222,9,0,798.9434,678773149692492076,1
BackboneDestroyer,0.6111,11,0,871.3935,12744366930802612360,0
BackboneDestroyer,0.5833,10,0,862.3420,9516018541494876496,0
BackboneDestroyer,0.6944,8,0,797.4513,10264966111433119558,1
BackboneDestroyer,0.6111,10,0,893.8210,11882398495454922575,0
BackboneDestroyer,0.5833,11,0,821.4331,10067872278041119297,0
BackboneDestroyer,0.6389,10,0,849.0681,8152890429832592461,0
BackboneDestroyer,0.6667,9,0,820.2431,16549365021343471878,0
BackboneDestroyer,0.6111,10,0,800.0627,10264966111433119558,1
BackboneDestroyer,0.7222,8,0,836.8092,2868724174853822375,0
BackboneDestroyer,0.6111,12,0,852.4591,10461958956750997799,0
BackboneDestroyer,0.6667,10,0,839.3591,1901274594690967491,0
BackboneDestroyer,0.6667,8,0,860.8638,4189601686158954538,0
BackboneDestroyer,0.6389,9,0,824.0412,7282138676726714151,0
BackboneDestroyer,0.6944,8,0,895.3315,10846364840811007455,0
BackboneDestroyer,0.6944,8,0,885.8488,6858846026351134442,0
BackboneDestroyer,0.5278,13,0,816.4972,16588847154838108504,0
BackboneDestroyer,0.6111,10,0,816.2453,3030673687312833173,0
BackboneDestroyer,0.6944,9,0,854.4855,14870403583132540133,0
BackboneDestroyer,0.6111,9,0,909.0845,11045468801895055914,0
BackboneDestroyer,0.6944,8,0,891.4896,9684555179834665220,0
BackboneDestroyer,0.5556,12,0,852.7832,13994630371753901841,0
BackboneDestroyer,0.6667,8,0,838.3404,10031865751767568033,0
BackboneDestroyer,0.7222,8,0,798.9434,678773149692492076,1
BackboneDestroyer,0.5000,13,0,811.0690,3528913281522819585,0
BackboneDestroyer,0.7222,8,0,803.1277,4975891338178397411,1
BackboneDestroyer,0.6944,9,0,856.7959,16186927151600993709,0
BackboneDestroyer,0.5556,12,0,840.3448,4332161712212489198,0
BackboneDestroyer,0.6111,10,0,883.0188,5771864594629811871,0
BackboneDestroyer,0.6667,9,0,876.4231,6881002776245933723,0
BackboneDestroyer,0.6111,10,0,894.4560,17394235011706934151,0
BackboneDestroyer,0.5278,13,0,866.2395,322137083546678916,0
BackboneDestroyer,0.6111,9,0,828.7001,10121627615558797951,0
BackboneDestroyer,0.6667,10,0,817.9923,16150261068118086330,0
BackboneDestroyer,0.5833,10,0,891.4573,2909815758509437490,0
BackboneDestroyer,0.6389,10,0,817.1960,3331220801269000902,0
BackboneDestroyer,0.7222,9,0,837.6726,18145985235763596715,0
BackboneDestroyer,0.6944,9,0,821.7963,10264966111433119558,0
BackboneDestroyer,0.6667,9,0,800.0627,10264966111433119558,1
BackboneDestroyer,0.6111,11,0,823.1901,16153310431873527193,0
BackboneDestroyer,0.6389,10,0,801.8739,11824326250485796480,1
BackboneDestroyer,0.6389,10,0,850.2179,2533513701727667503,0
BackboneDestroyer,0.5000,14,0,822.5776,11811168530275145137,0
BackboneDestroyer,0.6667,8,0,846.5766,9995110248601291919,0
BackboneDestroyer,0.5000,12,0,850.3423,3894901114465266957,0
BackboneDestroyer,0.6667,9,0,991.3199,2148702512495029828,0
BackboneDestroyer,0.6944,8,0,856.3898,3755121859064447869,0
BackboneDestroyer,0.7222,8,0,818.2542,6846163816978031843,0
BackboneDestroyer,0.6944,9,0,810.5735,6307814058645704904,0
BackboneDestroyer,0.6389,9,0,797.4513,10264966111433119558,1
BackboneDestroyer,0.6944,8,0,801.8739,11824326250485796480,1
BackboneDestroyer,0.7222,8,0,857.7421,9702109077219505544,0
BackboneDestroyer,0.5556,12,0,887.4966,3683646274093667581,0
BackboneDestroyer,0.5278,13,0,839.3605,2542412132892670305,0
BackboneDestroyer,0.5833,11,0,894.1985,11858102950639435977,0
BackboneDestroyer,0.6667,9,0,857.7017,8751209803230902836,0
BackboneDestroyer,0.6667,8,0,797.4513,10264966111433119558,1
BackboneDestroyer,0.7500,8,0,797.4513,10264966111433119558,1
BackboneDestroyer,0.6389,9,0,797.4513,10264966111433119558,1
BackboneDestroyer,0.6944,9,0,840.9450,13383343620214730433,0
BackboneDestroyer,0.7222,8,0,850.6631,8527881694570959996,0
BackboneDestroyer,0.6111,9,0,929.1177,7007169792835337969,0
BackboneDestroyer,0.6667,9,0,877.5659,658352875517233104,0
BackboneDestroyer,0.7222,8,0,797.4513,10264966111433119558,1
BackboneDestroyer,0.6111,11,0,824.0412,7282138676726714151,0
BackboneDestroyer,0.6667,8,0,797.4513,10264966111433119558,1
BackboneDestroyer,0.7222,9,0,811.3003,4711019678756631762,0
BackboneDestroyer,0.5833,10,0,812.2031,10264966111433119558,0
BackboneDestroyer,0.6389,9,0,888.5499,12214699117512160933,0
BackboneDestroyer,0.7500,8,0,830.9485,16876237720680841096,0
BackboneDestroyer,0.6389,9,0,836.8092,2868724174853822375,0
BackboneDestroyer,0.5556,13,0,886.3200,2313468311409173359,0
BackboneDestroyer,0.6944,9,0,817.9923,16150261068118086330,0
BackboneDestroyer,0.5000,12,0,848.2814,17787625248272873469,0
BackboneDestroyer,0.5556,11,0,837.8966,8818872036638609614,0
BackboneDestroyer,0.6389,11,0,888.6916,7430996181481472093,0
BackboneDestroyer,0.6944,8,0,897.8697,8380397648165763285,0
BackboneDestroyer,0.6944,8,0,798.9434,678773149692492076,1
BackboneDestroyer,0.6944,9,0,811.0690,3528913281522819585,0
BackboneDestroyer,0.6111,11,0,898.3335,9573273981475789631,0
BackboneDestroyer,0.6667,9,0,797.8718,10264966111433119558,1
BackboneDestroyer,0.6389,9,0,816.4972,16588847154838108504,0
BackboneDestroyer,0.6389,11,0,850.7927,549346102991433556,0
BackboneDestroyer,0.6667,8,0,852.4966,13737893565095709060,0
BackboneDestroyer,0.6667,8,0,837.3199,9149955604146687031,0
BackboneDestroyer,0.6111,8,0,812.2031,10264966111433119558,0
BackboneDestroyer,0.6111,9,0,817.8002,12333060991338731011,0
BackboneDestroyer,0.5278,12,0,880.1651,10424811742892708579,0
BackboneDestroyer,0.5833,12,0,924.7583,15995109916423950126,0
BackboneDestroyer,0.5278,13,0,848.1386,7373780685226667326,0
BackboneDestroyer,0.6389,10,0,844.3676,10008839776636303350,0
BackboneDestroyer,0.7222,8,0,875.1339,5583790296032896681,0
BackboneDestroyer,0.6944,9,0,835.4307,3444980119119542469,0
BackboneDestroyer,0.6944,10,0,854.2898,8462279606551421585,0
BackboneDestroyer,0.6389,10,0,831.2467,4565986850094687243,0
BackboneDestroyer,0.6944,10,0,798.9434,678773149692492076,1
BackboneDestroyer,0.6111,8,0,888.7152,15308444398065367601,0
BackboneDestroyer,0.5556,13,0,920.7884,3077089674808937689,0
BackboneDestroyer,0.6667,8,0,835.4307,3444980119119542469,0
BackboneDestroyer,0.6944,8,0,799.6422,10264966111433119558,1
BackboneDestroyer,0.6667,9,0,845.7092,7373780685226667326,0
BackboneDestroyer,0.6389,9,0,882.3222,10211914456976928452,0
BackboneDestroyer,0.7222,8,0,840.3448,4332161712212489198,0
BackboneDestroyer,0.6389,10,0,801.8739,11824326250485796480,1
BackboneDestroyer,0.6111,11,0,835.4307,3444980119119542469,0
BackboneDestroyer,0.5833,10,0,848.9561,16798683940163834212,0
BackboneDestroyer,0.6389,10,0,877.0329,11416320138640539124,0
BackboneDestroyer,0.7222,8,0,867.4833,12600317856918183362,0
BackboneDestroyer,0.5556,12,0,820.1531,1799920800935451210,0
BackboneDestroyer,0.5833,11,0,810.5735,6307814058645704904,0
BackboneDestroyer,0.6944,8,0,876.9231,7987679693914979179,0
BackboneDestroyer,0.6389,10,0,903.5113,13472091307146937613,0
BackboneDestroyer,0.6111,11,0,835.5793,10301435440714849646,0
BackboneDestroyer,0.5556,12,0,893.1641,13459313695241975114,0
BackboneDestroyer,0.6944,9,0,800.0627,10264966111433119558,1
BackboneDestroyer,0.7500,8,0,884.5745,10939794398553128952,0
BackboneDestroyer,0.6667,10,0,871.3191,14363267216853733475,0
BackboneDestroyer,0.6389,10,0,811.3003,4711019678756631762,0
BackboneDestroyer,0.5556,12,0,852.3245,16763093284842478260,0
BackboneDestroyer,0.6944,8,0,855.7353,6868657193775329652,0
BackboneDestroyer,0.6111,10,0,852.4724,15654068327717318054,0
BackboneDestroyer,0.7222,8,0,898.6289,18079188025860890577,0
BackboneDestroyer,0.7500,8,0,910.1841,473193263292063916,0
BackboneDestroyer,0.6389,10,0,841.3751,1137483353308742874,0
BackboneDestroyer,0.6667,8,0,848.0991,12114194258740676258,0
BackboneDestroyer,0.6944,8,0,797.4513,10264966111433119558,1
BackboneDestroyer,0.6389,9,0,885.7833,10425462643848867792,0
BackboneDestroyer,0.6111,10,0,854.3517,559743300598185080,0
BackboneDestroyer,0.7500,8,0,797.8718,10264966111433119558,1
BackboneDestroyer,0.6389,10,0,851.5789,2809069905135405405,0
BackboneDestroyer,0.6667,9,0,880.7030,3448989545176740205,0
BackboneDestroyer,0.7222,8,0,927.4687,5171609693472589510,0
BackboneDestroyer,0.5556,13,0,895.6920,1596409425072972086,0
BackboneDestroyer,0.6667,10,0,872.8856,16198449451493279182,0
BackboneDestroyer,0.7500,8,0,853.5577,3089569824509476672,0
BackboneDestroyer,0.6667,8,0,869.6290,12490613451394784679,0
BackboneDestroyer,0.5833,10,0,865.2088,17743247247968170415,0
BackboneDestroyer,0.6944,9,0,804.1204,1683420027325650615,1
BackboneDestroyer,0.6111,11,0,858.0029,10404330615862539627,0
BackboneDestroyer,0.6667,10,0,851.2445,14212206600410285634,0
BackboneDestroyer,0.6667,8,0,821.9604,6251334824792168828,0
BackboneDestroyer,0.5556,11,0,849.9676,12147952591984359606,0
BackboneDestroyer,0.6389,9,0,843.1019,1771785619489269024,0
BackboneDestroyer,0.6667,10,0,855.8379,17228073018598345969,0
BackboneDestroyer,0.6389,9,0,850.2179,2533513701727667503,0
BackboneDestroyer,0.6944,8,0,827.3525,6942061030029042200,0
BackboneDestroyer,0.6111,10,0,903.1620,12777530118860352368,0
BackboneDestroyer,0.6389,9,0,885.4336,574222274509566621,0
BackboneDestroyer,0.6667,8,0,936.4277,16640940236637722367,0
BackboneDestroyer,0.7222,8,0,857.1701,1757435981591889094,0
BackboneDestroyer,0.5833,9,0,877.0914,3572123269954564295,0
BackboneDestroyer,0.6389,9,0,902.6857,18012440042338041839,0
BackboneDestroyer,0.6389,11,0,826.0486,9753051505955958754,0
BackboneDestroyer,0.6111,10,0,928.7522,11819207845906294011,0
BackboneDestroyer,0.5833,10,0,866.7153,5925795090813730968,0
BackboneDestroyer,0.6111,9,0,816.2453,3030673687312833173,0
BackboneDestroyer,0.6389,10,0,887.0728,3216488065245937653,0
BackboneDestroyer,0.6944,9,0,864.3709,1874639519519386739,0
BackboneDestroyer,0.7222,9,0,876.9204,226318131818134394,0
BackboneDestroyer,0.5833,10,0,821.8258,3233581744611180501,0
BackboneDestroyer,0.6944,9,0,803.1277,4975891338178397411,1
BackboneDestroyer,0.7222,8,0,844.3676,10008839776636303350,0
BackboneDestroyer,0.5556,13,0,916.8507,10574898426518384680,0
BackboneDestroyer,0.5833,10,0,870.2628,15058480589105564406,0
BackboneDestroyer,0.7500,8,0,821.7963,10264966111433119558,0
BackboneDestroyer,0.5000,13,0,844.3676,10008839776636303350,0
BackboneDestroyer,0.6111,10,0,797.4513,10264966111433119558,1
BackboneDestroyer,0.6111,10,0,801.8739,11824326250485796480,1
BackboneDestroyer,0.6111,10,0,875.6073,15777268316287460085,0
BackboneDestroyer,0.6944,8,0,844.1620,11443017188717396517,0
BackboneDestroyer,0.6667,8,0,819.5792,3585958712743979975,0
BackboneDestroyer,0.6667,10,0,836.8092,2868724174853822375,0
BackboneDestroyer,0.7222,9,0,839.7646,12162105472004762330,0
BackboneDestroyer,0.6944,9,0,818.2542,6846163816978031843,0
BackboneDestroyer,0.7222,9,0,797.4513,10264966111433119558,1
BackboneDestroyer,0.7222,8,0,797.4513,10264966111433119558,1
BackboneDestroyer,0.6389,11,0,810.5735,6307814058645704904,0
BackboneDestroyer,0.6667,10,0,827.3525,6942061030029042200,0
BackboneDestroyer,0.6667,9,0,866.1628,7136580582864335675,0
BackboneDestroyer,0.6667,10,0,872.1423,8949568510203671307,0
BackboneDestroyer,0.5000,14,0,822.9282,16706677395443074754,0
BackboneDestroyer,0.6111,11,0,878.3934,2710935859729540487,0
BackboneDestroyer,0.5556,12,0,797.4513,10264966111433119558,1
BackboneDestroyer,0.7222,8,0,797.8718,10264966111433119558,1
BackboneDestroyer,0.7222,8,0,824.2303,11610318588857558995,0
BackboneDestroyer,0.6389,10,0,797.8718,10264966111433119558,1
BackboneDestroyer,0.6389,11,0,888.7152,15308444398065367601,0
BackboneDestroyer,0.6111,12,0,844.3676,10008839776636303350,0
BackboneDestroyer,0.6389,10,0,931.8504,6332225059749250067,0
BackboneDestroyer,0.6111,12,0,860.8638,4189601686158954538,0
BackboneDestroyer,0.6667,9,0,824.2303,11610318588857558995,0
BackboneDestroyer,0.5833,11,0,810.5735,6307814058645704904,0
BackboneDestroyer,0.6944,9,0,817.8002,12333060991338731011,0
BackboneDestroyer,0.6944,9,0,818.2542,6846163816978031843,0
BackboneDestroyer,0.6111,10,0,801.8739,11824326250485796480,1
BackboneDestroyer,0.7500,8,0,821.4331,10067872278041119297,0
BackboneDestroyer,0.5833,10,0,872.6020,9215335799761970362,0
BackboneDestroyer,0.5278,12,0,854.3683,383222349464152589,0
BackboneDestroyer,0.6944,9,0,836.1311,2574341201668446121,0
BackboneDestroyer,0.5556,12,0,803.7866,199200466592558314,1
BackboneDestroyer,0.6389,11,0,852.6897,3421190852002764744,0
BackboneDestroyer,0.6389,11,0,856.0184,12254746053784347469,0
BackboneDestroyer,0.6667,9,0,797.8718,10264966111433119558,1
BackboneDestroyer,0.5556,12,0,811.0690,3528913281522819585,0
BackboneDestroyer,0.5278,13,0,829.4114,571758398216659801,0
BackboneDestroyer,0.6944,10,0,818.2207,12333060991338731011,0
BackboneDestroyer,0.5278,12,0,875.0467,15926387023280765836,0
BackboneDestroyer,0.7222,9,0,843.5054,13144948822471091189,0
BackboneDestroyer,0.6389,9,0,858.9035,8988308289390542560,0
BackboneDestroyer,0.7500,8,0,797.4513,10264966111433119558,1
BackboneDestroyer,0.6111,11,0,860.5801,16243389795838039060,0
BackboneDestroyer,0.5556,12,0,906.8109,1671866414102795684,0
BackboneDestroyer,0.6389,11,0,817.8002,12333060991338731011,0
BackboneDestroyer,0.6389,9,0,797.4513,10264966111433119558,1
BackboneDestroyer,0.5833,11,0,853.7654,3869085236395299895,0
BackboneDestroyer,0.6667,9,0,797.4513,10264966111433119558,1
BackboneDestroyer,0.6667,8,0,838.2628,1995272047972680720,0
BackboneDestroyer,0.6111,11,0,899.0056,8851870196882878089,0
BackboneDestroyer,0.6667,10,0,878.7387,11416317865718878180,0
BackboneDestroyer,0.6667,8,0,837.2387,7373778606146978034,0
BackboneDestroyer,0.6944,9,0,881.2802,4412051114666141760,0
BackboneDestroyer,0.5833,11,0,917.3895,5154433569680808740,0
BackboneDestroyer,0.6944,9,0,830.7646,571758398216659801,0
BackboneDestroyer,0.6667,10,0,862.6030,17105368193432357733,0
BackboneDestroyer,0.7222,8,0,857.4290,14197392370704394957,0
BackboneDestroyer,0.7222,8,0,797.4513,10264966111433119558,1
BackboneDestroyer,0.6944,8,0,884.1839,11260821876656185001,0
BackboneDestroyer,0.7222,8,0,797.4513,10264966111433119558,1
BackboneDestroyer,0.6667,10,0,863.4130,13359944415236287093,0
BackboneDestroyer,0.7222,8,0,915.1008,252904082332146376,0
BackboneDestroyer,0.5833,11,0,829.1403,10896477319414813953,0
BackboneDestroyer,0.5556,11,0,830.5605,10098927010068111326,0
BackboneDestroyer,0.5556,12,0,893.1188,8208364032484185970,0
BackboneDestroyer,0.6944,8,0,869.6050,409741509964097941,0
BackboneDestroyer,0.7222,8,0,860.0229,14975573244506596095,0
BackboneDestroyer,0.6667,9,0,817.9923,16150261068118086330,0
BackboneDestroyer,0.6111,10,0,879.8196,17404249758867807368,0
BackboneDestroyer,0.5000,13,0,860.4843,6273812117764222413,0
BackboneDestroyer,0.6944,10,0,892.7497,16626257907819418397,0
BackboneDestroyer,0.7222,8,0,797.4513,10264966111433119558,1
BackboneDestroyer,0.5278,11,0,797.8718,10264966111433119558,1
BackboneDestroyer,0.6111,11,0,874.4312,10436679675936574393,0
BackboneDestroyer,0.6389,9,0,797.4513,10264966111433119558,1
BackboneDestroyer,0.6389,10,0,820.1531,1799920800935451210,0
BackboneDestroyer,0.6944,8,0,842.4796,11162961675049945522,0
BackboneDestroyer,0.6389,10,0,819.5792,3585958712743979975,0
BackboneDestroyer,0.6944,8,0,911.8293,9218440700881063242,0
BackboneDestroyer,0.5833,12,0,870.5963,5728438395988378358,0
BackboneDestroyer,0.6944,8,0,827.1920,9737337230250925581,0
BackboneDestroyer,0.7222,8,0,889.3883,11515972673984605945,0
BackboneDestroyer,0.5556,12,0,810.5735,6307814058645704904,0
BackboneDestroyer,0.6111,9,0,822.9847,7400602583537353140,0
BackboneDestroyer,0.6667,8,0,869.3079,11808216565771231290,0
BackboneDestroyer,0.6667,9,0,873.6642,14902307916685324384,0
BackboneDestroyer,0.6667,8,0,819.5792,3585958712743979975,0
BackboneDestroyer,0.5278,14,0,867.0294,9240038585082356175,0
BackboneDestroyer,0.6944,8,0,962.9483,9184187023221851749,0
BackboneDestroyer,0.5833,11,0,853.4556,8996951450707541075,0
BackboneDestroyer,0.6389,10,0,819.5007,13225244327087722692,0
BackboneDestroyer,0.6389,8,0,797.4513,10264966111433119558,1
BackboneDestroyer,0.6667,10,0,834.4700,16605646900115264559,0
BackboneDestroyer,0.6667,8,0,858.4059,5498669289714337543,0
BackboneDestroyer,0.6389,11,0,798.9434,678773149692492076,1
BackboneDestroyer,0.6667,9,0,874.5749,11065325708956434602,0
BackboneDestroyer,0.6944,9,0,904.5238,15994838996426038252,0
BackboneDestroyer,0.6389,9,0,856.6204,9399592489413181516,0
BackboneDestroyer,0.6389,10,0,816.2453,3030673687312833173,0
BackboneDestroyer,0.6944,9,0,852.4591,10461958956750997799,0
BackboneDestroyer,0.6667,8,0,797.4513,10264966111433119558,1
BackboneDestroyer,0.7500,8,0,819.3735,12300470479330745067,0
BackboneDestroyer,0.6111,10,0,846.1677,413767136908941130,0
BackboneDestroyer,0.5556,11,0,877.7950,5351699122000004145,0
BackboneDestroyer,0.5833,11,0,890.4920,9080350172189304535,0
BackboneDestroyer,0.5833,11,0,810.5735,6307814058645704904,0
BackboneDestroyer,0.6667,9,0,853.0321,12836917442460076469,0
BackboneDestroyer,0.7222,9,0,886.6633,10558823065454740332,0
BackboneDestroyer,0.5556,12,0,839.3605,2542412132892670305,0
BackboneDestroyer,0.5833,9,0,838.5658,14624259675244062151,0
BackboneDestroyer,0.5833,12,0,875.1635,157657246434199012,0
BackboneDestroyer,0.6111,10,0,867.0859,6216478843080658459,0
BackboneDestroyer,0.6111,10,0,816.2453,3030673687312833173,0
BackboneDestroyer,0.5556,10,0,874.8312,8147131880429780976,0
BackboneDestroyer,0.6667,9,0,812.2031,10264966111433119558,0
BackboneDestroyer,0.5556,11,0,862.6254,306472275692943569,0
BackboneDestroyer,0.6111,11,0,812.4862,4535028650910407375,0
BackboneDestroyer,0.7222,8,0,878.7971,11643182384509220351,0
BackboneDestroyer,0.6389,9,0,797.4513,10264966111433119558,1
BackboneDestroyer,0.6667,8,0,797.4513,10264966111433119558,1
BackboneDestroyer,0.5833,11,0,871.0971,907265613747141631,0
BackboneDestroyer,0.7222,8,0,870.5032,12983546142626956081,0
BackboneDestroyer,0.5833,11,0,867.6809,13571816700859256756,0
BackboneDestroyer,0.5833,10,0,852.4591,10461958956750997799,0
BackboneDestroyer,0.5556,11,0,835.7890,15168872374936398918,0
BackboneDestroyer,0.6111,10,0,828.7001,10121627615558797951,0
BackboneDestroyer,0.6389,10,0,902.1534,18119649508217130804,0
BackboneDestroyer,0.6667,11,0,891.0694,6576749646385853674,0
BackboneDestroyer,0.6944,9,0,797.8718,10264966111433119558,1
BackboneDestroyer,0.6944,9,0,866.5034,17007451164502660032,0
BackboneDestroyer,0.5833,10,0,848.6429,14721604976756592646,0
BackboneDestroyer,0.6111,10,0,906.7593,8111446503022097685,0
BackboneDestroyer,0.6944,9,0,810.6053,10264966111433119558,0
BackboneDestroyer,0.5833,12,0,897.1401,15587755635968316977,0
BackboneDestroyer,0.7222,9,0,797.4513,10264966111433119558,1
BackboneDestroyer,0.6389,11,0,818.9530,12300470479330745067,0
BackboneDestroyer,0.6111,11,0,821.7963,10264966111433119558,0
BackboneDestroyer,0.5556,12,0,835.0131,6524965636449191191,0
BackboneDestroyer,0.7222,8,0,827.3525,6942061030029042200,0
BackboneDestroyer,0.6111,11,0,803.3111,13996102363368337268,1
BackboneDestroyer,0.5833,10,0,830.9457,16690348411077407920,0
BackboneDestroyer,0.6667,8,0,797.4513,10264966111433119558,1
BackboneDestroyer,0.6111,12,0,827.3525,6942061030029042200,0
BackboneDestroyer,0.6667,10,0,808.0811,5398611078608603760,1
BackboneDestroyer,0.6944,8,0,797.4513,10264966111433119558,1
BackboneDestroyer,0.7500,8,0,856.4563,14176163105047301994,0
BackboneDestroyer,0.6111,11,0,854.8365,12775982475680563468,0
BackboneDestroyer,0.5556,11,0,841.4479,17658860260157478972,0
BackboneDestroyer,0.6944,8,0,820.7058,7079382817155203333,0
BackboneDestroyer,0.6667,9,0,935.9821,16059653828361348762,0
BackboneDestroyer,0.5556,12,0,837.3199,9149955604146687031,0
BackboneDestroyer,0.6667,11,0,891.6029,4980539249556180685,0
BackboneDestroyer,0.6389,10,0,852.4591,10461958956750997799,0
BackboneDestroyer,0.6944,9,0,820.9992,16153310431873527193,0
BackboneDestroyer,0.5556,12,0,846.5766,9995110248601291919,0
BackboneDestroyer,0.6389,9,0,805.5019,2362194408984126241,1
BackboneDestroyer,0.5833,11,0,866.1529,18028219467273410690,0
BackboneDestroyer,0.5833,12,0,891.9063,18158345307979754421,0
BackboneDestroyer,0.6944,9,0,829.4114,571758398216659801,0
BackboneDestroyer,0.6667,9,0,797.4513,10264966111433119558,1
BackboneDestroyer,0.7222,8,0,827.3525,6942061030029042200,0
BackboneDestroyer,0.5000,14,0,802.6007,1683420027325650615,1
BackboneDestroyer,0.6111,9,0,803.3111,13996102363368337268,1
BackboneDestroyer,0.5278,13,0,853.7895,4670793400012327548,0
BackboneDestroyer,0.6944,10,0,820.4407,6251334824792168828,0
BackboneDestroyer,0.6389,9,0,823.4085,9982274638534093346,0
BackboneDestroyer,0.6111,10,0,797.4513,10264966111433119558,1
BackboneDestroyer,0.6667,9,0,810.5735,6307814058645704904,0
BackboneDestroyer,0.5556,12,0,863.2701,7368716900679789323,0
BackboneDestroyer,0.6667,9,0,843.4393,13364294852125887391,0
BackboneDestroyer,0.6944,8,0,810.5735,6307814058645704904,0
BackboneDestroyer,0.6667,10,0,817.8002,12333060991338731011,0
BackboneDestroyer,0.5833,12,0,863.8252,10735772128590490453,0
BackboneDestroyer,0.6944,8,0,878.3728,743822162236095181,0
BackboneDestroyer,0.6944,8,0,836.8092,2868724174853822375,0
BackboneDestroyer,0.6389,11,0,870.2938,17738627990714636089,0
BackboneDestroyer,0.7222,8,0,797.4513,10264966111433119558,1
BackboneDestroyer,0.5000,12,0,832.8920,15251871687836082286,0
BackboneDestroyer,0.6111,10,0,858.9035,8988308289390542560,0
BackboneDestroyer,0.5833,10,0,881.9578,13519439002820568411,0
BackboneDestroyer,0.5833,10,0,868.9495,6090475316226462979,0
BackboneDestroyer,0.6111,10,0,909.6404,6074147775080279184,0
BackboneDestroyer,0.6111,10,0,930.2871,356810329494839207,0
BackboneDestroyer,0.6667,8,0,803.6943,15328930014682100007,1
BackboneDestroyer,0.6667,10,0,857.7421,9702109077219505544,0
BackboneDestroyer,0.7222,9,0,912.0616,14233316344168883579,0
BackboneDestroyer,0.6389,11,0,810.5735,6307814058645704904,0
BackboneDestroyer,0.6667,8,0,843.5054,13144948822471091189,0
BackboneDestroyer,0.5556,12,0,892.2788,7375963190701297889,0
BackboneDestroyer,0.7222,8,0,855.1927,194364554555738170,0
BackboneDestroyer,0.6944,8,0,852.1839,4441262185404415933,0
BackboneDestroyer,0.7222,8,0,837.8966,8818872036638609614,0
BackboneDestroyer,0.5833,12,0,865.4915,17258042547520743720,0
BackboneDestroyer,0.5833,11,0,891.1453,6370643534394049892,0
BackboneDestroyer,0.7222,8,0,852.6897,3421190852002764744,0
BackboneDestroyer,0.6389,10,0,913.4141,8839541419098646503,0
BackboneDestroyer,0.6389,9,0,884.4702,11713723812306735280,0
BackboneDestroyer,0.6944,9,0,873.7471,14507276122732526385,0
BackboneDestroyer,0.5833,11,0,816.2453,3030673687312833173,0
BackboneDestroyer,0.6389,10,0,869.6050,409741509964097941,0
BackboneDestroyer,0.6944,8,0,872.4736,17353553651697678537,0
BackboneDestroyer,0.5556,11,0,879.3104,2844726536736844910,0
BackboneDestroyer,0.5278,13,0,803.3111,13996102363368337268,1
BackboneDestroyer,0.6111,10,0,810.5735,6307814058645704904,0
BackboneDestroyer,0.6944,9,0,872.1423,8949568510203671307,0
BackboneDestroyer,0.6389,10,0,910.4648,6702323580193201986,0
BackboneDestroyer,0.6944,8,0,935.2901,15944925466398827700,0
BackboneDestroyer,0.6389,9,0,837.5388,2560126505731505788,0
BackboneDestroyer,0.7222,8,0,803.3111,13996102363368337268,1
BackboneDestroyer,0.6944,8,0,850.6631,8527881694570959996,0
BackboneDestroyer,0.7222,8,0,797.4513,10264966111433119558,1
BackboneDestroyer,0.6389,10,0,797.4513,10264966111433119558,1
BackboneDestroyer,0.5278,12,0,873.1213,11903468296001515716,0
BackboneDestroyer,0.5556,12,0,875.8690,13264912140726338059,0
BackboneDestroyer,0.5556,12,0,819.5792,3585958712743979975,0
BackboneDestroyer,0.5833,10,0,848.8263,4933186675301881379,0
PlaceboDestroyer,0.5556,0,11,803.7866,199200466592558314,1
PlaceboDestroyer,0.6667,0,8,797.8718,10264966111433119558,1
PlaceboDestroyer,0.5833,0,10,828.7001,10121627615558797951,0
PlaceboDestroyer,0.6667,0,8,835.0500,1317356837511439522,0
PlaceboDestroyer,0.6389,0,9,831.4938,15865672196618607671,0
PlaceboDestroyer,0.6667,0,9,871.3618,1631570870980506630,0
PlaceboDestroyer,0.6111,0,11,797.4513,10264966111433119558,1
PlaceboDestroyer,0.6111,0,11,803.1277,4975891338178397411,1
PlaceboDestroyer,0.6944,0,10,797.4513,10264966111433119558,1
PlaceboDestroyer,0.5556,0,11,810.5735,6307814058645704904,0
PlaceboDestroyer,0.6944,0,8,836.1311,2574341201668446121,0
PlaceboDestroyer,0.6667,0,8,797.4513,10264966111433119558,1
PlaceboDestroyer,0.6389,0,10,797.4513,10264966111433119558,1
PlaceboDestroyer,0.6667,0,8,797.4513,10264966111433119558,1
PlaceboDestroyer,0.6944,0,8,797.4513,10264966111433119558,1
PlaceboDestroyer,0.5278,0,11,797.8718,10264966111433119558,1
PlaceboDestroyer,0.6667,0,8,825.1397,11824326250485796480,0
PlaceboDestroyer,0.6944,0,9,797.4513,10264966111433119558,1
PlaceboDestroyer,0.6667,0,9,797.4513,10264966111433119558,1
PlaceboDestroyer,0.5556,0,14,827.3525,6942061030029042200,0
PlaceboDestroyer,0.5833,0,10,811.3003,4711019678756631762,0
PlaceboDestroyer,0.5556,0,11,875.8762,1206225574601866609,0
PlaceboDestroyer,0.5556,0,10,797.4513,10264966111433119558,1
PlaceboDestroyer,0.6111,0,9,797.8718,10264966111433119558,1
PlaceboDestroyer,0.6667,0,8,801.8739,11824326250485796480,1
PlaceboDestroyer,0.6667,0,9,797.4513,10264966111433119558,1
PlaceboDestroyer,0.6667,0,9,869.4258,14404134434088626812,0
PlaceboDestroyer,0.6111,0,9,797.4513,10264966111433119558,1
PlaceboDestroyer,0.6667,0,9,797.4513,10264966111433119558,1
PlaceboDestroyer,0.6667,0,8,797.4513,10264966111433119558,1
PlaceboDestroyer,0.7500,0,8,820.9992,16153310431873527193,0
PlaceboDestroyer,0.6389,0,9,801.8739,11824326250485796480,1
PlaceboDestroyer,0.6667,0,10,848.4946,9936119508947003919,0
PlaceboDestroyer,0.5833,0,9,887.3227,5475826925344081547,0
PlaceboDestroyer,0.6667,0,9,829.1403,10896477319414813953,0
PlaceboDestroyer,0.5278,0,12,839.8931,1411335396313465791,0
PlaceboDestroyer,0.5278,0,12,798.9434,678773149692492076,1
PlaceboDestroyer,0.6111,0,8,875.0315,13148594456764803801,0
PlaceboDestroyer,0.5833,0,10,841.4203,8560349114246935273,0
PlaceboDestroyer,0.6111,0,11,797.4513,10264966111433119558,1
PlaceboDestroyer,0.6667,0,8,826.0486,9753051505955958754,0
PlaceboDestroyer,0.6944,0,8,797.4513,10264966111433119558,1
PlaceboDestroyer,0.6667,0,8,847.7513,10390567388709698668,0
PlaceboDestroyer,0.7222,0,8,842.6183,18321336832908300153,0
PlaceboDestroyer,0.6389,0,9,914.4015,13224947268454228412,0
PlaceboDestroyer,0.6944,0,8,797.8718,10264966111433119558,1
PlaceboDestroyer,0.7222,0,8,797.8718,10264966111433119558,1
PlaceboDestroyer,0.5000,0,13,923.7010,16613869266470966059,0
PlaceboDestroyer,0.6667,0,9,812.2031,10264966111433119558,0
PlaceboDestroyer,0.6389,0,9,859.1134,1388859934174886587,0
PlaceboDestroyer,0.6667,0,8,887.1941,15958421369742875667,0
PlaceboDestroyer,0.6944,0,8,911.1997,1070340047728618012,0
PlaceboDestroyer,0.5833,0,11,810.6053,10264966111433119558,0
PlaceboDestroyer,0.7500,0,8,820.4407,6251334824792168828,0
PlaceboDestroyer,0.6389,0,8,843.4393,13364294852125887391,0
PlaceboDestroyer,0.6944,0,8,797.4513,10264966111433119558,1
PlaceboDestroyer,0.6389,0,11,797.4513,10264966111433119558,1
PlaceboDestroyer,0.6389,0,9,853.6062,17263732020192857115,0
PlaceboDestroyer,0.5556,0,12,879.9453,15039559791868912694,0
PlaceboDestroyer,0.6111,0,11,822.0017,3648268083357782554,0
PlaceboDestroyer,0.6667,0,9,902.9928,9704156329938122884,0
PlaceboDestroyer,0.6111,0,8,893.8625,1415641378639975442,0
PlaceboDestroyer,0.6667,0,8,866.4125,2723011972443473261,0
PlaceboDestroyer,0.6667,0,9,882.4575,3770619091930414735,0
PlaceboDestroyer,0.6111,0,10,803.1277,4975891338178397411,1
PlaceboDestroyer,0.6389,0,9,851.8484,9540288027062484531,0
PlaceboDestroyer,0.6111,0,10,797.4513,10264966111433119558,1
PlaceboDestroyer,0.6389,0,9,797.4513,10264966111433119558,1
PlaceboDestroyer,0.6111,0,10,797.4513,10264966111433119558,1
PlaceboDestroyer,0.6667,0,8,833.5579,6870317863420522503,0
PlaceboDestroyer,0.6944,0,8,816.2453,3030673687312833173,0
PlaceboDestroyer,0.6667,0,10,819.5007,13225244327087722692,0
PlaceboDestroyer,0.6944,0,8,797.4513,10264966111433119558,1
PlaceboDestroyer,0.7500,0,8,797.4513,10264966111433119558,1
PlaceboDestroyer,0.7222,0,8,797.4513,10264966111433119558,1
PlaceboDestroyer,0.6667,0,10,797.4513,10264966111433119558,1
PlaceboDestroyer,0.5556,0,11,828.7001,10121627615558797951,0
PlaceboDestroyer,0.5278,0,12,810.5735,6307814058645704904,0
PlaceboDestroyer,0.7222,0,8,900.0277,10147304451690140986,0
PlaceboDestroyer,0.7222,0,8,817.9923,16150261068118086330,0
PlaceboDestroyer,0.6944,0,8,855.2077,16759967664892776603,0
PlaceboDestroyer,0.6111,0,10,891.0778,7876829583806463678,0
PlaceboDestroyer,0.6389,0,9,858.9745,15428664137859285929,0
PlaceboDestroyer,0.7500,0,8,797.4513,10264966111433119558,1
PlaceboDestroyer,0.6389,0,11,803.1277,4975891338178397411,1
PlaceboDestroyer,0.6944,0,9,803.3111,13996102363368337268,1
PlaceboDestroyer,0.7500,0,8,826.0082,5397702475199642,0
PlaceboDestroyer,0.6389,0,10,856.3771,6657392768613420160,0
PlaceboDestroyer,0.5833,0,10,818.6157,17754796920711630959,0
PlaceboDestroyer,0.7222,0,8,816.2453,3030673687312833173,0
PlaceboDestroyer,0.6389,0,8,885.6443,379472718265545950,0
PlaceboDestroyer,0.6111,0,10,849.0681,8152890429832592461,0
PlaceboDestroyer,0.6389,0,8,821.7963,10264966111433119558,0
PlaceboDestroyer,0.7500,0,8,797.4513,10264966111433119558,1
PlaceboDestroyer,0.6111,0,10,810.5735,6307814058645704904,0
PlaceboDestroyer,0.6944,0,9,797.8718,10264966111433119558,1
PlaceboDestroyer,0.6667,0,8,797.4513,10264966111433119558,1
PlaceboDestroyer,0.6389,0,11,797.4513,10264966111433119558,1
PlaceboDestroyer,0.5556,0,14,898.9133,18148210274543821741,0
PlaceboDestroyer,0.6667,0,8,812.2031,10264966111433119558,0
PlaceboDestroyer,0.6389,0,8,862.4813,3227845520582800145,0
PlaceboDestroyer,0.6389,0,10,797.4513,10264966111433119558,1
PlaceboDestroyer,0.5278,0,11,816.2453,3030673687312833173,0
PlaceboDestroyer,0.6389,0,9,797.4513,10264966111433119558,1
PlaceboDestroyer,0.7222,0,9,820.9992,16153310431873527193,0
PlaceboDestroyer,0.6667,0,8,813.6952,678773149692492076,0
PlaceboDestroyer,0.6944,0,8,852.7512,9071285738551317813,0
PlaceboDestroyer,0.7222,0,8,803.1277,4975891338178397411,1
PlaceboDestroyer,0.6667,0,8,820.4407,6251334824792168828,0
PlaceboDestroyer,0.6667,0,10,797.4513,10264966111433119558,1
PlaceboDestroyer,0.6944,0,9,812.2031,10264966111433119558,0
PlaceboDestroyer,0.6667,0,8,797.4513,10264966111433119558,1
PlaceboDestroyer,0.6944,0,8,864.9976,7033958695949102230,0
PlaceboDestroyer,0.6389,0,10,860.2163,12722214216591654884,0
PlaceboDestroyer,0.6111,0,10,897.7802,2052401512654363894,0
PlaceboDestroyer,0.6389,0,9,816.4972,16588847154838108504,0
PlaceboDestroyer,0.7222,0,8,797.4513,10264966111433119558,1
PlaceboDestroyer,0.6667,0,8,862.4813,3227845520582800145,0
PlaceboDestroyer,0.6389,0,10,846.8175,11889651534673399649,0
PlaceboDestroyer,0.6667,0,9,801.8739,11824326250485796480,1
PlaceboDestroyer,0.5556,0,12,856.3183,6525921369121643958,0
PlaceboDestroyer,0.6389,0,8,909.4424,699070257280868906,0
PlaceboDestroyer,0.6944,0,10,797.4513,10264966111433119558,1
PlaceboDestroyer,0.6389,0,9,817.9923,16150261068118086330,0
PlaceboDestroyer,0.6667,0,8,820.9992,16153310431873527193,0
PlaceboDestroyer,0.6389,0,10,823.4085,9982274638534093346,0
PlaceboDestroyer,0.6667,0,9,854.7872,16759967664892776603,0
PlaceboDestroyer,0.6389,0,11,825.8377,15512280343957320089,0
PlaceboDestroyer,0.6111,0,10,886.0342,9737337230250925581,0
PlaceboDestroyer,0.6667,0,8,856.0888,3386172942967770515,0
PlaceboDestroyer,0.7500,0,8,820.9992,16153310431873527193,0
PlaceboDestroyer,0.6389,0,9,826.6984,167170242380040613,0
PlaceboDestroyer,0.7222,0,8,798.9434,678773149692492076,1
PlaceboDestroyer,0.5556,0,11,844.2961,5640460300929524332,0
PlaceboDestroyer,0.6667,0,9,812.2031,10264966111433119558,0
PlaceboDestroyer,0.5833,0,9,820.5758,1422527976808164485,0
PlaceboDestroyer,0.6389,0,9,813.6952,678773149692492076,0
PlaceboDestroyer,0.6944,0,8,848.4150,4009591388271689153,0
PlaceboDestroyer,0.6389,0,10,807.8428,1547347882701649523,1
PlaceboDestroyer,0.6111,0,11,797.8718,10264966111433119558,1
PlaceboDestroyer,0.5833,0,11,844.6884,612523274570922103,0
PlaceboDestroyer,0.6944,0,8,817.9923,16150261068118086330,0
PlaceboDestroyer,0.5833,0,10,797.8718,10264966111433119558,1
PlaceboDestroyer,0.6667,0,10,871.7796,2379303777709097108,0
PlaceboDestroyer,0.6667,0,10,797.4513,10264966111433119558,1
PlaceboDestroyer,0.5556,0,10,846.6440,10193339775716985021,0
PlaceboDestroyer,0.6111,0,10,797.8718,10264966111433119558,1
PlaceboDestroyer,0.6944,0,9,884.6903,3278750443629973713,0
PlaceboDestroyer,0.7222,0,8,832.1876,8071489331902661493,0
PlaceboDestroyer,0.6389,0,9,797.4513,10264966111433119558,1
PlaceboDestroyer,0.6389,0,10,816.2453,3030673687312833173,0
PlaceboDestroyer,0.6667,0,8,875.1709,7617359936159460581,0
PlaceboDestroyer,0.5833,0,10,868.9910,9279629699343190863,0
PlaceboDestroyer,0.6944,0,8,820.7058,7079382817155203333,0
PlaceboDestroyer,0.5833,0,10,862.8475,14963426275330940925,0
PlaceboDestroyer,0.6667,0,8,823.7503,4975891338178397411,0
PlaceboDestroyer,0.6944,0,9,797.4513,10264966111433119558,1
PlaceboDestroyer,0.7222,0,8,863.7526,9304083455379756624,0
PlaceboDestroyer,0.6389,0,10,891.3333,9156576324349405739,0
PlaceboDestroyer,0.6667,0,9,842.3421,14779434136486198673,0
PlaceboDestroyer,0.6389,0,10,832.4720,5422742451720920713,0
PlaceboDestroyer,0.6389,0,9,828.8892,167170242380040613,0
PlaceboDestroyer,0.6389,0,9,828.7001,10121627615558797951,0
PlaceboDestroyer,0.6111,0,9,874.7792,142843149657992907,0
PlaceboDestroyer,0.5278,0,13,839.5114,839022783260669411,0
PlaceboDestroyer,0.6389,0,10,817.1960,3331220801269000902,0
PlaceboDestroyer,0.6667,0,10,832.1876,8071489331902661493,0
PlaceboDestroyer,0.7222,0,8,797.4513,10264966111433119558,1
PlaceboDestroyer,0.6667,0,8,797.4513,10264966111433119558,1
PlaceboDestroyer,0.6389,0,10,840.0507,828885251609970627,0
PlaceboDestroyer,0.7500,0,8,797.4513,10264966111433119558,1
PlaceboDestroyer,0.6389,0,10,798.9434,678773149692492076,1
PlaceboDestroyer,0.6944,0,8,817.8002,12333060991338731011,0
PlaceboDestroyer,0.5556,0,13,804.0379,3558468003845243869,1
PlaceboDestroyer,0.6389,0,9,801.8739,11824326250485796480,1
PlaceboDestroyer,0.6389,0,9,797.8718,10264966111433119558,1
PlaceboDestroyer,0.6667,0,10,797.4513,10264966111433119558,1
PlaceboDestroyer,0.6944,0,8,797.4513,10264966111433119558,1
PlaceboDestroyer,0.6389,0,10,801.8739,11824326250485796480,1
PlaceboDestroyer,0.6944,0,8,797.4513,10264966111433119558,1
PlaceboDestroyer,0.5556,0,11,797.4513,10264966111433119558,1
PlaceboDestroyer,0.5278,0,13,829.9318,14210755499740821521,0
PlaceboDestroyer,0.6111,0,9,841.0370,17811921967933490631,0
PlaceboDestroyer,0.5833,0,11,930.3796,8408032142463289052,0
PlaceboDestroyer,0.6944,0,8,810.5735,6307814058645704904,0
PlaceboDestroyer,0.6667,0,8,797.4513,10264966111433119558,1
PlaceboDestroyer,0.6389,0,9,835.7963,10283787359412796503,0
PlaceboDestroyer,0.5833,0,11,801.8739,11824326250485796480,1
PlaceboDestroyer,0.5556,0,11,856.5378,16434870060997862310,0
PlaceboDestroyer,0.6111,0,9,911.5608,4304857147611416496,0
PlaceboDestroyer,0.6667,0,10,880.5077,15569065518611501037,0
PlaceboDestroyer,0.6667,0,8,826.9890,15035871632325471732,0
PlaceboDestroyer,0.6667,0,8,797.4513,10264966111433119558,1
PlaceboDestroyer,0.6389,0,9,803.1277,4975891338178397411,1
PlaceboDestroyer,0.6667,0,10,804.0648,6063581546530241427,1
PlaceboDestroyer,0.5556,0,12,815.1484,11824326250485796480,0
PlaceboDestroyer,0.6389,0,9,865.6803,9356865779976414661,0
PlaceboDestroyer,0.6111,0,9,797.4513,10264966111433119558,1
PlaceboDestroyer,0.5833,0,11,797.4513,10264966111433119558,1
PlaceboDestroyer,0.6944,0,9,813.6952,678773149692492076,0
PlaceboDestroyer,0.6944,0,8,797.4513,10264966111433119558,1
PlaceboDestroyer,0.7222,0,9,810.6053,10264966111433119558,0
PlaceboDestroyer,0.7222,0,8,875.4440,4095217629536718502,0
PlaceboDestroyer,0.6389,0,10,825.1397,11824326250485796480,0
PlaceboDestroyer,0.6111,0,9,802.6007,1683420027325650615,1
PlaceboDestroyer,0.6944,0,8,832.3665,3589317410797804992,0
PlaceboDestroyer,0.6944,0,8,840.5965,16715552190825128415,0
PlaceboDestroyer,0.6667,0,10,797.4513,10264966111433119558,1
PlaceboDestroyer,0.6111,0,9,897.0780,9723551413421312662,0
PlaceboDestroyer,0.6389,0,9,811.3003,4711019678756631762,0
PlaceboDestroyer,0.6389,0,8,843.4393,13364294852125887391,0
PlaceboDestroyer,0.6111,0,10,811.3003,4711019678756631762,0
PlaceboDestroyer,0.6667,0,8,826.6235,16476429076205921198,0
PlaceboDestroyer,0.6944,0,10,797.4513,10264966111433119558,1
PlaceboDestroyer,0.7500,0,8,824.2921,9910051690224173202,0
PlaceboDestroyer,0.6944,0,9,797.4513,10264966111433119558,1
PlaceboDestroyer,0.6667,0,9,809.4431,11824326250485796480,1
PlaceboDestroyer,0.7222,0,8,893.9139,13178307435619714018,0
PlaceboDestroyer,0.6944,0,8,816.2453,3030673687312833173,0
PlaceboDestroyer,0.6944,0,8,856.5426,5468490697750194333,0
PlaceboDestroyer,0.6389,0,11,835.7146,18266874012461398516,0
PlaceboDestroyer,0.5833,0,10,828.7001,10121627615558797951,0
PlaceboDestroyer,0.6389,0,11,797.4513,10264966111433119558,1
PlaceboDestroyer,0.6111,0,10,797.4513,10264966111433119558,1
PlaceboDestroyer,0.5833,0,10,828.7001,10121627615558797951,0
PlaceboDestroyer,0.6111,0,10,797.4513,10264966111433119558,1
PlaceboDestroyer,0.5833,0,10,879.3343,3427774305207438393,0
PlaceboDestroyer,0.6667,0,9,810.5735,6307814058645704904,0
PlaceboDestroyer,0.6389,0,8,851.8484,9540288027062484531,0
PlaceboDestroyer,0.6667,0,9,797.8718,10264966111433119558,1
PlaceboDestroyer,0.7222,0,8,854.7872,16759967664892776603,0
PlaceboDestroyer,0.7222,0,9,797.4513,10264966111433119558,1
PlaceboDestroyer,0.7222,0,8,797.4513,10264966111433119558,1
PlaceboDestroyer,0.6944,0,8,816.2453,3030673687312833173,0
PlaceboDestroyer,0.6944,0,8,797.4513,10264966111433119558,1
PlaceboDestroyer,0.5000,0,12,830.5605,10098927010068111326,0
PlaceboDestroyer,0.5833,0,10,797.4513,10264966111433119558,1
PlaceboDestroyer,0.5833,0,10,797.4513,10264966111433119558,1
PlaceboDestroyer,0.6667,0,9,832.7648,2484952829731615859,0
PlaceboDestroyer,0.6111,0,9,864.3983,8626740789880248021,0
PlaceboDestroyer,0.6944,0,8,812.2031,10264966111433119558,0
PlaceboDestroyer,0.6111,0,10,818.9530,12300470479330745067,0
PlaceboDestroyer,0.6111,0,9,824.2921,9910051690224173202,0
PlaceboDestroyer,0.6389,0,9,810.5735,6307814058645704904,0
PlaceboDestroyer,0.6667,0,8,854.9832,3646674022108116259,0
PlaceboDestroyer,0.6111,0,11,850.6038,5187036916299268512,0
PlaceboDestroyer,0.6667,0,8,840.5855,9261302754911742891,0
PlaceboDestroyer,0.6389,0,9,797.8718,10264966111433119558,1
PlaceboDestroyer,0.6667,0,8,815.1484,11824326250485796480,0
PlaceboDestroyer,0.6667,0,9,803.9600,15777184692553840253,1
PlaceboDestroyer,0.6944,0,8,827.1920,9737337230250925581,0
PlaceboDestroyer,0.6667,0,9,801.8739,11824326250485796480,1
PlaceboDestroyer,0.6389,0,9,858.3823,9073399064505268797,0
PlaceboDestroyer,0.5556,0,11,820.7058,7079382817155203333,0
PlaceboDestroyer,0.5556,0,10,828.6292,9247474468376778431,0
PlaceboDestroyer,0.6389,0,9,864.9983,1216968475918602784,0
PlaceboDestroyer,0.6667,0,9,810.5735,6307814058645704904,0
PlaceboDestroyer,0.6111,0,10,803.1277,4975891338178397411,1
PlaceboDestroyer,0.6667,0,8,849.0796,12329238839345201593,0
PlaceboDestroyer,0.6389,0,10,866.9801,765585583363576983,0
PlaceboDestroyer,0.6667,0,10,797.4513,10264966111433119558,1
PlaceboDestroyer,0.5000,0,13,911.8105,6242378468796559817,0
PlaceboDestroyer,0.6944,0,8,816.2453,3030673687312833173,0
PlaceboDestroyer,0.6667,0,9,821.7963,10264966111433119558,0
PlaceboDestroyer,0.6944,0,8,797.4513,10264966111433119558,1
PlaceboDestroyer,0.6944,0,8,797.4513,10264966111433119558,1
PlaceboDestroyer,0.6111,0,9,811.3205,11824326250485796480,0
PlaceboDestroyer,0.6667,0,10,929.2454,5906661845639618732,0
PlaceboDestroyer,0.6111,0,10,869.7438,7204687091124343689,0
PlaceboDestroyer,0.5833,0,11,835.0477,4748945388939145454,0
PlaceboDestroyer,0.7500,0,8,797.4513,10264966111433119558,1
PlaceboDestroyer,0.7222,0,8,797.4513,10264966111433119558,1
PlaceboDestroyer,0.6944,0,8,798.9434,678773149692492076,1
PlaceboDestroyer,0.6389,0,8,863.2106,2158583058769005475,0
PlaceboDestroyer,0.6111,0,9,922.4266,8790287138672264547,0
PlaceboDestroyer,0.6389,0,10,828.7001,10121627615558797951,0
PlaceboDestroyer,0.5278,0,14,845.4022,8780439596153698529,0
PlaceboDestroyer,0.6111,0,11,810.5735,6307814058645704904,0
PlaceboDestroyer,0.6389,0,9,797.4513,10264966111433119558,1
PlaceboDestroyer,0.6944,0,10,797.4513,10264966111433119558,1
PlaceboDestroyer,0.6667,0,9,806.7850,7019505870457465348,1
PlaceboDestroyer,0.6389,0,8,820.4407,6251334824792168828,0
PlaceboDestroyer,0.6667,0,9,797.4513,10264966111433119558,1
PlaceboDestroyer,0.6389,0,8,837.0609,15419261188216186113,0
PlaceboDestroyer,0.5833,0,10,868.4053,7649101367715038172,0
PlaceboDestroyer,0.7500,0,8,797.4513,10264966111433119558,1
PlaceboDestroyer,0.6944,0,8,802.6007,1683420027325650615,1
PlaceboDestroyer,0.6389,0,10,798.9434,678773149692492076,1
PlaceboDestroyer,0.5833,0,11,797.8718,10264966111433119558,1
PlaceboDestroyer,0.7222,0,8,816.2453,3030673687312833173,0
PlaceboDestroyer,0.6111,0,10,797.4513,10264966111433119558,1
PlaceboDestroyer,0.6389,0,9,810.5735,6307814058645704904,0
PlaceboDestroyer,0.6111,0,10,797.4513,10264966111433119558,1
PlaceboDestroyer,0.6667,0,9,821.7963,10264966111433119558,0
PlaceboDestroyer,0.7222,0,8,798.9434,678773149692492076,1
PlaceboDestroyer,0.5833,0,9,858.4253,15152017691722693482,0
PlaceboDestroyer,0.5833,0,10,797.4513,10264966111433119558,1
PlaceboDestroyer,0.6389,0,8,797.4513,10264966111433119558,1
PlaceboDestroyer,0.6667,0,10,801.8739,11824326250485796480,1
PlaceboDestroyer,0.6389,0,9,839.8536,9863729331156000866,0
PlaceboDestroyer,0.6389,0,9,819.5007,13225244327087722692,0
PlaceboDestroyer,0.6389,0,8,801.8739,11824326250485796480,1
PlaceboDestroyer,0.6389,0,8,803.3936,11824326250485796480,1
PlaceboDestroyer,0.6389,0,9,797.4513,10264966111433119558,1
PlaceboDestroyer,0.6667,0,8,797.4513,10264966111433119558,1
PlaceboDestroyer,0.6389,0,11,920.3901,939660634406874981,0
PlaceboDestroyer,0.6944,0,9,836.1311,2574341201668446121,0
PlaceboDestroyer,0.6389,0,10,821.7963,10264966111433119558,0
PlaceboDestroyer,0.6389,0,10,810.5735,6307814058645704904,0
PlaceboDestroyer,0.6667,0,9,822.9282,16706677395443074754,0
PlaceboDestroyer,0.6389,0,10,820.9992,16153310431873527193,0
PlaceboDestroyer,0.6944,0,10,797.4513,10264966111433119558,1
PlaceboDestroyer,0.5833,0,9,797.8718,10264966111433119558,1
PlaceboDestroyer,0.7222,0,8,815.1484,11824326250485796480,0
PlaceboDestroyer,0.6389,0,9,822.9282,16706677395443074754,0
PlaceboDestroyer,0.6667,0,10,803.1277,4975891338178397411,1
PlaceboDestroyer,0.6667,0,9,797.4513,10264966111433119558,1
PlaceboDestroyer,0.6389,0,8,809.4431,11824326250485796480,1
PlaceboDestroyer,0.6389,0,9,797.4513,10264966111433119558,1
PlaceboDestroyer,0.6944,0,8,889.1003,16639956880296406442,0
PlaceboDestroyer,0.7222,0,8,815.2039,10413644933670406191,0
PlaceboDestroyer,0.6389,0,8,837.5905,9977901818997562902,0
PlaceboDestroyer,0.6667,0,9,797.4513,10264966111433119558,1
PlaceboDestroyer,0.7222,0,9,797.4513,10264966111433119558,1
PlaceboDestroyer,0.6111,0,9,876.4985,9706814710441853571,0
PlaceboDestroyer,0.6944,0,8,797.4513,10264966111433119558,1
PlaceboDestroyer,0.6389,0,9,829.4114,571758398216659801,0
PlaceboDestroyer,0.6944,0,9,801.8739,11824326250485796480,1
PlaceboDestroyer,0.6944,0,8,856.2792,16269942185871543411,0
PlaceboDestroyer,0.6667,0,9,812.6236,10264966111433119558,0
PlaceboDestroyer,0.5556,0,12,825.4293,2070561062040917602,0
PlaceboDestroyer,0.6944,0,8,797.4513,10264966111433119558,1
PlaceboDestroyer,0.6667,0,9,821.1781,15276371457772871461,0
PlaceboDestroyer,0.7500,0,8,797.4513,10264966111433119558,1
PlaceboDestroyer,0.6944,0,8,812.2031,10264966111433119558,0
PlaceboDestroyer,0.5833,0,10,870.5911,17461222924610487767,0
PlaceboDestroyer,0.6389,0,8,812.2031,10264966111433119558,0
PlaceboDestroyer,0.6389,0,8,828.7001,10121627615558797951,0
PlaceboDestroyer,0.6944,0,8,802.6007,1683420027325650615,1
PlaceboDestroyer,0.6389,0,8,915.2193,15513347463303932938,0
PlaceboDestroyer,0.6667,0,10,797.4513,10264966111433119558,1
PlaceboDestroyer,0.6111,0,10,926.2932,7265145862669304207,0
PlaceboDestroyer,0.5556,0,13,797.8718,10264966111433119558,1
PlaceboDestroyer,0.6389,0,8,818.6157,17754796920711630959,0
PlaceboDestroyer,0.6667,0,8,847.1997,16263927312982012160,0
PlaceboDestroyer,0.6944,0,8,852.2022,12443510146963836504,0
PlaceboDestroyer,0.6667,0,8,851.0470,5008035150698994136,0
PlaceboDestroyer,0.6389,0,9,816.4972,16588847154838108504,0
PlaceboDestroyer,0.7222,0,8,810.5735,6307814058645704904,0
PlaceboDestroyer,0.6111,0,9,880.7681,14259283573572820442,0
PlaceboDestroyer,0.5833,0,11,828.7001,10121627615558797951,0
PlaceboDestroyer,0.6389,0,8,827.5683,5868812619231253220,0
PlaceboDestroyer,0.6389,0,9,797.8718,10264966111433119558,1
PlaceboDestroyer,0.6111,0,10,840.7669,8551220820143723898,0
PlaceboDestroyer,0.6111,0,9,826.6984,167170242380040613,0
PlaceboDestroyer,0.5833,0,9,797.4513,10264966111433119558,1
PlaceboDestroyer,0.6667,0,8,798.9434,678773149692492076,1
PlaceboDestroyer,0.6111,0,11,819.2922,17345357077446173885,0
PlaceboDestroyer,0.6944,0,10,816.2453,3030673687312833173,0
PlaceboDestroyer,0.6389,0,10,801.8739,11824326250485796480,1
PlaceboDestroyer,0.6389,0,10,838.8069,1388779656997143718,0
PlaceboDestroyer,0.6111,0,9,797.4513,10264966111433119558,1
PlaceboDestroyer,0.6944,0,9,797.4513,10264966111433119558,1
PlaceboDestroyer,0.7222,0,9,801.8739,11824326250485796480,1
PlaceboDestroyer,0.7500,0,8,816.0543,5461327959804510233,0
PlaceboDestroyer,0.6389,0,8,828.7001,10121627615558797951,0
PlaceboDestroyer,0.6944,0,8,807.8428,1547347882701649523,1
PlaceboDestroyer,0.6389,0,10,801.8739,11824326250485796480,1
PlaceboDestroyer,0.6389,0,10,797.4513,10264966111433119558,1
PlaceboDestroyer,0.7222,0,8,797.4513,10264966111433119558,1
PlaceboDestroyer,0.6944,0,8,797.8718,10264966111433119558,1
PlaceboDestroyer,0.6389,0,12,848.6429,14721604976756592646,0
PlaceboDestroyer,0.6944,0,8,851.0470,5008035150698994136,0
PlaceboDestroyer,0.5833,0,10,797.4513,10264966111433119558,1
PlaceboDestroyer,0.5556,0,12,842.6922,17163270835535174230,0
PlaceboDestroyer,0.6667,0,8,797.8718,10264966111433119558,1
PlaceboDestroyer,0.6944,0,9,797.4513,10264966111433119558,1
PlaceboDestroyer,0.6667,0,10,856.0343,12629857092805238772,0
PlaceboDestroyer,0.6667,0,9,797.4513,10264966111433119558,1
PlaceboDestroyer,0.6389,0,8,842.9997,956293968073659663,0
PlaceboDestroyer,0.6667,0,8,797.4513,10264966111433119558,1
PlaceboDestroyer,0.6667,0,9,832.6547,13225244327087722692,0
PlaceboDestroyer,0.6944,0,8,817.9923,16150261068118086330,0
PlaceboDestroyer,0.7222,0,8,817.9923,16150261068118086330,0
PlaceboDestroyer,0.6667,0,8,852.7512,9071285738551317813,0
PlaceboDestroyer,0.6389,0,10,835.0500,1317356837511439522,0
PlaceboDestroyer,0.6944,0,8,802.6007,1683420027325650615,1
PlaceboDestroyer,0.5833,0,11,827.5683,5868812619231253220,0
PlaceboDestroyer,0.6111,0,11,811.3003,4711019678756631762,0
PlaceboDestroyer,0.6667,0,10,812.2031,10264966111433119558,0
PlaceboDestroyer,0.6389,0,8,797.4513,10264966111433119558,1
PlaceboDestroyer,0.6667,0,9,820.7058,7079382817155203333,0
PlaceboDestroyer,0.6667,0,10,812.0974,678773149692492076,0
PlaceboDestroyer,0.7500,0,8,797.4513,10264966111433119558,1
PlaceboDestroyer,0.6667,0,9,797.4513,10264966111433119558,1
PlaceboDestroyer,0.7500,0,8,812.0974,678773149692492076,0
PlaceboDestroyer,0.6111,0,10,843.4393,13364294852125887391,0
PlaceboDestroyer,0.6944,0,8,803.7866,199200466592558314,1
PlaceboDestroyer,0.6389,0,10,797.4513,10264966111433119558,1
PlaceboDestroyer,0.6111,0,11,797.4513,10264966111433119558,1
PlaceboDestroyer,0.6667,0,9,797.4513,10264966111433119558,1
PlaceboDestroyer,0.6389,0,8,828.7001,10121627615558797951,0
PlaceboDestroyer,0.6944,0,8,904.8769,6814831041555429926,0
PlaceboDestroyer,0.6944,0,8,797.4513,10264966111433119558,1
PlaceboDestroyer,0.5833,0,12,797.8718,10264966111433119558,1
PlaceboDestroyer,0.6667,0,8,797.4513,10264966111433119558,1
PlaceboDestroyer,0.5278,0,11,817.9923,16150261068118086330,0
PlaceboDestroyer,0.7500,0,8,797.4513,10264966111433119558,1
PlaceboDestroyer,0.6111,0,9,898.0921,4496555645053365070,0
PlaceboDestroyer,0.7500,0,8,797.4513,10264966111433119558,1
PlaceboDestroyer,0.6111,0,9,821.3432,10411881871262143585,0
PlaceboDestroyer,0.6667,0,8,797.8718,10264966111433119558,1
PlaceboDestroyer,0.6389,0,11,801.8739,11824326250485796480,1
PlaceboDestroyer,0.6389,0,9,797.4513,10264966111433119558,1
PlaceboDestroyer,0.6389,0,8,824.5469,2344477410551168557,0
PlaceboDestroyer,0.6667,0,9,871.7759,17143666417693032519,0
PlaceboDestroyer,0.6389,0,9,821.1781,15276371457772871461,0
PlaceboDestroyer,0.5833,0,10,913.1880,13440106749887790408,0
PlaceboDestroyer,0.5556,0,12,812.2031,10264966111433119558,0
PlaceboDestroyer,0.6944,0,8,825.1397,11824326250485796480,0
PlaceboDestroyer,0.6667,0,8,807.8428,1547347882701649523,1
PlaceboDestroyer,0.5833,0,11,797.8718,10264966111433119558,1
PlaceboDestroyer,0.5833,0,11,849.0796,12329238839345201593,0
PlaceboDestroyer,0.6944,0,8,810.5735,6307814058645704904,0
PlaceboDestroyer,0.6389,0,10,926.7904,3233844098361825983,0
PlaceboDestroyer,0.7222,0,8,810.6053,10264966111433119558,0
PlaceboDestroyer,0.6944,0,8,797.4513,10264966111433119558,1
PlaceboDestroyer,0.6667,0,8,909.4749,13499491497740397580,0
PlaceboDestroyer,0.6944,0,9,815.1484,11824326250485796480,0
PlaceboDestroyer,0.6944,0,8,888.8894,7805103542425217532,0
PlaceboDestroyer,0.7222,0,8,797.4513,10264966111433119558,1
PlaceboDestroyer,0.5556,0,11,858.5704,227354609613550270,0
PlaceboDestroyer,0.6389,0,9,820.7058,7079382817155203333,0
PlaceboDestroyer,0.6667,0,8,797.8718,10264966111433119558,1
PlaceboDestroyer,0.6944,0,9,797.4513,10264966111433119558,1
PlaceboDestroyer,0.7222,0,8,810.5735,6307814058645704904,0
PlaceboDestroyer,0.5556,0,10,802.6007,1683420027325650615,1
PlaceboDestroyer,0.6944,0,9,797.4513,10264966111433119558,1
PlaceboDestroyer,0.6389,0,9,803.2738,15328930014682100007,1
PlaceboDestroyer,0.6389,0,8,818.6157,17754796920711630959,0
PlaceboDestroyer,0.6111,0,9,810.5735,6307814058645704904,0
PlaceboDestroyer,0.6111,0,11,803.1277,4975891338178397411,1
PlaceboDestroyer,0.6667,0,10,798.9434,678773149692492076,1
PlaceboDestroyer,0.6389,0,10,797.4513,10264966111433119558,1
PlaceboDestroyer,0.5556,0,11,841.1051,2984358498556921087,0
PlaceboDestroyer,0.6667,0,9,844.1620,11443017188717396517,0
PlaceboDestroyer,0.7222,0,9,803.1277,4975891338178397411,1
PlaceboDestroyer,0.6667,0,11,797.4513,10264966111433119558,1
PlaceboDestroyer,0.7500,0,8,824.2921,9910051690224173202,0
PlaceboDestroyer,0.6944,0,9,798.9434,678773149692492076,1
PlaceboDestroyer,0.6667,0,11,797.4513,10264966111433119558,1
PlaceboDestroyer,0.6389,0,8,837.1193,2658914061760862135,0
PlaceboDestroyer,0.6667,0,9,828.7117,9737337230250925581,0
PlaceboDestroyer,0.6111,0,10,826.3874,3711879101473271551,0
PlaceboDestroyer,0.6111,0,9,812.2031,10264966111433119558,0
PlaceboDestroyer,0.6389,0,9,867.1953,746745039375956986,0
PlaceboDestroyer,0.7222,0,8,797.4513,10264966111433119558,1
PlaceboDestroyer,0.6944,0,9,797.4513,10264966111433119558,1
PlaceboDestroyer,0.5833,0,12,817.9923,16150261068118086330,0
PlaceboDestroyer,0.6667,0,9,801.8739,11824326250485796480,1
PlaceboDestroyer,0.6111,0,10,838.8069,1388779656997143718,0
PlaceboDestroyer,0.5833,0,11,817.9923,16150261068118086330,0
PlaceboDestroyer,0.6667,0,8,797.4513,10264966111433119558,1
PlaceboDestroyer,0.6667,0,9,797.4513,10264966111433119558,1
PlaceboDestroyer,0.6944,0,8,865.6803,9356865779976414661,0
PlaceboDestroyer,0.6111,0,10,797.4513,10264966111433119558,1
PlaceboDestroyer,0.5833,0,12,797.4513,10264966111433119558,1
PlaceboDestroyer,0.5556,0,11,842.2993,12312691849637040635,0
PlaceboDestroyer,0.6389,0,9,820.9992,16153310431873527193,0
PlaceboDestroyer,0.6667,0,9,797.4513,10264966111433119558,1
PlaceboDestroyer,0.6667,0,8,810.5735,6307814058645704904,0
PlaceboDestroyer,0.5556,0,13,803.3111,13996102363368337268,1
PlaceboDestroyer,0.6389,0,9,812.6236,10264966111433119558,0
PlaceboDestroyer,0.6944,0,10,849.0900,10915079456222665952,0
PlaceboDestroyer,0.6389,0,11,810.5735,6307814058645704904,0
PlaceboDestroyer,0.7222,0,8,810.5735,6307814058645704904,0
PlaceboDestroyer,0.7500,0,8,817.9923,16150261068118086330,0
PlaceboDestroyer,0.6111,0,11,829.2924,341940587664494122,0
PlaceboDestroyer,0.6667,0,9,848.4150,4009591388271689153,0
PlaceboDestroyer,0.5556,0,10,801.8739,11824326250485796480,1
PlaceboDestroyer,0.6389,0,9,797.4513,10264966111433119558,1
PlaceboDestroyer,0.6944,0,8,844.8998,914318999449806448,0
PlaceboDestroyer,0.6667,0,8,797.8718,10264966111433119558,1
PlaceboDestroyer,0.6389,0,8,826.6984,167170242380040613,0
PlaceboDestroyer,0.6944,0,9,797.4513,10264966111433119558,1
PlaceboDestroyer,0.6944,0,8,804.0648,6063581546530241427,1
PlaceboDestroyer,0.7222,0,8,950.9503,8276345111651124977,0
PlaceboDestroyer,0.5833,0,12,816.6658,3030673687312833173,0
PlaceboDestroyer,0.6944,0,9,820.7217,9385435922064181659,0
PlaceboDestroyer,0.6944,0,9,803.1277,4975891338178397411,1
PlaceboDestroyer,0.5833,0,11,875.4532,16455901104689940528,0
PlaceboDestroyer,0.6944,0,8,854.7872,16759967664892776603,0
PlaceboDestroyer,0.6389,0,10,803.3111,13996102363368337268,1
PlaceboDestroyer,0.7222,0,8,797.4513,10264966111433119558,1
PlaceboDestroyer,0.6944,0,9,797.4513,10264966111433119558,1
PlaceboDestroyer,0.5278,0,12,871.1015,3647661787826477943,0
PlaceboDestroyer,0.6944,0,9,797.8718,10264966111433119558,1
PlaceboDestroyer,0.6111,0,11,820.4296,3115351698897562438,0
PlaceboDestroyer,0.6944,0,8,797.4513,10264966111433119558,1
PlaceboDestroyer,0.6667,0,9,797.4513,10264966111433119558,1
