path,member,compile_status,build_classification
infrastructure/core/src/bin/capture_daemon.rs,infrastructure/core,Reachable,binary:implicit
infrastructure/core/src/bin/chronology_serialize_probe.rs,infrastructure/core,Reachable,binary:implicit
infrastructure/core/src/bin/historical_importer.rs,infrastructure/core,Reachable,binary:implicit
infrastructure/core/src/bin/yahoo_importer.rs,infrastructure/core,Reachable,binary:implicit
infrastructure/core/src/binance_adapter.rs,infrastructure/core,Reachable,lib:module
infrastructure/core/src/cognition.rs,infrastructure/core,Reachable,lib:module
infrastructure/core/src/csv_source.rs,infrastructure/core,Reachable,lib:module
infrastructure/core/src/data_source.rs,infrastructure/core,Reachable,lib:module
infrastructure/core/src/ese.rs,infrastructure/core,Reachable,lib:module
infrastructure/core/src/folder_source.rs,infrastructure/core,Reachable,lib:module
infrastructure/core/src/harness.rs,infrastructure/core,Reachable,lib:module
infrastructure/core/src/inspector.rs,infrastructure/core,Reachable,lib:module
infrastructure/core/src/lib.rs,infrastructure/core,Reachable,lib:root
infrastructure/core/src/market_adapter.rs,infrastructure/core,Reachable,lib:module
infrastructure/core/src/morphology.rs,infrastructure/core,Reachable,lib:module
infrastructure/core/src/observatory.rs,infrastructure/core,Reachable,lib:module
infrastructure/core/src/replay.rs,infrastructure/core,Reachable,lib:module
infrastructure/core/src/selection_cap.rs,infrastructure/core,Reachable,lib:module
infrastructure/core/src/test_assets.rs,infrastructure/core,Reachable,lib:module
infrastructure/core/src/topology.rs,infrastructure/core,Reachable,lib:module
infrastructure/core/tests/demo_test.rs,infrastructure/core,Reachable,test
infrastructure/core/tests/determinism_test.rs,infrastructure/core,Reachable,test
infrastructure/core/tests/explainability_test.rs,infrastructure/core,Reachable,test
infrastructure/optimization/src/evolution_engine.rs,infrastructure/optimization,Reachable,lib:module
infrastructure/optimization/src/lib.rs,infrastructure/optimization,Reachable,lib:root
infrastructure/optimization/tests/determinism_test.rs,infrastructure/optimization,Reachable,test
infrastructure/optimization/tests/evolution_determinism.rs,infrastructure/optimization,Reachable,test
infrastructure/optimization/tests/structural_invariants.rs,infrastructure/optimization,Reachable,test
infrastructure/observatory/api/examples/certify.rs,infrastructure/observatory/api,Orphan,example
infrastructure/observatory/api/src/certify.rs,infrastructure/observatory/api,Reachable,lib:module
infrastructure/observatory/api/src/dto.rs,infrastructure/observatory/api,Reachable,lib:module
infrastructure/observatory/api/src/errors.rs,infrastructure/observatory/api,Reachable,lib:module
infrastructure/observatory/api/src/events.rs,infrastructure/observatory/api,Reachable,lib:module
infrastructure/observatory/api/src/handlers/mod.rs,infrastructure/observatory/api,Reachable,lib:module
infrastructure/observatory/api/src/handlers/strategy_handlers.rs,infrastructure/observatory/api,Reachable,lib:module
infrastructure/observatory/api/src/inspect_projection.rs,infrastructure/observatory/api,Reachable,lib:module
infrastructure/observatory/api/src/inspector.rs,infrastructure/observatory/api,Reachable,lib:module
infrastructure/observatory/api/src/lib.rs,infrastructure/observatory/api,Reachable,lib:root
infrastructure/observatory/api/src/main.rs,infrastructure/observatory/api,Reachable,binary:main
infrastructure/observatory/api/src/market_adapter.rs,infrastructure/observatory/api,Reachable,lib:module
infrastructure/observatory/api/src/market_data_simulate.rs,infrastructure/observatory/api,Reachable,lib:module
infrastructure/observatory/api/src/replay.rs,infrastructure/observatory/api,Reachable,lib:module
infrastructure/observatory/api/src/routes/mod.rs,infrastructure/observatory/api,Reachable,lib:module
infrastructure/observatory/api/src/routes/strategy_routes.rs,infrastructure/observatory/api,Reachable,lib:module
infrastructure/observatory/api/src/scenario/aggregator.rs,infrastructure/observatory/api,Reachable,lib:module
infrastructure/observatory/api/src/scenario/attestation.rs,infrastructure/observatory/api,Reachable,lib:module
infrastructure/observatory/api/src/scenario/domain.rs,infrastructure/observatory/api,Reachable,lib:module
infrastructure/observatory/api/src/scenario/evaluate.rs,infrastructure/observatory/api,Reachable,lib:module
infrastructure/observatory/api/src/scenario/mod.rs,infrastructure/observatory/api,Reachable,lib:module
infrastructure/observatory/api/src/scenario/registry.rs,infrastructure/observatory/api,Reachable,lib:module
infrastructure/observatory/api/src/scenario/result.rs,infrastructure/observatory/api,Reachable,lib:module
infrastructure/observatory/api/src/services/evaluation_service.rs,infrastructure/observatory/api,Reachable,lib:module
infrastructure/observatory/api/src/services/mod.rs,infrastructure/observatory/api,Reachable,lib:module
infrastructure/observatory/api/src/signatures.rs,infrastructure/observatory/api,Reachable,lib:module
infrastructure/observatory/api/src/simulate.rs,infrastructure/observatory/api,Reachable,lib:module
infrastructure/observatory/api/src/strategy_id_parse.rs,infrastructure/observatory/api,Reachable,lib:module
infrastructure/observatory/api/src/timeline.rs,infrastructure/observatory/api,Reachable,lib:module
financial/ese/examples/live_observatory.rs,financial/ese,Orphan,example
financial/ese/src/archive.rs,financial/ese,Reachable,lib:module
financial/ese/src/dedupe.rs,financial/ese,Reachable,lib:module
financial/ese/src/frozen_loader.rs,financial/ese,Reachable,lib:module
financial/ese/src/lib.rs,financial/ese,Reachable,lib:root
financial/ese/src/main.rs,financial/ese,Reachable,binary:main
financial/ese/src/manifest.rs,financial/ese,Reachable,lib:module
financial/ese/src/observatory.rs,financial/ese,Reachable,lib:module
financial/ese/src/pca.rs,financial/ese,Reachable,lib:module
financial/ese/src/persist.rs,financial/ese,Reachable,lib:module
financial/ese/src/repair.rs,financial/ese,Reachable,lib:module
financial/ese/src/replay.rs,financial/ese,Reachable,lib:module
financial/ese/src/telemetry.rs,financial/ese,Reachable,lib:module
financial/ese/src/timeline.rs,financial/ese,Reachable,lib:module
financial/strategies/src/bin/execution_replay.rs,financial/strategies,Reachable,binary:implicit
financial/strategies/src/bin/execution_simulator.rs,financial/strategies,Reachable,binary:implicit
financial/strategies/src/bin/financial_replay.rs,financial/strategies,Reachable,binary:implicit
financial/strategies/src/bin/strategy_simulator.rs,financial/strategies,Reachable,binary:implicit
financial/strategies/src/bin/trace_compiler.rs,financial/strategies,Reachable,binary:implicit
financial/strategies/src/domain/candidate.rs,financial/strategies,Reachable,lib:module
financial/strategies/src/domain/mod.rs,financial/strategies,Reachable,lib:module
financial/strategies/src/domain/scoring.rs,financial/strategies,Reachable,lib:module
financial/strategies/src/domain/signatures.rs,financial/strategies,Reachable,lib:module
financial/strategies/src/edge_decay.rs,financial/strategies,Orphan,lib:orphan
financial/strategies/src/edge_half_life_estimator.rs,financial/strategies,Orphan,lib:orphan
financial/strategies/src/ensemble.rs,financial/strategies,Reachable,lib:module
financial/strategies/src/evaluation/annotations.rs,financial/strategies,Reachable,lib:module
financial/strategies/src/evaluation/evaluator.rs,financial/strategies,Reachable,lib:module
financial/strategies/src/evaluation/mod.rs,financial/strategies,Reachable,lib:module
financial/strategies/src/evaluation/normalization.rs,financial/strategies,Reachable,lib:module
financial/strategies/src/evaluation/replay.rs,financial/strategies,Reachable,lib:module
financial/strategies/src/evaluation/report_adapter.rs,financial/strategies,Reachable,lib:module
financial/strategies/src/evaluation/scoring.rs,financial/strategies,Reachable,lib:module
financial/strategies/src/exit.rs,financial/strategies,Reachable,lib:module
financial/strategies/src/lib.rs,financial/strategies,Reachable,lib:root
financial/strategies/src/market_regime.rs,financial/strategies,Reachable,lib:module
financial/strategies/src/orchestration/mod.rs,financial/strategies,Reachable,lib:module
financial/strategies/src/orchestration/runtime_state.rs,financial/strategies,Reachable,lib:module
financial/strategies/src/paper.rs,financial/strategies,Orphan,lib:orphan
financial/strategies/src/pipeline/aggregation.rs,financial/strategies,Reachable,lib:module
financial/strategies/src/pipeline/asset_loop.rs,financial/strategies,Reachable,lib:module
financial/strategies/src/pipeline/certification/orchestration.rs,financial/strategies,Orphan,lib:orphan
financial/strategies/src/pipeline/mod.rs,financial/strategies,Reachable,lib:module
financial/strategies/src/pipeline/old.rs,financial/strategies,Reachable,lib:module
financial/strategies/src/pipeline/orchestration.rs,financial/strategies,Reachable,lib:module
financial/strategies/src/pipeline/regime_loop.rs,financial/strategies,Reachable,lib:module
financial/strategies/src/pipeline/reporting.rs,financial/strategies,Reachable,lib:module
financial/strategies/src/pipeline/sweep.rs,financial/strategies,Reachable,lib:module
financial/strategies/src/pnl_overlay.rs,financial/strategies,Reachable,lib:module
financial/strategies/src/reco.rs,financial/strategies,Reachable,lib:module
financial/strategies/src/replay_evaluator.rs,financial/strategies,Reachable,lib:module
financial/strategies/src/signals.rs,financial/strategies,Orphan,lib:orphan
financial/strategies/src/strategy_id.rs,financial/strategies,Reachable,lib:module
financial/strategies/src/strategy_ranking.rs,financial/strategies,Reachable,lib:module
financial/strategies/tests/cross_layer_equivalence.rs,financial/strategies,Reachable,test
financial/strategies/tests/evaluator_bridge.rs,financial/strategies,Reachable,test
financial/strategies/tests/golden_replay.rs,financial/strategies,Reachable,test
financial/strategies/tests/semantic_certification.rs,financial/strategies,Reachable,test
financial/strategies/tests/sweep_projection.rs,financial/strategies,Reachable,test
financial/core/src/lib.rs,financial/core,Reachable,lib:root
financial/core/src/runtime/chronology.rs,financial/core,Reachable,lib:module
financial/core/src/runtime/execution.rs,financial/core,Reachable,lib:module
financial/core/src/runtime/mod.rs,financial/core,Reachable,lib:module
financial/core/src/runtime/tick_replay.rs,financial/core,Reachable,lib:module
financial/core/src/simulation/mod.rs,financial/core,Reachable,lib:module
financial/core/src/simulation/synthetic.rs,financial/core,Reachable,lib:module
financial/core/tests/chronology_ordering.rs,financial/core,Reachable,test
financial/core/tests/replay_determinism.rs,financial/core,Reachable,test
financial/core/tests/state_snapshots.rs,financial/core,Reachable,test
coralys-moga/examples/load_balancer_falsification.rs,coralys-moga,Orphan,example
coralys-moga/examples/strategy_exposure_falsification.rs,coralys-moga,Orphan,example
coralys-moga/src/benchmark.rs,coralys-moga,Reachable,lib:module
coralys-moga/src/benchmark_framework.rs,coralys-moga,Reachable,lib:module
coralys-moga/src/bin/experiment.rs,coralys-moga,Reachable,binary:implicit
coralys-moga/src/config.rs,coralys-moga,Reachable,lib:module
coralys-moga/src/ecology/architecture.rs,coralys-moga,Reachable,lib:module
coralys-moga/src/ecology/champion.rs,coralys-moga,Reachable,lib:module
coralys-moga/src/ecology/guidance.rs,coralys-moga,Reachable,lib:module
coralys-moga/src/ecology/memory.rs,coralys-moga,Reachable,lib:module
coralys-moga/src/ecology/metrics.rs,coralys-moga,Reachable,lib:module
coralys-moga/src/ecology/mod.rs,coralys-moga,Reachable,lib:module
coralys-moga/src/ecology/observer.rs,coralys-moga,Reachable,lib:module
coralys-moga/src/ecology/policy.rs,coralys-moga,Reachable,lib:module
coralys-moga/src/ecology/signal.rs,coralys-moga,Reachable,lib:module
coralys-moga/src/engine.rs,coralys-moga,Reachable,lib:module
coralys-moga/src/engine_proof.rs,coralys-moga,Reachable,lib:module
coralys-moga/src/lib.rs,coralys-moga,Reachable,lib:root
coralys-moga/src/main.rs,coralys-moga,Reachable,binary:main
coralys-moga/src/metrics/evolution.rs,coralys-moga,Reachable,lib:module
coralys-moga/src/metrics/mod.rs,coralys-moga,Reachable,lib:module
coralys-moga/src/observatory.rs,coralys-moga,Reachable,lib:module
coralys-moga/src/repair.rs,coralys-moga,Reachable,lib:module
coralys-moga/src/state.rs,coralys-moga,Reachable,lib:module
coralys-moga/src/termination.rs,coralys-moga,Reachable,lib:module
coralys-moga/src/traits.rs,coralys-moga,Reachable,lib:module
coralys-moga/src/traits/assignment.rs,coralys-moga,Reachable,lib:module
coralys-moga/src/traits/evaluator.rs,coralys-moga,Reachable,lib:module
coralys-moga/src/traits/improvement.rs,coralys-moga,Reachable,lib:module
coralys-moga/tests/debug_instrument.rs,coralys-moga,Reachable,test
coralys-moga/tests/regression/issue_001_config.rs,coralys-moga,Orphan,test
coralys-moga/tests/regression/issue_002_elitism.rs,coralys-moga,Orphan,test
coralys-moga/tests/regression/issue_003_seed.rs,coralys-moga,Orphan,test
coralys-simulation/src/lib.rs,coralys-simulation,Reachable,lib:root
coralys-simulation/src/traits.rs,coralys-simulation,Reachable,lib:module
coralys-ecology/src/diagnostics.rs,coralys-ecology,Reachable,lib:module
coralys-ecology/src/lib.rs,coralys-ecology,Reachable,lib:root
coralys-ecology/src/models.rs,coralys-ecology,Reachable,lib:module
coralys-ecology/src/progress.rs,coralys-ecology,Reachable,lib:module
coralys-ecology/src/state.rs,coralys-ecology,Reachable,lib:module
coralys-ecology/src/traits.rs,coralys-ecology,Reachable,lib:module
coralys-decision/src/lib.rs,coralys-decision,Reachable,lib:root
coralys-decision/src/traits.rs,coralys-decision,Reachable,lib:module
coralys-recommendation/src/lib.rs,coralys-recommendation,Reachable,lib:root
coralys-recommendation/src/recommender.rs,coralys-recommendation,Reachable,lib:module
coralys-recommendation/src/traits.rs,coralys-recommendation,Reachable,lib:module
coralys-infrastructure/src/lib.rs,coralys-infrastructure,Reachable,lib:root
adapters/ultracrew/src/bin/config_sweep.rs,adapters/ultracrew,Reachable,binary:implicit
adapters/ultracrew/src/bin/deprecated/inrc_ecology_ablation.rs,adapters/ultracrew,Reachable,binary:deprecated
adapters/ultracrew/src/bin/deprecated/inrc_ecology_history_test.rs,adapters/ultracrew,Reachable,binary:deprecated
adapters/ultracrew/src/bin/deprecated/inrc_ecology_horizon_test.rs,adapters/ultracrew,Reachable,binary:deprecated
adapters/ultracrew/src/bin/deprecated/inrc_ecology_mechanism_audit.rs,adapters/ultracrew,Reachable,binary:deprecated
adapters/ultracrew/src/bin/deprecated/inrc_ecology_multi_week_ablation.rs,adapters/ultracrew,Reachable,binary:deprecated
adapters/ultracrew/src/bin/deprecated/ultracrew_atlas.rs,adapters/ultracrew,Reachable,binary:deprecated
adapters/ultracrew/src/bin/deprecated/ultracrew_repair_atlas.rs,adapters/ultracrew,Reachable,binary:deprecated
adapters/ultracrew/src/bin/inrc_ecology_ablation_matrix.rs,adapters/ultracrew,Reachable,binary:implicit
adapters/ultracrew/src/bin/inrc_ecology_cost_curve.rs,adapters/ultracrew,Reachable,binary:implicit
adapters/ultracrew/src/bin/inrc_ecology_memory_depth.rs,adapters/ultracrew,Reachable,binary:implicit
adapters/ultracrew/src/bin/inrc_ecology_multi_week_ablation.rs,adapters/ultracrew,Reachable,binary:implicit
adapters/ultracrew/src/bin/inrc_ecology_response_curve.rs,adapters/ultracrew,Reachable,binary:implicit
adapters/ultracrew/src/bin/inrc_m22_ancestry.rs,adapters/ultracrew,Reachable,binary:implicit
adapters/ultracrew/src/bin/inrc_m22_benchmark.rs,adapters/ultracrew,Reachable,binary:implicit
adapters/ultracrew/src/bin/inrc_natural_history_pilot.rs,adapters/ultracrew,Reachable,binary:implicit
adapters/ultracrew/src/bin/m23a_synthetic.rs,adapters/ultracrew,Reachable,binary:implicit
adapters/ultracrew/src/bin/m30_0b_passive_telemetry.rs,adapters/ultracrew,Reachable,binary:implicit
adapters/ultracrew/src/bin/m30_0d_active_pilot.rs,adapters/ultracrew,Reachable,binary:implicit
adapters/ultracrew/src/bin/m31_2a_engagement_audit.rs,adapters/ultracrew,Reachable,binary:implicit
adapters/ultracrew/src/bin/m31_benchmarks.rs,adapters/ultracrew,Reachable,binary:implicit
adapters/ultracrew/src/bin/story1.rs,adapters/ultracrew,Reachable,binary:implicit
adapters/ultracrew/src/bin/ultracrew-cli.rs,adapters/ultracrew,Reachable,binary:implicit
adapters/ultracrew/src/compliance/agreements/mod.rs,adapters/ultracrew,Reachable,lib:module
adapters/ultracrew/src/compliance/company/mod.rs,adapters/ultracrew,Reachable,lib:module
adapters/ultracrew/src/compliance/metadata.rs,adapters/ultracrew,Reachable,lib:module
adapters/ultracrew/src/compliance/mod.rs,adapters/ultracrew,Reachable,lib:module
adapters/ultracrew/src/compliance/optimization/mod.rs,adapters/ultracrew,Reachable,lib:module
adapters/ultracrew/src/compliance/registry.rs,adapters/ultracrew,Reachable,lib:module
adapters/ultracrew/src/compliance/regulatory/dgca/flight_hours.rs,adapters/ultracrew,Reachable,lib:module
adapters/ultracrew/src/compliance/regulatory/dgca/limits.rs,adapters/ultracrew,Reachable,lib:module
adapters/ultracrew/src/compliance/regulatory/dgca/maximum_fdp.rs,adapters/ultracrew,Reachable,lib:module
adapters/ultracrew/src/compliance/regulatory/dgca/minimum_rest.rs,adapters/ultracrew,Reachable,lib:module
adapters/ultracrew/src/compliance/regulatory/dgca/mod.rs,adapters/ultracrew,Reachable,lib:module
adapters/ultracrew/src/compliance/regulatory/dgca/standby.rs,adapters/ultracrew,Reachable,lib:module
adapters/ultracrew/src/compliance/regulatory/mod.rs,adapters/ultracrew,Reachable,lib:module
adapters/ultracrew/src/compliance/tests.rs,adapters/ultracrew,Reachable,lib:module
adapters/ultracrew/src/compliance/traits.rs,adapters/ultracrew,Reachable,lib:module
adapters/ultracrew/src/config/mod.rs,adapters/ultracrew,Reachable,lib:module
adapters/ultracrew/src/config/optimization_profiles.rs,adapters/ultracrew,Reachable,lib:module
adapters/ultracrew/src/config/optimizer_config.rs,adapters/ultracrew,Reachable,lib:module
adapters/ultracrew/src/constraint_engine.rs,adapters/ultracrew,Reachable,lib:module
adapters/ultracrew/src/decision_intelligence.rs,adapters/ultracrew,Reachable,lib:module
adapters/ultracrew/src/disruption_recovery.rs,adapters/ultracrew,Reachable,lib:module
adapters/ultracrew/src/ecology.rs,adapters/ultracrew,Reachable,lib:module
adapters/ultracrew/src/errors.rs,adapters/ultracrew,Reachable,lib:module
adapters/ultracrew/src/generic_export.rs,adapters/ultracrew,Reachable,lib:module
adapters/ultracrew/src/generic_import.rs,adapters/ultracrew,Reachable,lib:module
adapters/ultracrew/src/health.rs,adapters/ultracrew,Reachable,lib:module
adapters/ultracrew/src/helpers.rs,adapters/ultracrew,Orphan,lib:orphan
adapters/ultracrew/src/inrc/audit.rs,adapters/ultracrew,Reachable,lib:module
adapters/ultracrew/src/inrc/baseline.rs,adapters/ultracrew,Reachable,lib:module
adapters/ultracrew/src/inrc/bipartite_matching.rs,adapters/ultracrew,Orphan,lib:orphan
adapters/ultracrew/src/inrc/evaluator.rs,adapters/ultracrew,Reachable,lib:module
adapters/ultracrew/src/inrc/exporter.rs,adapters/ultracrew,Reachable,lib:module
adapters/ultracrew/src/inrc/history.rs,adapters/ultracrew,Reachable,lib:module
adapters/ultracrew/src/inrc/mod.rs,adapters/ultracrew,Reachable,lib:module
adapters/ultracrew/src/inrc/models.rs,adapters/ultracrew,Reachable,lib:module
adapters/ultracrew/src/inrc/observer.rs,adapters/ultracrew,Reachable,lib:module
adapters/ultracrew/src/inrc/optimization.rs,adapters/ultracrew,Reachable,lib:module
adapters/ultracrew/src/inrc/parser.rs,adapters/ultracrew,Reachable,lib:module
adapters/ultracrew/src/inrc/planning.rs,adapters/ultracrew,Reachable,lib:module
adapters/ultracrew/src/inrc/schedule_optimizer.rs,adapters/ultracrew,Reachable,lib:module
adapters/ultracrew/src/inrc/types.rs,adapters/ultracrew,Reachable,lib:module
adapters/ultracrew/src/inrc/validator.rs,adapters/ultracrew,Reachable,lib:module
adapters/ultracrew/src/lib.rs,adapters/ultracrew,Reachable,lib:root
adapters/ultracrew/src/models.rs,adapters/ultracrew,Reachable,lib:module
adapters/ultracrew/src/optimization.rs,adapters/ultracrew,Reachable,lib:module
adapters/ultracrew/src/pipeline.rs,adapters/ultracrew,Reachable,lib:module
adapters/ultracrew/src/public_contracts.rs,adapters/ultracrew,Reachable,lib:module
adapters/ultracrew/src/recommendation.rs,adapters/ultracrew,Reachable,lib:module
adapters/ultracrew/src/schedule_solution.rs,adapters/ultracrew,Reachable,lib:module
adapters/ultracrew/src/strict_validator.rs,adapters/ultracrew,Reachable,lib:module
adapters/ultracrew/src/telemetry.rs,adapters/ultracrew,Reachable,lib:module
adapters/ultracrew/src/workforce/ecology_adapter.rs,adapters/ultracrew,Reachable,lib:module
adapters/ultracrew/src/workforce/mod.rs,adapters/ultracrew,Reachable,lib:module
adapters/ultracrew/src/workforce/workforce_metrics.rs,adapters/ultracrew,Reachable,lib:module
adapters/ultracrew/tests/archive/research_outputs/calc_coverage.rs,adapters/ultracrew,Reachable,test
adapters/ultracrew/tests/archive/research_outputs/archive/research_outputs/calc_coverage_final.rs,adapters/ultracrew,Reachable,test
adapters/ultracrew/tests/archive/research_outputs/archive/research_outputs/calc_coverage_opt_minus_min.rs,adapters/ultracrew,Reachable,test
adapters/ultracrew/tests/archive/research_outputs/archive/research_outputs/calc_coverage_zero.rs,adapters/ultracrew,Reachable,test
adapters/ultracrew/tests/create_parity_snapshot.rs,adapters/ultracrew,Reachable,test
adapters/ultracrew/tests/debug_s2_penalties.rs,adapters/ultracrew,Reachable,test
adapters/ultracrew/tests/ecology_endpoint_equivalence.rs,adapters/ultracrew,Reachable,test
adapters/ultracrew/tests/inrc_assignment_parity.rs,adapters/ultracrew,Reachable,test
adapters/ultracrew/tests/inrc_coverage_parity.rs,adapters/ultracrew,Reachable,test
adapters/ultracrew/tests/inrc_feasibility_regression.rs,adapters/ultracrew,Reachable,test
adapters/ultracrew/tests/inrc_full_objective_parity.rs,adapters/ultracrew,Reachable,test
adapters/ultracrew/tests/inrc_history_transition.rs,adapters/ultracrew,Reachable,test
adapters/ultracrew/tests/inrc_multi_week_parity.rs,adapters/ultracrew,Reachable,test
adapters/ultracrew/tests/inrc_score_equivalence.rs,adapters/ultracrew,Reachable,test
adapters/ultracrew/tests/inrc_score_reproduction.rs,adapters/ultracrew,Reachable,test
adapters/ultracrew/tests/level1_determinism.rs,adapters/ultracrew,Reachable,test
adapters/ultracrew/tests/level2_seed_robustness.rs,adapters/ultracrew,Reachable,test
adapters/ultracrew/tests/level3_scenario_scaling.rs,adapters/ultracrew,Reachable,test
adapters/ultracrew/tests/level4_ecology_ablation.rs,adapters/ultracrew,Reachable,test
adapters/ultracrew/tests/parity_snapshot_n030w4.rs,adapters/ultracrew,Reachable,test
adapters/ultracrew/tests/test_inrc_parser.rs,adapters/ultracrew,Reachable,test
adapters/ultracrew/tests/ultracrew_engine_tests.rs,adapters/ultracrew,Reachable,test
adapters/chronosentiment/src/evidence.rs,adapters/chronosentiment,Reachable,lib:module
adapters/chronosentiment/src/hypothesis.rs,adapters/chronosentiment,Reachable,lib:module
adapters/chronosentiment/src/learning.rs,adapters/chronosentiment,Reachable,lib:module
adapters/chronosentiment/src/lib.rs,adapters/chronosentiment,Reachable,lib:root
adapters/chronosentiment/src/timeline.rs,adapters/chronosentiment,Reachable,lib:module
adapters/chronosentiment/src/workspace.rs,adapters/chronosentiment,Reachable,lib:module
adapters/cvrp/benches/performance.rs,adapters/cvrp,Orphan,bench
adapters/cvrp/src/analysis.rs,adapters/cvrp,Reachable,lib:module
adapters/cvrp/src/bin/bdd_baseline.rs,adapters/cvrp,Reachable,binary:implicit
adapters/cvrp/src/bin/bdd_benchmark.rs,adapters/cvrp,Reachable,binary:implicit
adapters/cvrp/src/bin/bdd_campaign.rs,adapters/cvrp,Reachable,binary:implicit
adapters/cvrp/src/bin/bdd_campaign_compare.rs,adapters/cvrp,Reachable,binary:implicit
adapters/cvrp/src/bin/bdd_check_negative.rs,adapters/cvrp,Reachable,binary:implicit
adapters/cvrp/src/bin/bdd_p55_multi.rs,adapters/cvrp,Reachable,binary:implicit
adapters/cvrp/src/bin/bdd_telemetry.rs,adapters/cvrp,Reachable,binary:implicit
adapters/cvrp/src/bin/bdd_validation.rs,adapters/cvrp,Reachable,binary:implicit
adapters/cvrp/src/bin/campaign.rs,adapters/cvrp,Reachable,binary:implicit
adapters/cvrp/src/bin/compare.rs,adapters/cvrp,Reachable,binary:implicit
adapters/cvrp/src/bin/cvrp_sanity.rs,adapters/cvrp,Reachable,binary:implicit
adapters/cvrp/src/bin/cvrplib_registry.rs,adapters/cvrp,Reachable,binary:implicit
adapters/cvrp/src/bin/m30_2_active_pilot.rs,adapters/cvrp,Reachable,binary:implicit
adapters/cvrp/src/bin/m30_2a_1_ecology_audit.rs,adapters/cvrp,Reachable,binary:implicit
adapters/cvrp/src/bin/m30_2a_2_shadow_advisory.rs,adapters/cvrp,Reachable,binary:implicit
adapters/cvrp/src/bin/search_config.rs,adapters/cvrp,Reachable,binary:implicit
adapters/cvrp/src/lib.rs,adapters/cvrp,Reachable,lib:root
adapters/cvrp/src/moga_impl.rs,adapters/cvrp,Reachable,lib:module
adapters/cvrp/src/qualification/execution_certificate.rs,adapters/cvrp,Reachable,lib:module
adapters/cvrp/src/qualification/feasibility.rs,adapters/cvrp,Reachable,lib:module
adapters/cvrp/src/qualification/fleet_semantics.rs,adapters/cvrp,Reachable,lib:module
adapters/cvrp/src/qualification/fleet_utilization.rs,adapters/cvrp,Reachable,lib:module
adapters/cvrp/src/qualification/mod.rs,adapters/cvrp,Reachable,lib:module
adapters/cvd001/src/credit.rs,adapters/cvd001,Reachable,lib:module
adapters/cvd001/src/evaluator.rs,adapters/cvd001,Reachable,lib:module
adapters/cvd001/src/framework_adapter.rs,adapters/cvd001,Reachable,lib:module
adapters/cvd001/src/hc3.rs,adapters/cvd001,Reachable,lib:module
adapters/cvd001/src/lib.rs,adapters/cvd001,Reachable,lib:root
adapters/cvd001/src/objective.rs,adapters/cvd001,Reachable,lib:module
adapters/cvd001/src/types.rs,adapters/cvd001,Reachable,lib:module
adapters/cvd001/src/workload.rs,adapters/cvd001,Reachable,lib:module
coralys-v2/src/lib.rs,coralys-v2,Reachable,lib:root
coralys-core/src/analysis.rs,coralys-core,Reachable,lib:module
coralys-core/src/lib.rs,coralys-core,Reachable,lib:root
coralys-core/src/memory.rs,coralys-core,Reachable,lib:module
coralys-core/src/models/decision_lineage.rs,coralys-core,Reachable,lib:module
coralys-core/src/models/decision_proposal.rs,coralys-core,Reachable,lib:module
coralys-core/src/models/evaluation_result.rs,coralys-core,Reachable,lib:module
coralys-core/src/models/matching_result.rs,coralys-core,Reachable,lib:module
coralys-core/src/models/mod.rs,coralys-core,Reachable,lib:module
coralys-core/src/models/state_reference.rs,coralys-core,Reachable,lib:module
coralys-core/src/models/violation.rs,coralys-core,Reachable,lib:module
coralys-core/src/telemetry.rs,coralys-core,Reachable,lib:module
coralys-eval/src/adapter.rs,coralys-eval,Reachable,lib:module
coralys-eval/src/lib.rs,coralys-eval,Reachable,lib:root
coralys-eval/src/pipeline.rs,coralys-eval,Reachable,lib:module
coralys-eval/src/registry.rs,coralys-eval,Reachable,lib:module
coralys-eval/src/types.rs,coralys-eval,Reachable,lib:module
coralys-matching/src/lib.rs,coralys-matching,Reachable,lib:root
adapters/roadef/src/adapter.rs,adapters/roadef,Orphan,lib:orphan
adapters/roadef/src/bin/campaign.rs,adapters/roadef,Reachable,binary:implicit
adapters/roadef/src/bin/campaign_engine.rs,adapters/roadef,Reachable,binary:implicit
adapters/roadef/src/bin/e001_dual_path.rs,adapters/roadef,Reachable,binary:implicit
adapters/roadef/src/bin/eval_profiler.rs,adapters/roadef,Reachable,binary:implicit
adapters/roadef/src/bin/m25_8_bridge.rs,adapters/roadef,Reachable,binary:implicit
adapters/roadef/src/bin/m25_8b_ecology.rs,adapters/roadef,Reachable,binary:implicit
adapters/roadef/src/bin/m25_benchmark.rs,adapters/roadef,Reachable,binary:implicit
adapters/roadef/src/bin/m25_final.rs,adapters/roadef,Reachable,binary:implicit
adapters/roadef/src/bin/m26_1_observation_audit.rs,adapters/roadef,Reachable,binary:implicit
adapters/roadef/src/bin/m26_1c_discriminative_audit.rs,adapters/roadef,Reachable,binary:implicit
adapters/roadef/src/bin/m26_1d_failure_density.rs,adapters/roadef,Reachable,binary:implicit
adapters/roadef/src/bin/m26_1e_survival_curves.rs,adapters/roadef,Reachable,binary:implicit
adapters/roadef/src/bin/m26_3_passive_learner.rs,adapters/roadef,Reachable,binary:implicit
adapters/roadef/src/bin/m26_4a_shadow_advisory.rs,adapters/roadef,Reachable,binary:implicit
adapters/roadef/src/bin/m26_4b_active_pilot.rs,adapters/roadef,Reachable,binary:implicit
adapters/roadef/src/bin/m27_1_passive_operator_telemetry.rs,adapters/roadef,Reachable,binary:implicit
adapters/roadef/src/bin/tiny_solver.rs,adapters/roadef,Reachable,binary:implicit
adapters/roadef/src/ecmp.rs,adapters/roadef,Reachable,lib:module
adapters/roadef/src/evaluator.rs,adapters/roadef,Reachable,lib:module
adapters/roadef/src/graph.rs,adapters/roadef,Reachable,lib:module
adapters/roadef/src/lib.rs,adapters/roadef,Reachable,lib:root
adapters/roadef/src/loader.rs,adapters/roadef,Reachable,lib:module
adapters/roadef/src/models.rs,adapters/roadef,Reachable,lib:module
adapters/roadef/src/moga_impl.rs,adapters/roadef,Reachable,lib:module
adapters/roadef/src/path.rs,adapters/roadef,Reachable,lib:module
adapters/roadef/tests/audit_tests.rs,adapters/roadef,Reachable,test
adapters/airline/src/domain/cost.rs,adapters/airline,Reachable,lib:module
adapters/airline/src/domain/credit.rs,adapters/airline,Reachable,lib:module
adapters/airline/src/domain/crew.rs,adapters/airline,Reachable,lib:module
adapters/airline/src/domain/duty.rs,adapters/airline,Reachable,lib:module
adapters/airline/src/domain/flight.rs,adapters/airline,Reachable,lib:module
adapters/airline/src/domain/mod.rs,adapters/airline,Reachable,lib:module
adapters/airline/src/domain/pairing.rs,adapters/airline,Reachable,lib:module
adapters/airline/src/domain/roster.rs,adapters/airline,Reachable,lib:module
adapters/airline/src/domain/roster_metrics.rs,adapters/airline,Reachable,lib:module
adapters/airline/src/domain/rotation.rs,adapters/airline,Reachable,lib:module
adapters/airline/src/legality/base_return.rs,adapters/airline,Reachable,lib:module
adapters/airline/src/legality/coverage.rs,adapters/airline,Reachable,lib:module
adapters/airline/src/legality/duty_connectivity.rs,adapters/airline,Reachable,lib:module
adapters/airline/src/legality/duty_time.rs,adapters/airline,Reachable,lib:module
adapters/airline/src/legality/fdp.rs,adapters/airline,Reachable,lib:module
adapters/airline/src/legality/minimum_rest.rs,adapters/airline,Reachable,lib:module
adapters/airline/src/legality/mod.rs,adapters/airline,Reachable,lib:module
adapters/airline/src/legality/qualification.rs,adapters/airline,Reachable,lib:module
adapters/airline/src/lib.rs,adapters/airline,Reachable,lib:root
adapters/airline/src/optimization/cost.rs,adapters/airline,Reachable,lib:module
adapters/airline/src/optimization/metrics.rs,adapters/airline,Reachable,lib:module
adapters/airline/src/optimization/mod.rs,adapters/airline,Reachable,lib:module
adapters/airline/src/optimization/neighborhood/mod.rs,adapters/airline,Reachable,lib:module
adapters/airline/src/optimization/neighborhood/relocate.rs,adapters/airline,Reachable,lib:module
adapters/airline/src/optimization/neighborhood/swap.rs,adapters/airline,Reachable,lib:module
adapters/airline/src/optimization/objective.rs,adapters/airline,Reachable,lib:module
adapters/airline/src/optimization/search/greedy.rs,adapters/airline,Reachable,lib:module
adapters/airline/src/optimization/search/local_search.rs,adapters/airline,Reachable,lib:module
adapters/airline/src/optimization/search/mod.rs,adapters/airline,Reachable,lib:module
adapters/airline/src/planner/incremental.rs,adapters/airline,Reachable,lib:module
adapters/airline/src/planner/mod.rs,adapters/airline,Reachable,lib:module
adapters/airline/src/planner/summary.rs,adapters/airline,Reachable,lib:module
adapters/airline/src/planner/whatif.rs,adapters/airline,Reachable,lib:module
adapters/airline/src/resilience/disruption.rs,adapters/airline,Reachable,lib:module
adapters/airline/src/resilience/mod.rs,adapters/airline,Reachable,lib:module
adapters/airline/src/resilience/reserve.rs,adapters/airline,Reachable,lib:module
adapters/airline/src/resilience/robustness.rs,adapters/airline,Reachable,lib:module
adapters/airline/tests/benchmark.rs,adapters/airline,Reachable,test
adapters/airline/tests/gerad_coralys.rs,adapters/airline,Reachable,test
adapters/airline/tests/gerad_e2e.rs,adapters/airline,Reachable,test
adapters/airline/tests/harness/logging.rs,adapters/airline,Orphan,test
adapters/airline/tests/harness/mod.rs,adapters/airline,Orphan,test
adapters/airline/tests/harness/persistence.rs,adapters/airline,Orphan,test
adapters/airline/tests/harness/report.rs,adapters/airline,Orphan,test
adapters/airline/tests/harness/reproducibility.rs,adapters/airline,Orphan,test
adapters/airline/tests/harness/schema.rs,adapters/airline,Orphan,test
adapters/airline/tests/robustness.rs,adapters/airline,Reachable,test
adapters/airline/tests/scalability.rs,adapters/airline,Reachable,test
adapters/airline/tests/scenario_validation.rs,adapters/airline,Reachable,test
adapters/airline/tests/solution_quality.rs,adapters/airline,Reachable,test
adapters/gerad/src/error.rs,adapters/gerad,Reachable,lib:module
adapters/gerad/src/importer.rs,adapters/gerad,Reachable,lib:module
adapters/gerad/src/lib.rs,adapters/gerad,Reachable,lib:root
adapters/gerad/src/mapper.rs,adapters/gerad,Reachable,lib:module
adapters/gerad/src/models.rs,adapters/gerad,Reachable,lib:module
adapters/gerad/src/parser.rs,adapters/gerad,Reachable,lib:module
adapters/gerad/src/validator.rs,adapters/gerad,Reachable,lib:module
adapters/gerad/tests/integration_import.rs,adapters/gerad,Reachable,test
coralys-planning/src/lib.rs,coralys-planning,Reachable,lib:root
services/ultracrew_server/src/bin/acceptance_test.rs,services/ultracrew_server,Reachable,binary:implicit
services/ultracrew_server/src/bin/benchmark.rs,services/ultracrew_server,Reachable,binary:implicit
services/ultracrew_server/src/bin/cs_governance_validation.rs,services/ultracrew_server,Reachable,binary:implicit
services/ultracrew_server/src/bin/ecology_validation.rs,services/ultracrew_server,Reachable,binary:implicit
services/ultracrew_server/src/bin/inrc_archive_forensics.rs,services/ultracrew_server,Reachable,binary:implicit
services/ultracrew_server/src/bin/m8g_cs_validation.rs,services/ultracrew_server,Reachable,binary:implicit
services/ultracrew_server/src/bin/m8g_ultracrew_validation.rs,services/ultracrew_server,Reachable,binary:implicit
services/ultracrew_server/src/bin/m9a_search_observatory.rs,services/ultracrew_server,Reachable,binary:implicit
services/ultracrew_server/src/bin/policy_seed_runner.rs,services/ultracrew_server,Reachable,binary:implicit
services/ultracrew_server/src/bin/validation_pass.rs,services/ultracrew_server,Reachable,binary:implicit
services/ultracrew_server/src/builder.rs,services/ultracrew_server,Reachable,lib:module
services/ultracrew_server/src/inrc_observer.rs,services/ultracrew_server,Reachable,lib:module
services/ultracrew_server/src/lib.rs,services/ultracrew_server,Reachable,lib:root
services/ultracrew_server/src/main.rs,services/ultracrew_server,Reachable,binary:main
services/ultracrew_server/src/models.rs,services/ultracrew_server,Reachable,lib:module
services/ultracrew_server/src/optimizer.rs,services/ultracrew_server,Reachable,lib:module
services/ultracrew_server/src/persistence.rs,services/ultracrew_server,Reachable,lib:module
services/ultracrew_server/src/simulation.rs,services/ultracrew_server,Reachable,lib:module
services/ultracrew_server/src/simulation_test.rs,services/ultracrew_server,Orphan,lib:orphan
services/ultracrew_server/src/tracker.rs,services/ultracrew_server,Reachable,lib:module
services/ultracrew_server/src/validator.rs,services/ultracrew_server,Reachable,lib:module
services/cvrp_server/src/bin/basin_characterization.rs,services/cvrp_server,Reachable,binary:implicit
services/cvrp_server/src/bin/check_demand.rs,services/cvrp_server,Reachable,binary:implicit
services/cvrp_server/src/bin/elite_manifold_probe.rs,services/cvrp_server,Reachable,binary:implicit
services/cvrp_server/src/bin/elite_partition_probe.rs,services/cvrp_server,Reachable,binary:implicit
services/cvrp_server/src/bin/find_797.rs,services/cvrp_server,Reachable,binary:implicit
services/cvrp_server/src/bin/frozen_partition_probe.rs,services/cvrp_server,Reachable,binary:implicit
services/cvrp_server/src/bin/initial_basin_distribution.rs,services/cvrp_server,Reachable,binary:implicit
services/cvrp_server/src/bin/m11_reachability_atlas.rs,services/cvrp_server,Reachable,binary:implicit
services/cvrp_server/src/bin/m12_cvrp_repair_atlas.rs,services/cvrp_server,Reachable,binary:implicit
services/cvrp_server/src/bin/m14_cvrp_recognizability_audit.rs,services/cvrp_server,Reachable,binary:implicit
services/cvrp_server/src/bin/m15_cvrp_decoder_independence.rs,services/cvrp_server,Reachable,binary:implicit
services/cvrp_server/src/bin/m16_cvrp_reconstruction_guidance.rs,services/cvrp_server,Reachable,binary:implicit
services/cvrp_server/src/bin/m17_cvrp_backbone_causality.rs,services/cvrp_server,Reachable,binary:implicit
services/cvrp_server/src/bin/m18_structural_invariants.rs,services/cvrp_server,Reachable,binary:implicit
services/cvrp_server/src/bin/m20_epistasis.rs,services/cvrp_server,Reachable,binary:implicit
services/cvrp_server/src/bin/m21_feasible_path.rs,services/cvrp_server,Reachable,binary:implicit
services/cvrp_server/src/bin/m21c_sa.rs,services/cvrp_server,Reachable,binary:implicit
services/cvrp_server/src/bin/m21d_elite_sa.rs,services/cvrp_server,Reachable,binary:implicit
services/cvrp_server/src/bin/m22_0_archive.rs,services/cvrp_server,Reachable,binary:implicit
services/cvrp_server/src/bin/m22_scale_up.rs,services/cvrp_server,Reachable,binary:implicit
services/cvrp_server/src/bin/m22a_annealed_elite.rs,services/cvrp_server,Reachable,binary:implicit
services/cvrp_server/src/bin/m22b_novelty_elitism.rs,services/cvrp_server,Reachable,binary:implicit
services/cvrp_server/src/bin/m22c_0_route_sa.rs,services/cvrp_server,Reachable,binary:implicit
services/cvrp_server/src/bin/m22c_1_memetic.rs,services/cvrp_server,Reachable,binary:implicit
services/cvrp_server/src/bin/m22c_2_fidelity_audit.rs,services/cvrp_server,Reachable,binary:implicit
services/cvrp_server/src/bin/m22f_cvrp_control.rs,services/cvrp_server,Reachable,binary:implicit
services/cvrp_server/src/bin/m8g_cvrp_validation.rs,services/cvrp_server,Reachable,binary:implicit
services/cvrp_server/src/bin/seed_ecology_study.rs,services/cvrp_server,Reachable,binary:implicit
services/cvrp_server/src/bin/verify_758.rs,services/cvrp_server,Reachable,binary:implicit
services/cvrp_server/src/bin/verify_bks.rs,services/cvrp_server,Reachable,binary:implicit
services/cvrp_server/src/main.rs,services/cvrp_server,Reachable,binary:main
coralys-policy/src/lib.rs,coralys-policy,Reachable,lib:root
