path,member,package,compilation_root_type,reachability_root,parent_module,module_path,reachable,incoming_edges,outgoing_edges
infrastructure/core/src/bin/capture_daemon.rs,infrastructure/core,chronosentiment_core,binary:implicit,bin:capture_daemon,,crate,True,0,0
infrastructure/core/src/bin/chronology_serialize_probe.rs,infrastructure/core,chronosentiment_core,binary:implicit,bin:chronology_serialize_probe,,crate,True,0,0
infrastructure/core/src/bin/historical_importer.rs,infrastructure/core,chronosentiment_core,binary:implicit,bin:historical_importer,,crate,True,0,0
infrastructure/core/src/bin/yahoo_importer.rs,infrastructure/core,chronosentiment_core,binary:implicit,bin:yahoo_importer,,crate,True,0,0
infrastructure/core/src/binance_adapter.rs,infrastructure/core,chronosentiment_core,lib,lib,infrastructure/core/src/lib.rs,crate::binance_adapter,True,1,0
infrastructure/core/src/cognition.rs,infrastructure/core,chronosentiment_core,lib,lib,infrastructure/core/src/lib.rs,crate::cognition,True,1,0
infrastructure/core/src/csv_source.rs,infrastructure/core,chronosentiment_core,lib,lib,infrastructure/core/src/lib.rs,crate::csv_source,True,1,0
infrastructure/core/src/data_source.rs,infrastructure/core,chronosentiment_core,lib,lib,infrastructure/core/src/lib.rs,crate::data_source,True,1,0
infrastructure/core/src/ese.rs,infrastructure/core,chronosentiment_core,lib,lib,infrastructure/core/src/lib.rs,crate::ese,True,1,0
infrastructure/core/src/folder_source.rs,infrastructure/core,chronosentiment_core,lib,lib,infrastructure/core/src/lib.rs,crate::folder_source,True,1,0
infrastructure/core/src/harness.rs,infrastructure/core,chronosentiment_core,lib,lib,infrastructure/core/src/lib.rs,crate::harness,True,1,0
infrastructure/core/src/inspector.rs,infrastructure/core,chronosentiment_core,lib,lib,infrastructure/core/src/lib.rs,crate::inspector,True,1,0
infrastructure/core/src/lib.rs,infrastructure/core,chronosentiment_core,lib,lib,,crate,True,0,15
infrastructure/core/src/market_adapter.rs,infrastructure/core,chronosentiment_core,lib,lib,infrastructure/core/src/lib.rs,crate::market_adapter,True,1,0
infrastructure/core/src/morphology.rs,infrastructure/core,chronosentiment_core,lib,lib,infrastructure/core/src/lib.rs,crate::morphology,True,1,0
infrastructure/core/src/observatory.rs,infrastructure/core,chronosentiment_core,lib,lib,infrastructure/core/src/lib.rs,crate::observatory,True,1,0
infrastructure/core/src/replay.rs,infrastructure/core,chronosentiment_core,lib,lib,infrastructure/core/src/lib.rs,crate::replay,True,1,0
infrastructure/core/src/selection_cap.rs,infrastructure/core,chronosentiment_core,lib,lib,infrastructure/core/src/lib.rs,crate::selection_cap,True,1,0
infrastructure/core/src/test_assets.rs,infrastructure/core,chronosentiment_core,lib,lib,infrastructure/core/src/lib.rs,crate::test_assets,True,1,0
infrastructure/core/src/topology.rs,infrastructure/core,chronosentiment_core,lib,lib,infrastructure/core/src/lib.rs,crate::topology,True,1,0
infrastructure/core/tests/demo_test.rs,infrastructure/core,chronosentiment_core,test,test:demo_test,,crate,True,0,0
infrastructure/core/tests/determinism_test.rs,infrastructure/core,chronosentiment_core,test,test:determinism_test,,crate,True,0,0
infrastructure/core/tests/explainability_test.rs,infrastructure/core,chronosentiment_core,test,test:explainability_test,,crate,True,0,0
infrastructure/optimization/src/evolution_engine.rs,infrastructure/optimization,chronosentiment_optimization,lib,lib,infrastructure/optimization/src/lib.rs,crate::evolution_engine,True,1,0
infrastructure/optimization/src/lib.rs,infrastructure/optimization,chronosentiment_optimization,lib,lib,,crate,True,0,1
infrastructure/optimization/tests/determinism_test.rs,infrastructure/optimization,chronosentiment_optimization,test,test:determinism_test,,crate,True,0,0
infrastructure/optimization/tests/evolution_determinism.rs,infrastructure/optimization,chronosentiment_optimization,test,test:evolution_determinism,,crate,True,0,0
infrastructure/optimization/tests/structural_invariants.rs,infrastructure/optimization,chronosentiment_optimization,test,test:structural_invariants,,crate,True,0,0
infrastructure/observatory/api/examples/certify.rs,infrastructure/observatory/api,api,example,example:certify,,crate,True,0,0
infrastructure/observatory/api/src/certify.rs,infrastructure/observatory/api,api,lib,lib,infrastructure/observatory/api/src/lib.rs,crate::certify,True,1,0
infrastructure/observatory/api/src/dto.rs,infrastructure/observatory/api,api,lib,lib,infrastructure/observatory/api/src/lib.rs,crate::dto,True,1,0
infrastructure/observatory/api/src/errors.rs,infrastructure/observatory/api,api,lib,lib,infrastructure/observatory/api/src/lib.rs,crate::errors,True,1,0
infrastructure/observatory/api/src/events.rs,infrastructure/observatory/api,api,lib,lib,infrastructure/observatory/api/src/lib.rs,crate::events,True,1,0
infrastructure/observatory/api/src/handlers/mod.rs,infrastructure/observatory/api,api,binary:main,main,infrastructure/observatory/api/src/main.rs,crate::handlers,True,1,1
infrastructure/observatory/api/src/handlers/strategy_handlers.rs,infrastructure/observatory/api,api,binary:main,main,infrastructure/observatory/api/src/handlers/mod.rs,crate::handlers::strategy_handlers,True,1,0
infrastructure/observatory/api/src/inspect_projection.rs,infrastructure/observatory/api,api,lib,lib,infrastructure/observatory/api/src/lib.rs,crate::inspect_projection,True,1,0
infrastructure/observatory/api/src/inspector.rs,infrastructure/observatory/api,api,lib,lib,infrastructure/observatory/api/src/lib.rs,crate::inspector,True,1,0
infrastructure/observatory/api/src/lib.rs,infrastructure/observatory/api,api,lib,lib,,crate,True,0,13
infrastructure/observatory/api/src/main.rs,infrastructure/observatory/api,api,binary:main,main,,crate,True,0,4
infrastructure/observatory/api/src/market_adapter.rs,infrastructure/observatory/api,api,lib,lib,infrastructure/observatory/api/src/lib.rs,crate::market_adapter,True,1,0
infrastructure/observatory/api/src/market_data_simulate.rs,infrastructure/observatory/api,api,lib,lib,infrastructure/observatory/api/src/lib.rs,crate::market_data_simulate,True,1,0
infrastructure/observatory/api/src/replay.rs,infrastructure/observatory/api,api,lib,lib,infrastructure/observatory/api/src/lib.rs,crate::replay,True,1,0
infrastructure/observatory/api/src/routes/mod.rs,infrastructure/observatory/api,api,binary:main,main,infrastructure/observatory/api/src/main.rs,crate::routes,True,1,1
infrastructure/observatory/api/src/routes/strategy_routes.rs,infrastructure/observatory/api,api,binary:main,main,infrastructure/observatory/api/src/routes/mod.rs,crate::routes::strategy_routes,True,1,0
infrastructure/observatory/api/src/scenario/aggregator.rs,infrastructure/observatory/api,api,lib,lib,infrastructure/observatory/api/src/scenario/mod.rs,crate::scenario::aggregator,True,1,0
infrastructure/observatory/api/src/scenario/attestation.rs,infrastructure/observatory/api,api,lib,lib,infrastructure/observatory/api/src/scenario/mod.rs,crate::scenario::attestation,True,1,0
infrastructure/observatory/api/src/scenario/domain.rs,infrastructure/observatory/api,api,lib,lib,infrastructure/observatory/api/src/scenario/mod.rs,crate::scenario::domain,True,1,0
infrastructure/observatory/api/src/scenario/evaluate.rs,infrastructure/observatory/api,api,lib,lib,infrastructure/observatory/api/src/scenario/mod.rs,crate::scenario::evaluate,True,1,0
infrastructure/observatory/api/src/scenario/mod.rs,infrastructure/observatory/api,api,lib,lib,infrastructure/observatory/api/src/lib.rs,crate::scenario,True,1,6
infrastructure/observatory/api/src/scenario/registry.rs,infrastructure/observatory/api,api,lib,lib,infrastructure/observatory/api/src/scenario/mod.rs,crate::scenario::registry,True,1,0
infrastructure/observatory/api/src/scenario/result.rs,infrastructure/observatory/api,api,lib,lib,infrastructure/observatory/api/src/scenario/mod.rs,crate::scenario::result,True,1,0
infrastructure/observatory/api/src/services/evaluation_service.rs,infrastructure/observatory/api,api,binary:main,main,infrastructure/observatory/api/src/services/mod.rs,crate::services::evaluation_service,True,1,0
infrastructure/observatory/api/src/services/mod.rs,infrastructure/observatory/api,api,binary:main,main,infrastructure/observatory/api/src/main.rs,crate::services,True,1,1
infrastructure/observatory/api/src/signatures.rs,infrastructure/observatory/api,api,lib,lib,infrastructure/observatory/api/src/lib.rs,crate::signatures,True,1,0
infrastructure/observatory/api/src/simulate.rs,infrastructure/observatory/api,api,lib,lib,infrastructure/observatory/api/src/lib.rs,crate::simulate,True,1,0
infrastructure/observatory/api/src/strategy_id_parse.rs,infrastructure/observatory/api,api,binary:main,main,infrastructure/observatory/api/src/main.rs,crate::strategy_id_parse,True,1,0
infrastructure/observatory/api/src/timeline.rs,infrastructure/observatory/api,api,lib,lib,infrastructure/observatory/api/src/lib.rs,crate::timeline,True,1,0
financial/ese/examples/live_observatory.rs,financial/ese,cs-ingest,example,example:live_observatory,,crate,True,0,0
financial/ese/src/archive.rs,financial/ese,cs-ingest,lib,lib,financial/ese/src/lib.rs,crate::archive,True,1,0
financial/ese/src/dedupe.rs,financial/ese,cs-ingest,lib,lib,financial/ese/src/lib.rs,crate::dedupe,True,1,0
financial/ese/src/frozen_loader.rs,financial/ese,cs-ingest,lib,lib,financial/ese/src/lib.rs,crate::frozen_loader,True,1,0
financial/ese/src/lib.rs,financial/ese,cs-ingest,lib,lib,,crate,True,0,11
financial/ese/src/main.rs,financial/ese,cs-ingest,binary:main,main,,crate,True,0,0
financial/ese/src/manifest.rs,financial/ese,cs-ingest,lib,lib,financial/ese/src/lib.rs,crate::manifest,True,1,0
financial/ese/src/observatory.rs,financial/ese,cs-ingest,lib,lib,financial/ese/src/lib.rs,crate::observatory,True,1,0
financial/ese/src/pca.rs,financial/ese,cs-ingest,lib,lib,financial/ese/src/lib.rs,crate::pca,True,1,0
financial/ese/src/persist.rs,financial/ese,cs-ingest,lib,lib,financial/ese/src/lib.rs,crate::persist,True,1,0
financial/ese/src/repair.rs,financial/ese,cs-ingest,lib,lib,financial/ese/src/lib.rs,crate::repair,True,1,0
financial/ese/src/replay.rs,financial/ese,cs-ingest,lib,lib,financial/ese/src/lib.rs,crate::replay,True,1,0
financial/ese/src/telemetry.rs,financial/ese,cs-ingest,lib,lib,financial/ese/src/lib.rs,crate::telemetry,True,1,0
financial/ese/src/timeline.rs,financial/ese,cs-ingest,lib,lib,financial/ese/src/lib.rs,crate::timeline,True,1,0
financial/strategies/src/bin/execution_replay.rs,financial/strategies,chronosentiment_strategies,binary:implicit,bin:execution_replay,,crate,True,0,0
financial/strategies/src/bin/execution_simulator.rs,financial/strategies,chronosentiment_strategies,binary:explicit,bin:execution_simulator,,crate,True,0,0
financial/strategies/src/bin/financial_replay.rs,financial/strategies,chronosentiment_strategies,binary:explicit,bin:financial_replay,,crate,True,0,0
financial/strategies/src/bin/strategy_simulator.rs,financial/strategies,chronosentiment_strategies,binary:explicit,bin:strategy_simulator,,crate,True,0,0
financial/strategies/src/bin/trace_compiler.rs,financial/strategies,chronosentiment_strategies,binary:explicit,bin:trace_compiler,,crate,True,0,0
financial/strategies/src/domain/candidate.rs,financial/strategies,chronosentiment_strategies,lib,lib,financial/strategies/src/domain/mod.rs,crate::domain::candidate,True,1,0
financial/strategies/src/domain/mod.rs,financial/strategies,chronosentiment_strategies,lib,lib,financial/strategies/src/lib.rs,crate::domain,True,1,3
financial/strategies/src/domain/scoring.rs,financial/strategies,chronosentiment_strategies,lib,lib,financial/strategies/src/domain/mod.rs,crate::domain::scoring,True,1,0
financial/strategies/src/domain/signatures.rs,financial/strategies,chronosentiment_strategies,lib,lib,financial/strategies/src/domain/mod.rs,crate::domain::signatures,True,1,0
financial/strategies/src/edge_decay.rs,financial/strategies,chronosentiment_strategies,lib:orphan,,,,False,0,0
financial/strategies/src/edge_half_life_estimator.rs,financial/strategies,chronosentiment_strategies,lib:orphan,,,,False,0,0
financial/strategies/src/ensemble.rs,financial/strategies,chronosentiment_strategies,lib,lib,financial/strategies/src/lib.rs,crate::ensemble,True,1,0
financial/strategies/src/evaluation/annotations.rs,financial/strategies,chronosentiment_strategies,lib,lib,financial/strategies/src/evaluation/mod.rs,crate::evaluation::annotations,True,1,0
financial/strategies/src/evaluation/evaluator.rs,financial/strategies,chronosentiment_strategies,lib,lib,financial/strategies/src/evaluation/mod.rs,crate::evaluation::evaluator,True,1,0
financial/strategies/src/evaluation/mod.rs,financial/strategies,chronosentiment_strategies,lib,lib,financial/strategies/src/lib.rs,crate::evaluation,True,1,6
financial/strategies/src/evaluation/normalization.rs,financial/strategies,chronosentiment_strategies,lib,lib,financial/strategies/src/evaluation/mod.rs,crate::evaluation::normalization,True,1,0
financial/strategies/src/evaluation/replay.rs,financial/strategies,chronosentiment_strategies,lib,lib,financial/strategies/src/evaluation/mod.rs,crate::evaluation::replay,True,1,0
financial/strategies/src/evaluation/report_adapter.rs,financial/strategies,chronosentiment_strategies,lib,lib,financial/strategies/src/evaluation/mod.rs,crate::evaluation::report_adapter,True,1,0
financial/strategies/src/evaluation/scoring.rs,financial/strategies,chronosentiment_strategies,lib,lib,financial/strategies/src/evaluation/mod.rs,crate::evaluation::scoring,True,1,0
financial/strategies/src/exit.rs,financial/strategies,chronosentiment_strategies,lib,lib,financial/strategies/src/lib.rs,crate::exit,True,1,0
financial/strategies/src/lib.rs,financial/strategies,chronosentiment_strategies,lib,lib,,crate,True,0,12
financial/strategies/src/market_regime.rs,financial/strategies,chronosentiment_strategies,lib,lib,financial/strategies/src/lib.rs,crate::market_regime,True,1,0
financial/strategies/src/orchestration/mod.rs,financial/strategies,chronosentiment_strategies,lib,lib,financial/strategies/src/lib.rs,crate::orchestration,True,1,1
financial/strategies/src/orchestration/runtime_state.rs,financial/strategies,chronosentiment_strategies,lib,lib,financial/strategies/src/orchestration/mod.rs,crate::orchestration::runtime_state,True,1,0
financial/strategies/src/paper.rs,financial/strategies,chronosentiment_strategies,lib:orphan,,,,False,0,0
financial/strategies/src/pipeline/aggregation.rs,financial/strategies,chronosentiment_strategies,lib,lib,financial/strategies/src/pipeline/mod.rs,crate::pipeline::aggregation,True,1,0
financial/strategies/src/pipeline/asset_loop.rs,financial/strategies,chronosentiment_strategies,lib,lib,financial/strategies/src/pipeline/mod.rs,crate::pipeline::asset_loop,True,1,0
financial/strategies/src/pipeline/certification/orchestration.rs,financial/strategies,chronosentiment_strategies,lib:orphan,,,,False,0,0
financial/strategies/src/pipeline/mod.rs,financial/strategies,chronosentiment_strategies,lib,lib,financial/strategies/src/lib.rs,crate::pipeline,True,1,7
financial/strategies/src/pipeline/old.rs,financial/strategies,chronosentiment_strategies,lib,lib,financial/strategies/src/pipeline/mod.rs,crate::pipeline::old,True,1,0
financial/strategies/src/pipeline/orchestration.rs,financial/strategies,chronosentiment_strategies,lib,lib,financial/strategies/src/pipeline/mod.rs,crate::pipeline::orchestration,True,1,0
financial/strategies/src/pipeline/regime_loop.rs,financial/strategies,chronosentiment_strategies,lib,lib,financial/strategies/src/pipeline/mod.rs,crate::pipeline::regime_loop,True,1,0
financial/strategies/src/pipeline/reporting.rs,financial/strategies,chronosentiment_strategies,lib,lib,financial/strategies/src/pipeline/mod.rs,crate::pipeline::reporting,True,1,0
financial/strategies/src/pipeline/sweep.rs,financial/strategies,chronosentiment_strategies,lib,lib,financial/strategies/src/pipeline/mod.rs,crate::pipeline::sweep,True,1,0
financial/strategies/src/pnl_overlay.rs,financial/strategies,chronosentiment_strategies,lib,lib,financial/strategies/src/lib.rs,crate::pnl_overlay,True,1,0
financial/strategies/src/reco.rs,financial/strategies,chronosentiment_strategies,lib,lib,financial/strategies/src/lib.rs,crate::reco,True,1,0
financial/strategies/src/replay_evaluator.rs,financial/strategies,chronosentiment_strategies,lib,lib,financial/strategies/src/lib.rs,crate::replay_evaluator,True,1,0
financial/strategies/src/signals.rs,financial/strategies,chronosentiment_strategies,lib:orphan,,,,False,0,0
financial/strategies/src/strategy_id.rs,financial/strategies,chronosentiment_strategies,lib,lib,financial/strategies/src/lib.rs,crate::strategy_id,True,1,0
financial/strategies/src/strategy_ranking.rs,financial/strategies,chronosentiment_strategies,lib,lib,financial/strategies/src/lib.rs,crate::strategy_ranking,True,1,0
financial/strategies/tests/cross_layer_equivalence.rs,financial/strategies,chronosentiment_strategies,test,test:cross_layer_equivalence,,crate,True,0,0
financial/strategies/tests/evaluator_bridge.rs,financial/strategies,chronosentiment_strategies,test,test:evaluator_bridge,,crate,True,0,0
financial/strategies/tests/golden_replay.rs,financial/strategies,chronosentiment_strategies,test,test:golden_replay,,crate,True,0,0
financial/strategies/tests/semantic_certification.rs,financial/strategies,chronosentiment_strategies,test,test:semantic_certification,,crate,True,0,0
financial/strategies/tests/sweep_projection.rs,financial/strategies,chronosentiment_strategies,test,test:sweep_projection,,crate,True,0,0
financial/core/src/lib.rs,financial/core,chronosentiment_financial_core,lib,lib,,crate,True,0,2
financial/core/src/runtime/chronology.rs,financial/core,chronosentiment_financial_core,lib,lib,financial/core/src/runtime/mod.rs,crate::runtime::chronology,True,1,0
financial/core/src/runtime/execution.rs,financial/core,chronosentiment_financial_core,lib,lib,financial/core/src/runtime/mod.rs,crate::runtime::execution,True,1,0
financial/core/src/runtime/mod.rs,financial/core,chronosentiment_financial_core,lib,lib,financial/core/src/lib.rs,crate::runtime,True,1,3
financial/core/src/runtime/tick_replay.rs,financial/core,chronosentiment_financial_core,lib,lib,financial/core/src/runtime/mod.rs,crate::runtime::tick_replay,True,1,0
financial/core/src/simulation/mod.rs,financial/core,chronosentiment_financial_core,lib,lib,financial/core/src/lib.rs,crate::simulation,True,1,1
financial/core/src/simulation/synthetic.rs,financial/core,chronosentiment_financial_core,lib,lib,financial/core/src/simulation/mod.rs,crate::simulation::synthetic,True,1,0
financial/core/tests/chronology_ordering.rs,financial/core,chronosentiment_financial_core,test,test:chronology_ordering,,crate,True,0,0
financial/core/tests/replay_determinism.rs,financial/core,chronosentiment_financial_core,test,test:replay_determinism,,crate,True,0,0
financial/core/tests/state_snapshots.rs,financial/core,chronosentiment_financial_core,test,test:state_snapshots,,crate,True,0,0
coralys-moga/examples/load_balancer_falsification.rs,coralys-moga,coralys-moga,example,example:load_balancer_falsification,,crate,True,0,0
coralys-moga/examples/strategy_exposure_falsification.rs,coralys-moga,coralys-moga,example,example:strategy_exposure_falsification,,crate,True,0,0
coralys-moga/src/benchmark.rs,coralys-moga,coralys-moga,lib,lib,coralys-moga/src/lib.rs,crate::benchmark,True,1,0
coralys-moga/src/benchmark_framework.rs,coralys-moga,coralys-moga,lib,lib,coralys-moga/src/lib.rs,crate::benchmark_framework,True,1,0
coralys-moga/src/bin/experiment.rs,coralys-moga,coralys-moga,binary:implicit,bin:experiment,,crate,True,0,0
coralys-moga/src/config.rs,coralys-moga,coralys-moga,lib,lib,coralys-moga/src/lib.rs,crate::config,True,1,0
coralys-moga/src/ecology/architecture.rs,coralys-moga,coralys-moga,lib,lib,coralys-moga/src/ecology/mod.rs,crate::ecology::architecture,True,1,0
coralys-moga/src/ecology/champion.rs,coralys-moga,coralys-moga,lib,lib,coralys-moga/src/ecology/mod.rs,crate::ecology::champion,True,1,0
coralys-moga/src/ecology/guidance.rs,coralys-moga,coralys-moga,lib,lib,coralys-moga/src/ecology/mod.rs,crate::ecology::guidance,True,1,0
coralys-moga/src/ecology/memory.rs,coralys-moga,coralys-moga,lib,lib,coralys-moga/src/ecology/mod.rs,crate::ecology::memory,True,1,0
coralys-moga/src/ecology/metrics.rs,coralys-moga,coralys-moga,lib,lib,coralys-moga/src/ecology/mod.rs,crate::ecology::metrics,True,1,0
coralys-moga/src/ecology/mod.rs,coralys-moga,coralys-moga,lib,lib,coralys-moga/src/lib.rs,crate::ecology,True,1,8
coralys-moga/src/ecology/observer.rs,coralys-moga,coralys-moga,lib,lib,coralys-moga/src/ecology/mod.rs,crate::ecology::observer,True,1,0
coralys-moga/src/ecology/policy.rs,coralys-moga,coralys-moga,lib,lib,coralys-moga/src/ecology/mod.rs,crate::ecology::policy,True,1,0
coralys-moga/src/ecology/signal.rs,coralys-moga,coralys-moga,lib,lib,coralys-moga/src/ecology/mod.rs,crate::ecology::signal,True,1,0
coralys-moga/src/engine.rs,coralys-moga,coralys-moga,lib,lib,coralys-moga/src/lib.rs,crate::engine,True,1,0
coralys-moga/src/engine_proof.rs,coralys-moga,coralys-moga,lib,lib,coralys-moga/src/lib.rs,crate::engine_proof,True,1,0
coralys-moga/src/lib.rs,coralys-moga,coralys-moga,lib,lib,,crate,True,0,12
coralys-moga/src/main.rs,coralys-moga,coralys-moga,binary:main,main,,crate,True,0,0
coralys-moga/src/metrics/evolution.rs,coralys-moga,coralys-moga,lib,lib,coralys-moga/src/metrics/mod.rs,crate::metrics::evolution,True,1,0
coralys-moga/src/metrics/mod.rs,coralys-moga,coralys-moga,lib,lib,coralys-moga/src/lib.rs,crate::metrics,True,1,1
coralys-moga/src/observatory.rs,coralys-moga,coralys-moga,lib,lib,coralys-moga/src/lib.rs,crate::observatory,True,1,0
coralys-moga/src/repair.rs,coralys-moga,coralys-moga,lib,lib,coralys-moga/src/lib.rs,crate::repair,True,1,0
coralys-moga/src/state.rs,coralys-moga,coralys-moga,lib,lib,coralys-moga/src/lib.rs,crate::state,True,1,0
coralys-moga/src/termination.rs,coralys-moga,coralys-moga,lib,lib,coralys-moga/src/lib.rs,crate::termination,True,1,0
coralys-moga/src/traits.rs,coralys-moga,coralys-moga,lib,lib,coralys-moga/src/lib.rs,crate::traits,True,1,3
coralys-moga/src/traits/assignment.rs,coralys-moga,coralys-moga,lib,lib,coralys-moga/src/traits.rs,crate::traits::assignment,True,1,0
coralys-moga/src/traits/evaluator.rs,coralys-moga,coralys-moga,lib,lib,coralys-moga/src/traits.rs,crate::traits::evaluator,True,1,0
coralys-moga/src/traits/improvement.rs,coralys-moga,coralys-moga,lib,lib,coralys-moga/src/traits.rs,crate::traits::improvement,True,1,0
coralys-moga/tests/debug_instrument.rs,coralys-moga,coralys-moga,test,test:debug_instrument,,crate,True,0,0
coralys-moga/tests/regression/issue_001_config.rs,coralys-moga,coralys-moga,test,,,,False,0,0
coralys-moga/tests/regression/issue_002_elitism.rs,coralys-moga,coralys-moga,test,,,,False,0,0
coralys-moga/tests/regression/issue_003_seed.rs,coralys-moga,coralys-moga,test,,,,False,0,0
coralys-simulation/src/lib.rs,coralys-simulation,coralys-simulation,lib,lib,,crate,True,0,1
coralys-simulation/src/traits.rs,coralys-simulation,coralys-simulation,lib,lib,coralys-simulation/src/lib.rs,crate::traits,True,1,0
coralys-ecology/src/diagnostics.rs,coralys-ecology,coralys-ecology,lib,lib,coralys-ecology/src/lib.rs,crate::diagnostics,True,1,0
coralys-ecology/src/lib.rs,coralys-ecology,coralys-ecology,lib,lib,,crate,True,0,5
coralys-ecology/src/models.rs,coralys-ecology,coralys-ecology,lib,lib,coralys-ecology/src/lib.rs,crate::models,True,1,0
coralys-ecology/src/progress.rs,coralys-ecology,coralys-ecology,lib,lib,coralys-ecology/src/lib.rs,crate::progress,True,1,0
coralys-ecology/src/state.rs,coralys-ecology,coralys-ecology,lib,lib,coralys-ecology/src/lib.rs,crate::state,True,1,0
coralys-ecology/src/traits.rs,coralys-ecology,coralys-ecology,lib,lib,coralys-ecology/src/lib.rs,crate::traits,True,1,0
coralys-decision/src/lib.rs,coralys-decision,coralys-decision,lib,lib,,crate,True,0,1
coralys-decision/src/traits.rs,coralys-decision,coralys-decision,lib,lib,coralys-decision/src/lib.rs,crate::traits,True,1,0
coralys-recommendation/src/lib.rs,coralys-recommendation,coralys-recommendation,lib,lib,,crate,True,0,2
coralys-recommendation/src/recommender.rs,coralys-recommendation,coralys-recommendation,lib,lib,coralys-recommendation/src/lib.rs,crate::recommender,True,1,0
coralys-recommendation/src/traits.rs,coralys-recommendation,coralys-recommendation,lib,lib,coralys-recommendation/src/lib.rs,crate::traits,True,1,0
coralys-infrastructure/src/lib.rs,coralys-infrastructure,coralys-infrastructure,lib,lib,,crate,True,0,0
adapters/ultracrew/src/bin/config_sweep.rs,adapters/ultracrew,ultracrew,binary:implicit,bin:config_sweep,,crate,True,0,0
adapters/ultracrew/src/bin/deprecated/inrc_ecology_ablation.rs,adapters/ultracrew,ultracrew,binary:deprecated,bin:deprecated:inrc_ecology_ablation,,crate,True,0,0
adapters/ultracrew/src/bin/deprecated/inrc_ecology_history_test.rs,adapters/ultracrew,ultracrew,binary:deprecated,bin:deprecated:inrc_ecology_history_test,,crate,True,0,0
adapters/ultracrew/src/bin/deprecated/inrc_ecology_horizon_test.rs,adapters/ultracrew,ultracrew,binary:deprecated,bin:deprecated:inrc_ecology_horizon_test,,crate,True,0,0
adapters/ultracrew/src/bin/deprecated/inrc_ecology_mechanism_audit.rs,adapters/ultracrew,ultracrew,binary:deprecated,bin:deprecated:inrc_ecology_mechanism_audit,,crate,True,0,0
adapters/ultracrew/src/bin/deprecated/inrc_ecology_multi_week_ablation.rs,adapters/ultracrew,ultracrew,binary:deprecated,bin:deprecated:inrc_ecology_multi_week_ablation,,crate,True,0,0
adapters/ultracrew/src/bin/deprecated/ultracrew_atlas.rs,adapters/ultracrew,ultracrew,binary:deprecated,bin:deprecated:ultracrew_atlas,,crate,True,0,0
adapters/ultracrew/src/bin/deprecated/ultracrew_repair_atlas.rs,adapters/ultracrew,ultracrew,binary:deprecated,bin:deprecated:ultracrew_repair_atlas,,crate,True,0,0
adapters/ultracrew/src/bin/inrc_ecology_ablation_matrix.rs,adapters/ultracrew,ultracrew,binary:implicit,bin:inrc_ecology_ablation_matrix,,crate,True,0,0
adapters/ultracrew/src/bin/inrc_ecology_cost_curve.rs,adapters/ultracrew,ultracrew,binary:implicit,bin:inrc_ecology_cost_curve,,crate,True,0,0
adapters/ultracrew/src/bin/inrc_ecology_memory_depth.rs,adapters/ultracrew,ultracrew,binary:implicit,bin:inrc_ecology_memory_depth,,crate,True,0,0
adapters/ultracrew/src/bin/inrc_ecology_multi_week_ablation.rs,adapters/ultracrew,ultracrew,binary:implicit,bin:inrc_ecology_multi_week_ablation,,crate,True,0,0
adapters/ultracrew/src/bin/inrc_ecology_response_curve.rs,adapters/ultracrew,ultracrew,binary:implicit,bin:inrc_ecology_response_curve,,crate,True,0,0
adapters/ultracrew/src/bin/inrc_m22_ancestry.rs,adapters/ultracrew,ultracrew,binary:implicit,bin:inrc_m22_ancestry,,crate,True,0,0
adapters/ultracrew/src/bin/inrc_m22_benchmark.rs,adapters/ultracrew,ultracrew,binary:implicit,bin:inrc_m22_benchmark,,crate,True,0,0
adapters/ultracrew/src/bin/inrc_natural_history_pilot.rs,adapters/ultracrew,ultracrew,binary:implicit,bin:inrc_natural_history_pilot,,crate,True,0,0
adapters/ultracrew/src/bin/m23a_synthetic.rs,adapters/ultracrew,ultracrew,binary:implicit,bin:m23a_synthetic,,crate,True,0,0
adapters/ultracrew/src/bin/m30_0b_passive_telemetry.rs,adapters/ultracrew,ultracrew,binary:implicit,bin:m30_0b_passive_telemetry,,crate,True,0,0
adapters/ultracrew/src/bin/m30_0d_active_pilot.rs,adapters/ultracrew,ultracrew,binary:implicit,bin:m30_0d_active_pilot,,crate,True,0,0
adapters/ultracrew/src/bin/m31_2a_engagement_audit.rs,adapters/ultracrew,ultracrew,binary:implicit,bin:m31_2a_engagement_audit,,crate,True,0,0
adapters/ultracrew/src/bin/m31_benchmarks.rs,adapters/ultracrew,ultracrew,binary:implicit,bin:m31_benchmarks,,crate,True,0,0
adapters/ultracrew/src/bin/story1.rs,adapters/ultracrew,ultracrew,binary:implicit,bin:story1,,crate,True,0,0
adapters/ultracrew/src/bin/ultracrew-cli.rs,adapters/ultracrew,ultracrew,binary:implicit,bin:ultracrew-cli,,crate,True,0,0
adapters/ultracrew/src/compliance/agreements/mod.rs,adapters/ultracrew,ultracrew,lib,lib,adapters/ultracrew/src/compliance/mod.rs,crate::compliance::agreements,True,1,0
adapters/ultracrew/src/compliance/company/mod.rs,adapters/ultracrew,ultracrew,lib,lib,adapters/ultracrew/src/compliance/mod.rs,crate::compliance::company,True,1,0
adapters/ultracrew/src/compliance/metadata.rs,adapters/ultracrew,ultracrew,lib,lib,adapters/ultracrew/src/compliance/mod.rs,crate::compliance::metadata,True,1,0
adapters/ultracrew/src/compliance/mod.rs,adapters/ultracrew,ultracrew,lib,lib,adapters/ultracrew/src/lib.rs,crate::compliance,True,1,8
adapters/ultracrew/src/compliance/optimization/mod.rs,adapters/ultracrew,ultracrew,lib,lib,adapters/ultracrew/src/compliance/mod.rs,crate::compliance::optimization,True,1,0
adapters/ultracrew/src/compliance/registry.rs,adapters/ultracrew,ultracrew,lib,lib,adapters/ultracrew/src/compliance/mod.rs,crate::compliance::registry,True,1,0
adapters/ultracrew/src/compliance/regulatory/dgca/flight_hours.rs,adapters/ultracrew,ultracrew,lib,lib,adapters/ultracrew/src/compliance/regulatory/dgca/mod.rs,crate::compliance::regulatory::dgca::flight_hours,True,1,0
adapters/ultracrew/src/compliance/regulatory/dgca/limits.rs,adapters/ultracrew,ultracrew,lib,lib,adapters/ultracrew/src/compliance/regulatory/dgca/mod.rs,crate::compliance::regulatory::dgca::limits,True,1,0
adapters/ultracrew/src/compliance/regulatory/dgca/maximum_fdp.rs,adapters/ultracrew,ultracrew,lib,lib,adapters/ultracrew/src/compliance/regulatory/dgca/mod.rs,crate::compliance::regulatory::dgca::maximum_fdp,True,1,0
adapters/ultracrew/src/compliance/regulatory/dgca/minimum_rest.rs,adapters/ultracrew,ultracrew,lib,lib,adapters/ultracrew/src/compliance/regulatory/dgca/mod.rs,crate::compliance::regulatory::dgca::minimum_rest,True,1,0
adapters/ultracrew/src/compliance/regulatory/dgca/mod.rs,adapters/ultracrew,ultracrew,lib,lib,adapters/ultracrew/src/compliance/regulatory/mod.rs,crate::compliance::regulatory::dgca,True,1,5
adapters/ultracrew/src/compliance/regulatory/dgca/standby.rs,adapters/ultracrew,ultracrew,lib,lib,adapters/ultracrew/src/compliance/regulatory/dgca/mod.rs,crate::compliance::regulatory::dgca::standby,True,1,0
adapters/ultracrew/src/compliance/regulatory/mod.rs,adapters/ultracrew,ultracrew,lib,lib,adapters/ultracrew/src/compliance/mod.rs,crate::compliance::regulatory,True,1,1
adapters/ultracrew/src/compliance/tests.rs,adapters/ultracrew,ultracrew,lib,lib,adapters/ultracrew/src/compliance/mod.rs,crate::compliance::tests,True,1,0
adapters/ultracrew/src/compliance/traits.rs,adapters/ultracrew,ultracrew,lib,lib,adapters/ultracrew/src/compliance/mod.rs,crate::compliance::traits,True,1,0
adapters/ultracrew/src/config/mod.rs,adapters/ultracrew,ultracrew,lib,lib,adapters/ultracrew/src/lib.rs,crate::config,True,1,2
adapters/ultracrew/src/config/optimization_profiles.rs,adapters/ultracrew,ultracrew,lib,lib,adapters/ultracrew/src/config/mod.rs,crate::config::optimization_profiles,True,1,0
adapters/ultracrew/src/config/optimizer_config.rs,adapters/ultracrew,ultracrew,lib,lib,adapters/ultracrew/src/config/mod.rs,crate::config::optimizer_config,True,1,0
adapters/ultracrew/src/constraint_engine.rs,adapters/ultracrew,ultracrew,lib,lib,adapters/ultracrew/src/lib.rs,crate::constraint_engine,True,1,0
adapters/ultracrew/src/decision_intelligence.rs,adapters/ultracrew,ultracrew,lib,lib,adapters/ultracrew/src/lib.rs,crate::decision_intelligence,True,1,0
adapters/ultracrew/src/disruption_recovery.rs,adapters/ultracrew,ultracrew,lib,lib,adapters/ultracrew/src/lib.rs,crate::disruption_recovery,True,1,0
adapters/ultracrew/src/ecology.rs,adapters/ultracrew,ultracrew,lib,lib,adapters/ultracrew/src/lib.rs,crate::ecology,True,1,0
adapters/ultracrew/src/errors.rs,adapters/ultracrew,ultracrew,lib,lib,adapters/ultracrew/src/lib.rs,crate::errors,True,1,0
adapters/ultracrew/src/generic_export.rs,adapters/ultracrew,ultracrew,lib,lib,adapters/ultracrew/src/lib.rs,crate::generic_export,True,1,0
adapters/ultracrew/src/generic_import.rs,adapters/ultracrew,ultracrew,lib,lib,adapters/ultracrew/src/lib.rs,crate::generic_import,True,1,0
adapters/ultracrew/src/health.rs,adapters/ultracrew,ultracrew,lib,lib,adapters/ultracrew/src/lib.rs,crate::health,True,1,0
adapters/ultracrew/src/helpers.rs,adapters/ultracrew,ultracrew,lib:orphan,,,,False,0,0
adapters/ultracrew/src/inrc/audit.rs,adapters/ultracrew,ultracrew,lib,lib,adapters/ultracrew/src/inrc/mod.rs,crate::inrc::audit,True,1,0
adapters/ultracrew/src/inrc/baseline.rs,adapters/ultracrew,ultracrew,lib,lib,adapters/ultracrew/src/inrc/mod.rs,crate::inrc::baseline,True,1,0
adapters/ultracrew/src/inrc/bipartite_matching.rs,adapters/ultracrew,ultracrew,lib:orphan,,,,False,0,0
adapters/ultracrew/src/inrc/evaluator.rs,adapters/ultracrew,ultracrew,lib,lib,adapters/ultracrew/src/inrc/mod.rs,crate::inrc::evaluator,True,1,0
adapters/ultracrew/src/inrc/exporter.rs,adapters/ultracrew,ultracrew,lib,lib,adapters/ultracrew/src/inrc/mod.rs,crate::inrc::exporter,True,1,0
adapters/ultracrew/src/inrc/history.rs,adapters/ultracrew,ultracrew,lib,lib,adapters/ultracrew/src/inrc/mod.rs,crate::inrc::history,True,1,0
adapters/ultracrew/src/inrc/mod.rs,adapters/ultracrew,ultracrew,lib,lib,adapters/ultracrew/src/lib.rs,crate::inrc,True,1,13
adapters/ultracrew/src/inrc/models.rs,adapters/ultracrew,ultracrew,lib,lib,adapters/ultracrew/src/inrc/mod.rs,crate::inrc::models,True,1,0
adapters/ultracrew/src/inrc/observer.rs,adapters/ultracrew,ultracrew,lib,lib,adapters/ultracrew/src/inrc/mod.rs,crate::inrc::observer,True,1,0
adapters/ultracrew/src/inrc/optimization.rs,adapters/ultracrew,ultracrew,lib,lib,adapters/ultracrew/src/inrc/mod.rs,crate::inrc::optimization,True,1,0
adapters/ultracrew/src/inrc/parser.rs,adapters/ultracrew,ultracrew,lib,lib,adapters/ultracrew/src/inrc/mod.rs,crate::inrc::parser,True,1,0
adapters/ultracrew/src/inrc/planning.rs,adapters/ultracrew,ultracrew,lib,lib,adapters/ultracrew/src/inrc/mod.rs,crate::inrc::planning,True,1,0
adapters/ultracrew/src/inrc/schedule_optimizer.rs,adapters/ultracrew,ultracrew,lib,lib,adapters/ultracrew/src/inrc/mod.rs,crate::inrc::schedule_optimizer,True,1,0
adapters/ultracrew/src/inrc/types.rs,adapters/ultracrew,ultracrew,lib,lib,adapters/ultracrew/src/inrc/mod.rs,crate::inrc::types,True,1,0
adapters/ultracrew/src/inrc/validator.rs,adapters/ultracrew,ultracrew,lib,lib,adapters/ultracrew/src/inrc/mod.rs,crate::inrc::validator,True,1,0
adapters/ultracrew/src/lib.rs,adapters/ultracrew,ultracrew,lib,lib,,crate,True,0,20
adapters/ultracrew/src/models.rs,adapters/ultracrew,ultracrew,lib,lib,adapters/ultracrew/src/lib.rs,crate::models,True,1,0
adapters/ultracrew/src/optimization.rs,adapters/ultracrew,ultracrew,lib,lib,adapters/ultracrew/src/lib.rs,crate::optimization,True,1,0
adapters/ultracrew/src/pipeline.rs,adapters/ultracrew,ultracrew,lib,lib,adapters/ultracrew/src/lib.rs,crate::pipeline,True,1,0
adapters/ultracrew/src/public_contracts.rs,adapters/ultracrew,ultracrew,lib,lib,adapters/ultracrew/src/lib.rs,crate::public_contracts,True,1,0
adapters/ultracrew/src/recommendation.rs,adapters/ultracrew,ultracrew,lib,lib,adapters/ultracrew/src/lib.rs,crate::recommendation,True,1,0
adapters/ultracrew/src/schedule_solution.rs,adapters/ultracrew,ultracrew,lib,lib,adapters/ultracrew/src/lib.rs,crate::schedule_solution,True,1,0
adapters/ultracrew/src/strict_validator.rs,adapters/ultracrew,ultracrew,lib,lib,adapters/ultracrew/src/lib.rs,crate::strict_validator,True,1,0
adapters/ultracrew/src/telemetry.rs,adapters/ultracrew,ultracrew,lib,lib,adapters/ultracrew/src/lib.rs,crate::telemetry,True,1,0
adapters/ultracrew/src/workforce/ecology_adapter.rs,adapters/ultracrew,ultracrew,lib,lib,adapters/ultracrew/src/workforce/mod.rs,crate::workforce::ecology_adapter,True,1,0
adapters/ultracrew/src/workforce/mod.rs,adapters/ultracrew,ultracrew,lib,lib,adapters/ultracrew/src/lib.rs,crate::workforce,True,1,2
adapters/ultracrew/src/workforce/workforce_metrics.rs,adapters/ultracrew,ultracrew,lib,lib,adapters/ultracrew/src/workforce/mod.rs,crate::workforce::workforce_metrics,True,1,0
adapters/ultracrew/tests/archive/research_outputs/calc_coverage.rs,adapters/ultracrew,ultracrew,test,test:archive/research_outputs/calc_coverage,,crate,True,0,0
adapters/ultracrew/tests/archive/research_outputs/archive/research_outputs/calc_coverage_final.rs,adapters/ultracrew,ultracrew,test,test:archive/research_outputs/archive/research_outputs/calc_coverage_final,,crate,True,0,0
adapters/ultracrew/tests/archive/research_outputs/archive/research_outputs/calc_coverage_opt_minus_min.rs,adapters/ultracrew,ultracrew,test,test:archive/research_outputs/archive/research_outputs/calc_coverage_opt_minus_min,,crate,True,0,0
adapters/ultracrew/tests/archive/research_outputs/archive/research_outputs/calc_coverage_zero.rs,adapters/ultracrew,ultracrew,test,test:archive/research_outputs/archive/research_outputs/calc_coverage_zero,,crate,True,0,0
adapters/ultracrew/tests/create_parity_snapshot.rs,adapters/ultracrew,ultracrew,test,test:create_parity_snapshot,,crate,True,0,0
adapters/ultracrew/tests/debug_s2_penalties.rs,adapters/ultracrew,ultracrew,test,test:debug_s2_penalties,,crate,True,0,0
adapters/ultracrew/tests/ecology_endpoint_equivalence.rs,adapters/ultracrew,ultracrew,test,test:ecology_endpoint_equivalence,,crate,True,0,0
adapters/ultracrew/tests/inrc_assignment_parity.rs,adapters/ultracrew,ultracrew,test,test:inrc_assignment_parity,,crate,True,0,0
adapters/ultracrew/tests/inrc_coverage_parity.rs,adapters/ultracrew,ultracrew,test,test:inrc_coverage_parity,,crate,True,0,0
adapters/ultracrew/tests/inrc_feasibility_regression.rs,adapters/ultracrew,ultracrew,test,test:inrc_feasibility_regression,,crate,True,0,0
adapters/ultracrew/tests/inrc_full_objective_parity.rs,adapters/ultracrew,ultracrew,test,test:inrc_full_objective_parity,,crate,True,0,0
adapters/ultracrew/tests/inrc_history_transition.rs,adapters/ultracrew,ultracrew,test,test:inrc_history_transition,,crate,True,0,0
adapters/ultracrew/tests/inrc_multi_week_parity.rs,adapters/ultracrew,ultracrew,test,test:inrc_multi_week_parity,,crate,True,0,0
adapters/ultracrew/tests/inrc_score_equivalence.rs,adapters/ultracrew,ultracrew,test,test:inrc_score_equivalence,,crate,True,0,0
adapters/ultracrew/tests/inrc_score_reproduction.rs,adapters/ultracrew,ultracrew,test,test:inrc_score_reproduction,,crate,True,0,0
adapters/ultracrew/tests/level1_determinism.rs,adapters/ultracrew,ultracrew,test,test:level1_determinism,,crate,True,0,0
adapters/ultracrew/tests/level2_seed_robustness.rs,adapters/ultracrew,ultracrew,test,test:level2_seed_robustness,,crate,True,0,0
adapters/ultracrew/tests/level3_scenario_scaling.rs,adapters/ultracrew,ultracrew,test,test:level3_scenario_scaling,,crate,True,0,0
adapters/ultracrew/tests/level4_ecology_ablation.rs,adapters/ultracrew,ultracrew,test,test:level4_ecology_ablation,,crate,True,0,0
adapters/ultracrew/tests/parity_snapshot_n030w4.rs,adapters/ultracrew,ultracrew,test,test:parity_snapshot_n030w4,,crate,True,0,0
adapters/ultracrew/tests/test_inrc_parser.rs,adapters/ultracrew,ultracrew,test,test:test_inrc_parser,,crate,True,0,0
adapters/ultracrew/tests/ultracrew_engine_tests.rs,adapters/ultracrew,ultracrew,test,test:ultracrew_engine_tests,,crate,True,0,0
adapters/chronosentiment/src/evidence.rs,adapters/chronosentiment,chronosentiment_adapter,lib,lib,adapters/chronosentiment/src/lib.rs,crate::evidence,True,1,0
adapters/chronosentiment/src/hypothesis.rs,adapters/chronosentiment,chronosentiment_adapter,lib,lib,adapters/chronosentiment/src/lib.rs,crate::hypothesis,True,1,0
adapters/chronosentiment/src/learning.rs,adapters/chronosentiment,chronosentiment_adapter,lib,lib,adapters/chronosentiment/src/lib.rs,crate::learning,True,1,0
adapters/chronosentiment/src/lib.rs,adapters/chronosentiment,chronosentiment_adapter,lib,lib,,crate,True,0,5
adapters/chronosentiment/src/timeline.rs,adapters/chronosentiment,chronosentiment_adapter,lib,lib,adapters/chronosentiment/src/lib.rs,crate::timeline,True,1,0
adapters/chronosentiment/src/workspace.rs,adapters/chronosentiment,chronosentiment_adapter,lib,lib,adapters/chronosentiment/src/lib.rs,crate::workspace,True,1,0
adapters/cvrp/benches/performance.rs,adapters/cvrp,cvrp,bench,bench:performance,,crate,True,0,0
adapters/cvrp/src/analysis.rs,adapters/cvrp,cvrp,lib,lib,adapters/cvrp/src/lib.rs,crate::analysis,True,1,0
adapters/cvrp/src/bin/bdd_baseline.rs,adapters/cvrp,cvrp,binary:implicit,bin:bdd_baseline,,crate,True,0,0
adapters/cvrp/src/bin/bdd_benchmark.rs,adapters/cvrp,cvrp,binary:implicit,bin:bdd_benchmark,,crate,True,0,0
adapters/cvrp/src/bin/bdd_campaign.rs,adapters/cvrp,cvrp,binary:implicit,bin:bdd_campaign,,crate,True,0,0
adapters/cvrp/src/bin/bdd_campaign_compare.rs,adapters/cvrp,cvrp,binary:implicit,bin:bdd_campaign_compare,,crate,True,0,0
adapters/cvrp/src/bin/bdd_check_negative.rs,adapters/cvrp,cvrp,binary:implicit,bin:bdd_check_negative,,crate,True,0,0
adapters/cvrp/src/bin/bdd_p55_multi.rs,adapters/cvrp,cvrp,binary:implicit,bin:bdd_p55_multi,,crate,True,0,0
adapters/cvrp/src/bin/bdd_telemetry.rs,adapters/cvrp,cvrp,binary:implicit,bin:bdd_telemetry,,crate,True,0,0
adapters/cvrp/src/bin/bdd_validation.rs,adapters/cvrp,cvrp,binary:implicit,bin:bdd_validation,,crate,True,0,0
adapters/cvrp/src/bin/campaign.rs,adapters/cvrp,cvrp,binary:implicit,bin:campaign,,crate,True,0,1
adapters/cvrp/src/bin/compare.rs,adapters/cvrp,cvrp,binary:implicit,bin:compare,,crate,True,0,0
adapters/cvrp/src/bin/cvrp_sanity.rs,adapters/cvrp,cvrp,binary:implicit,bin:cvrp_sanity,,crate,True,0,0
adapters/cvrp/src/bin/cvrplib_registry.rs,adapters/cvrp,cvrp,binary:implicit,bin:campaign,adapters/cvrp/src/bin/campaign.rs,crate::cvrplib_registry,True,1,0
adapters/cvrp/src/bin/m30_2_active_pilot.rs,adapters/cvrp,cvrp,binary:implicit,bin:m30_2_active_pilot,,crate,True,0,0
adapters/cvrp/src/bin/m30_2a_1_ecology_audit.rs,adapters/cvrp,cvrp,binary:implicit,bin:m30_2a_1_ecology_audit,,crate,True,0,0
adapters/cvrp/src/bin/m30_2a_2_shadow_advisory.rs,adapters/cvrp,cvrp,binary:implicit,bin:m30_2a_2_shadow_advisory,,crate,True,0,0
adapters/cvrp/src/bin/search_config.rs,adapters/cvrp,cvrp,binary:implicit,bin:search_config,,crate,True,0,0
adapters/cvrp/src/lib.rs,adapters/cvrp,cvrp,lib,lib,,crate,True,0,3
adapters/cvrp/src/moga_impl.rs,adapters/cvrp,cvrp,lib,lib,adapters/cvrp/src/lib.rs,crate::moga_impl,True,1,0
adapters/cvrp/src/qualification/execution_certificate.rs,adapters/cvrp,cvrp,lib,lib,adapters/cvrp/src/qualification/mod.rs,crate::qualification::execution_certificate,True,1,0
adapters/cvrp/src/qualification/feasibility.rs,adapters/cvrp,cvrp,lib,lib,adapters/cvrp/src/qualification/mod.rs,crate::qualification::feasibility,True,1,0
adapters/cvrp/src/qualification/fleet_semantics.rs,adapters/cvrp,cvrp,lib,lib,adapters/cvrp/src/qualification/mod.rs,crate::qualification::fleet_semantics,True,1,0
adapters/cvrp/src/qualification/fleet_utilization.rs,adapters/cvrp,cvrp,lib,lib,adapters/cvrp/src/qualification/mod.rs,crate::qualification::fleet_utilization,True,1,0
adapters/cvrp/src/qualification/mod.rs,adapters/cvrp,cvrp,lib,lib,adapters/cvrp/src/lib.rs,crate::qualification,True,1,4
adapters/cvd001/src/credit.rs,adapters/cvd001,cvd001,lib,lib,adapters/cvd001/src/lib.rs,crate::credit,True,1,0
adapters/cvd001/src/evaluator.rs,adapters/cvd001,cvd001,lib,lib,adapters/cvd001/src/lib.rs,crate::evaluator,True,1,0
adapters/cvd001/src/framework_adapter.rs,adapters/cvd001,cvd001,lib,lib,adapters/cvd001/src/lib.rs,crate::framework_adapter,True,1,0
adapters/cvd001/src/hc3.rs,adapters/cvd001,cvd001,lib,lib,adapters/cvd001/src/lib.rs,crate::hc3,True,1,0
adapters/cvd001/src/lib.rs,adapters/cvd001,cvd001,lib,lib,,crate,True,0,7
adapters/cvd001/src/objective.rs,adapters/cvd001,cvd001,lib,lib,adapters/cvd001/src/lib.rs,crate::objective,True,1,0
adapters/cvd001/src/types.rs,adapters/cvd001,cvd001,lib,lib,adapters/cvd001/src/lib.rs,crate::types,True,1,0
adapters/cvd001/src/workload.rs,adapters/cvd001,cvd001,lib,lib,adapters/cvd001/src/lib.rs,crate::workload,True,1,0
coralys-v2/src/lib.rs,coralys-v2,coralys-v2,lib,lib,,crate,True,0,0
coralys-core/src/analysis.rs,coralys-core,coralys-core,lib,lib,coralys-core/src/lib.rs,crate::analysis,True,1,0
coralys-core/src/lib.rs,coralys-core,coralys-core,lib,lib,,crate,True,0,4
coralys-core/src/memory.rs,coralys-core,coralys-core,lib,lib,coralys-core/src/lib.rs,crate::memory,True,1,0
coralys-core/src/models/decision_lineage.rs,coralys-core,coralys-core,lib,lib,coralys-core/src/models/mod.rs,crate::models::decision_lineage,True,1,0
coralys-core/src/models/decision_proposal.rs,coralys-core,coralys-core,lib,lib,coralys-core/src/models/mod.rs,crate::models::decision_proposal,True,1,0
coralys-core/src/models/evaluation_result.rs,coralys-core,coralys-core,lib,lib,coralys-core/src/models/mod.rs,crate::models::evaluation_result,True,1,0
coralys-core/src/models/matching_result.rs,coralys-core,coralys-core,lib,lib,coralys-core/src/models/mod.rs,crate::models::matching_result,True,1,0
coralys-core/src/models/mod.rs,coralys-core,coralys-core,lib,lib,coralys-core/src/lib.rs,crate::models,True,1,6
coralys-core/src/models/state_reference.rs,coralys-core,coralys-core,lib,lib,coralys-core/src/models/mod.rs,crate::models::state_reference,True,1,0
coralys-core/src/models/violation.rs,coralys-core,coralys-core,lib,lib,coralys-core/src/models/mod.rs,crate::models::violation,True,1,0
coralys-core/src/telemetry.rs,coralys-core,coralys-core,lib,lib,coralys-core/src/lib.rs,crate::telemetry,True,1,0
coralys-eval/src/adapter.rs,coralys-eval,coralys-eval,lib,lib,coralys-eval/src/lib.rs,crate::adapter,True,1,0
coralys-eval/src/lib.rs,coralys-eval,coralys-eval,lib,lib,,crate,True,0,4
coralys-eval/src/pipeline.rs,coralys-eval,coralys-eval,lib,lib,coralys-eval/src/lib.rs,crate::pipeline,True,1,0
coralys-eval/src/registry.rs,coralys-eval,coralys-eval,lib,lib,coralys-eval/src/lib.rs,crate::registry,True,1,0
coralys-eval/src/types.rs,coralys-eval,coralys-eval,lib,lib,coralys-eval/src/lib.rs,crate::types,True,1,0
coralys-matching/src/lib.rs,coralys-matching,coralys-matching,lib,lib,,crate,True,0,0
adapters/roadef/src/adapter.rs,adapters/roadef,roadef,lib:orphan,,,,False,0,0
adapters/roadef/src/bin/campaign.rs,adapters/roadef,roadef,binary:explicit,bin:campaign,,crate,True,0,0
adapters/roadef/src/bin/campaign_engine.rs,adapters/roadef,roadef,binary:explicit,bin:campaign_engine,,crate,True,0,0
adapters/roadef/src/bin/e001_dual_path.rs,adapters/roadef,roadef,binary:explicit,bin:e001_dual_path,,crate,True,0,0
adapters/roadef/src/bin/eval_profiler.rs,adapters/roadef,roadef,binary:explicit,bin:eval_profiler,,crate,True,0,0
adapters/roadef/src/bin/m25_8_bridge.rs,adapters/roadef,roadef,binary:implicit,bin:m25_8_bridge,,crate,True,0,0
adapters/roadef/src/bin/m25_8b_ecology.rs,adapters/roadef,roadef,binary:implicit,bin:m25_8b_ecology,,crate,True,0,0
adapters/roadef/src/bin/m25_benchmark.rs,adapters/roadef,roadef,binary:explicit,bin:m25_benchmark,,crate,True,0,0
adapters/roadef/src/bin/m25_final.rs,adapters/roadef,roadef,binary:implicit,bin:m25_final,,crate,True,0,0
adapters/roadef/src/bin/m26_1_observation_audit.rs,adapters/roadef,roadef,binary:implicit,bin:m26_1_observation_audit,,crate,True,0,0
adapters/roadef/src/bin/m26_1c_discriminative_audit.rs,adapters/roadef,roadef,binary:implicit,bin:m26_1c_discriminative_audit,,crate,True,0,0
adapters/roadef/src/bin/m26_1d_failure_density.rs,adapters/roadef,roadef,binary:implicit,bin:m26_1d_failure_density,,crate,True,0,0
adapters/roadef/src/bin/m26_1e_survival_curves.rs,adapters/roadef,roadef,binary:implicit,bin:m26_1e_survival_curves,,crate,True,0,0
adapters/roadef/src/bin/m26_3_passive_learner.rs,adapters/roadef,roadef,binary:implicit,bin:m26_3_passive_learner,,crate,True,0,0
adapters/roadef/src/bin/m26_4a_shadow_advisory.rs,adapters/roadef,roadef,binary:implicit,bin:m26_4a_shadow_advisory,,crate,True,0,0
adapters/roadef/src/bin/m26_4b_active_pilot.rs,adapters/roadef,roadef,binary:implicit,bin:m26_4b_active_pilot,,crate,True,0,0
adapters/roadef/src/bin/m27_1_passive_operator_telemetry.rs,adapters/roadef,roadef,binary:implicit,bin:m27_1_passive_operator_telemetry,,crate,True,0,0
adapters/roadef/src/bin/tiny_solver.rs,adapters/roadef,roadef,binary:explicit,bin:tiny_solver,,crate,True,0,0
adapters/roadef/src/ecmp.rs,adapters/roadef,roadef,lib,lib,adapters/roadef/src/lib.rs,crate::ecmp,True,1,0
adapters/roadef/src/evaluator.rs,adapters/roadef,roadef,lib,lib,adapters/roadef/src/lib.rs,crate::evaluator,True,1,0
adapters/roadef/src/graph.rs,adapters/roadef,roadef,lib,lib,adapters/roadef/src/lib.rs,crate::graph,True,1,0
adapters/roadef/src/lib.rs,adapters/roadef,roadef,lib,lib,,crate,True,0,7
adapters/roadef/src/loader.rs,adapters/roadef,roadef,lib,lib,adapters/roadef/src/lib.rs,crate::loader,True,1,0
adapters/roadef/src/models.rs,adapters/roadef,roadef,lib,lib,adapters/roadef/src/lib.rs,crate::models,True,1,0
adapters/roadef/src/moga_impl.rs,adapters/roadef,roadef,lib,lib,adapters/roadef/src/lib.rs,crate::moga_impl,True,1,0
adapters/roadef/src/path.rs,adapters/roadef,roadef,lib,lib,adapters/roadef/src/lib.rs,crate::path,True,1,0
adapters/roadef/tests/audit_tests.rs,adapters/roadef,roadef,test,test:audit_tests,,crate,True,0,0
adapters/airline/src/domain/cost.rs,adapters/airline,coralys-airline,lib,lib,adapters/airline/src/domain/mod.rs,crate::domain::cost,True,1,0
adapters/airline/src/domain/credit.rs,adapters/airline,coralys-airline,lib,lib,adapters/airline/src/domain/mod.rs,crate::domain::credit,True,1,0
adapters/airline/src/domain/crew.rs,adapters/airline,coralys-airline,lib,lib,adapters/airline/src/domain/mod.rs,crate::domain::crew,True,1,0
adapters/airline/src/domain/duty.rs,adapters/airline,coralys-airline,lib,lib,adapters/airline/src/domain/mod.rs,crate::domain::duty,True,1,0
adapters/airline/src/domain/flight.rs,adapters/airline,coralys-airline,lib,lib,adapters/airline/src/domain/mod.rs,crate::domain::flight,True,1,0
adapters/airline/src/domain/mod.rs,adapters/airline,coralys-airline,lib,lib,adapters/airline/src/lib.rs,crate::domain,True,1,9
adapters/airline/src/domain/pairing.rs,adapters/airline,coralys-airline,lib,lib,adapters/airline/src/domain/mod.rs,crate::domain::pairing,True,1,0
adapters/airline/src/domain/roster.rs,adapters/airline,coralys-airline,lib,lib,adapters/airline/src/domain/mod.rs,crate::domain::roster,True,1,0
adapters/airline/src/domain/roster_metrics.rs,adapters/airline,coralys-airline,lib,lib,adapters/airline/src/domain/mod.rs,crate::domain::roster_metrics,True,1,0
adapters/airline/src/domain/rotation.rs,adapters/airline,coralys-airline,lib,lib,adapters/airline/src/domain/mod.rs,crate::domain::rotation,True,1,0
adapters/airline/src/legality/base_return.rs,adapters/airline,coralys-airline,lib,lib,adapters/airline/src/legality/mod.rs,crate::legality::base_return,True,1,0
adapters/airline/src/legality/coverage.rs,adapters/airline,coralys-airline,lib,lib,adapters/airline/src/legality/mod.rs,crate::legality::coverage,True,1,0
adapters/airline/src/legality/duty_connectivity.rs,adapters/airline,coralys-airline,lib,lib,adapters/airline/src/legality/mod.rs,crate::legality::duty_connectivity,True,1,0
adapters/airline/src/legality/duty_time.rs,adapters/airline,coralys-airline,lib,lib,adapters/airline/src/legality/mod.rs,crate::legality::duty_time,True,1,0
adapters/airline/src/legality/fdp.rs,adapters/airline,coralys-airline,lib,lib,adapters/airline/src/legality/mod.rs,crate::legality::fdp,True,1,0
adapters/airline/src/legality/minimum_rest.rs,adapters/airline,coralys-airline,lib,lib,adapters/airline/src/legality/mod.rs,crate::legality::minimum_rest,True,1,0
adapters/airline/src/legality/mod.rs,adapters/airline,coralys-airline,lib,lib,adapters/airline/src/lib.rs,crate::legality,True,1,7
adapters/airline/src/legality/qualification.rs,adapters/airline,coralys-airline,lib,lib,adapters/airline/src/legality/mod.rs,crate::legality::qualification,True,1,0
adapters/airline/src/lib.rs,adapters/airline,coralys-airline,lib,lib,,crate,True,0,5
adapters/airline/src/optimization/cost.rs,adapters/airline,coralys-airline,lib,lib,adapters/airline/src/optimization/mod.rs,crate::optimization::cost,True,1,0
adapters/airline/src/optimization/metrics.rs,adapters/airline,coralys-airline,lib,lib,adapters/airline/src/optimization/mod.rs,crate::optimization::metrics,True,1,0
adapters/airline/src/optimization/mod.rs,adapters/airline,coralys-airline,lib,lib,adapters/airline/src/lib.rs,crate::optimization,True,1,5
adapters/airline/src/optimization/neighborhood/mod.rs,adapters/airline,coralys-airline,lib,lib,adapters/airline/src/optimization/mod.rs,crate::optimization::neighborhood,True,1,2
adapters/airline/src/optimization/neighborhood/relocate.rs,adapters/airline,coralys-airline,lib,lib,adapters/airline/src/optimization/neighborhood/mod.rs,crate::optimization::neighborhood::relocate,True,1,0
adapters/airline/src/optimization/neighborhood/swap.rs,adapters/airline,coralys-airline,lib,lib,adapters/airline/src/optimization/neighborhood/mod.rs,crate::optimization::neighborhood::swap,True,1,0
adapters/airline/src/optimization/objective.rs,adapters/airline,coralys-airline,lib,lib,adapters/airline/src/optimization/mod.rs,crate::optimization::objective,True,1,0
adapters/airline/src/optimization/search/greedy.rs,adapters/airline,coralys-airline,lib,lib,adapters/airline/src/optimization/search/mod.rs,crate::optimization::search::greedy,True,1,0
adapters/airline/src/optimization/search/local_search.rs,adapters/airline,coralys-airline,lib,lib,adapters/airline/src/optimization/search/mod.rs,crate::optimization::search::local_search,True,1,0
adapters/airline/src/optimization/search/mod.rs,adapters/airline,coralys-airline,lib,lib,adapters/airline/src/optimization/mod.rs,crate::optimization::search,True,1,2
adapters/airline/src/planner/incremental.rs,adapters/airline,coralys-airline,lib,lib,adapters/airline/src/planner/mod.rs,crate::planner::incremental,True,1,0
adapters/airline/src/planner/mod.rs,adapters/airline,coralys-airline,lib,lib,adapters/airline/src/lib.rs,crate::planner,True,1,3
adapters/airline/src/planner/summary.rs,adapters/airline,coralys-airline,lib,lib,adapters/airline/src/planner/mod.rs,crate::planner::summary,True,1,0
adapters/airline/src/planner/whatif.rs,adapters/airline,coralys-airline,lib,lib,adapters/airline/src/planner/mod.rs,crate::planner::whatif,True,1,0
adapters/airline/src/resilience/disruption.rs,adapters/airline,coralys-airline,lib,lib,adapters/airline/src/resilience/mod.rs,crate::resilience::disruption,True,1,0
adapters/airline/src/resilience/mod.rs,adapters/airline,coralys-airline,lib,lib,adapters/airline/src/lib.rs,crate::resilience,True,1,3
adapters/airline/src/resilience/reserve.rs,adapters/airline,coralys-airline,lib,lib,adapters/airline/src/resilience/mod.rs,crate::resilience::reserve,True,1,0
adapters/airline/src/resilience/robustness.rs,adapters/airline,coralys-airline,lib,lib,adapters/airline/src/resilience/mod.rs,crate::resilience::robustness,True,1,0
adapters/airline/tests/benchmark.rs,adapters/airline,coralys-airline,test,test:benchmark,,crate,True,0,0
adapters/airline/tests/gerad_coralys.rs,adapters/airline,coralys-airline,test,test:gerad_coralys,,crate,True,0,0
adapters/airline/tests/gerad_e2e.rs,adapters/airline,coralys-airline,test,test:gerad_e2e,,crate,True,0,0
adapters/airline/tests/harness/logging.rs,adapters/airline,coralys-airline,test,,,,False,0,0
adapters/airline/tests/harness/mod.rs,adapters/airline,coralys-airline,test,,,,False,0,0
adapters/airline/tests/harness/persistence.rs,adapters/airline,coralys-airline,test,,,,False,0,0
adapters/airline/tests/harness/report.rs,adapters/airline,coralys-airline,test,,,,False,0,0
adapters/airline/tests/harness/reproducibility.rs,adapters/airline,coralys-airline,test,,,,False,0,0
adapters/airline/tests/harness/schema.rs,adapters/airline,coralys-airline,test,,,,False,0,0
adapters/airline/tests/robustness.rs,adapters/airline,coralys-airline,test,test:robustness,,crate,True,0,0
adapters/airline/tests/scalability.rs,adapters/airline,coralys-airline,test,test:scalability,,crate,True,0,0
adapters/airline/tests/scenario_validation.rs,adapters/airline,coralys-airline,test,test:scenario_validation,,crate,True,0,0
adapters/airline/tests/solution_quality.rs,adapters/airline,coralys-airline,test,test:solution_quality,,crate,True,0,0
adapters/gerad/src/error.rs,adapters/gerad,coralys-gerad,lib,lib,adapters/gerad/src/lib.rs,crate::error,True,1,0
adapters/gerad/src/importer.rs,adapters/gerad,coralys-gerad,lib,lib,adapters/gerad/src/lib.rs,crate::importer,True,1,0
adapters/gerad/src/lib.rs,adapters/gerad,coralys-gerad,lib,lib,,crate,True,0,6
adapters/gerad/src/mapper.rs,adapters/gerad,coralys-gerad,lib,lib,adapters/gerad/src/lib.rs,crate::mapper,True,1,0
adapters/gerad/src/models.rs,adapters/gerad,coralys-gerad,lib,lib,adapters/gerad/src/lib.rs,crate::models,True,1,0
adapters/gerad/src/parser.rs,adapters/gerad,coralys-gerad,lib,lib,adapters/gerad/src/lib.rs,crate::parser,True,1,0
adapters/gerad/src/validator.rs,adapters/gerad,coralys-gerad,lib,lib,adapters/gerad/src/lib.rs,crate::validator,True,1,0
adapters/gerad/tests/integration_import.rs,adapters/gerad,coralys-gerad,test,test:integration_import,,crate,True,0,0
coralys-planning/src/lib.rs,coralys-planning,coralys-planning,lib,lib,,crate,True,0,0
services/ultracrew_server/src/bin/acceptance_test.rs,services/ultracrew_server,ultracrew_server,binary:explicit,bin:acceptance_test,,crate,True,0,0
services/ultracrew_server/src/bin/benchmark.rs,services/ultracrew_server,ultracrew_server,binary:implicit,bin:benchmark,,crate,True,0,0
services/ultracrew_server/src/bin/cs_governance_validation.rs,services/ultracrew_server,ultracrew_server,binary:explicit,bin:cs_governance_validation,,crate,True,0,0
services/ultracrew_server/src/bin/ecology_validation.rs,services/ultracrew_server,ultracrew_server,binary:explicit,bin:ecology_validation,,crate,True,0,0
services/ultracrew_server/src/bin/inrc_archive_forensics.rs,services/ultracrew_server,ultracrew_server,binary:explicit,bin:inrc_archive_forensics,,crate,True,0,0
services/ultracrew_server/src/bin/m8g_cs_validation.rs,services/ultracrew_server,ultracrew_server,binary:explicit,bin:m8g_cs_validation,,crate,True,0,0
services/ultracrew_server/src/bin/m8g_ultracrew_validation.rs,services/ultracrew_server,ultracrew_server,binary:explicit,bin:m8g_ultracrew_validation,,crate,True,0,0
services/ultracrew_server/src/bin/m9a_search_observatory.rs,services/ultracrew_server,ultracrew_server,binary:explicit,bin:m9a_search_observatory,,crate,True,0,0
services/ultracrew_server/src/bin/policy_seed_runner.rs,services/ultracrew_server,ultracrew_server,binary:explicit,bin:policy_seed_runner,,crate,True,0,0
services/ultracrew_server/src/bin/validation_pass.rs,services/ultracrew_server,ultracrew_server,binary:implicit,bin:validation_pass,,crate,True,0,0
services/ultracrew_server/src/builder.rs,services/ultracrew_server,ultracrew_server,lib,lib,services/ultracrew_server/src/lib.rs,crate::builder,True,1,0
services/ultracrew_server/src/inrc_observer.rs,services/ultracrew_server,ultracrew_server,lib,lib,services/ultracrew_server/src/lib.rs,crate::inrc_observer,True,1,0
services/ultracrew_server/src/lib.rs,services/ultracrew_server,ultracrew_server,lib,lib,,crate,True,0,8
services/ultracrew_server/src/main.rs,services/ultracrew_server,ultracrew_server,binary:main,main,,crate,True,0,0
services/ultracrew_server/src/models.rs,services/ultracrew_server,ultracrew_server,lib,lib,services/ultracrew_server/src/lib.rs,crate::models,True,1,0
services/ultracrew_server/src/optimizer.rs,services/ultracrew_server,ultracrew_server,lib,lib,services/ultracrew_server/src/lib.rs,crate::optimizer,True,1,0
services/ultracrew_server/src/persistence.rs,services/ultracrew_server,ultracrew_server,lib,lib,services/ultracrew_server/src/lib.rs,crate::persistence,True,1,0
services/ultracrew_server/src/simulation.rs,services/ultracrew_server,ultracrew_server,lib,lib,services/ultracrew_server/src/lib.rs,crate::simulation,True,1,0
services/ultracrew_server/src/simulation_test.rs,services/ultracrew_server,ultracrew_server,lib:orphan,,,,False,0,0
services/ultracrew_server/src/tracker.rs,services/ultracrew_server,ultracrew_server,lib,lib,services/ultracrew_server/src/lib.rs,crate::tracker,True,1,0
services/ultracrew_server/src/validator.rs,services/ultracrew_server,ultracrew_server,lib,lib,services/ultracrew_server/src/lib.rs,crate::validator,True,1,0
services/cvrp_server/src/bin/basin_characterization.rs,services/cvrp_server,cvrp_server,binary:explicit,bin:basin_characterization,,crate,True,0,0
services/cvrp_server/src/bin/check_demand.rs,services/cvrp_server,cvrp_server,binary:explicit,bin:check_demand,,crate,True,0,0
services/cvrp_server/src/bin/elite_manifold_probe.rs,services/cvrp_server,cvrp_server,binary:implicit,bin:elite_manifold_probe,,crate,True,0,0
services/cvrp_server/src/bin/elite_partition_probe.rs,services/cvrp_server,cvrp_server,binary:implicit,bin:elite_partition_probe,,crate,True,0,0
services/cvrp_server/src/bin/find_797.rs,services/cvrp_server,cvrp_server,binary:explicit,bin:find_797,,crate,True,0,0
services/cvrp_server/src/bin/frozen_partition_probe.rs,services/cvrp_server,cvrp_server,binary:implicit,bin:frozen_partition_probe,,crate,True,0,0
services/cvrp_server/src/bin/initial_basin_distribution.rs,services/cvrp_server,cvrp_server,binary:implicit,bin:initial_basin_distribution,,crate,True,0,0
services/cvrp_server/src/bin/m11_reachability_atlas.rs,services/cvrp_server,cvrp_server,binary:implicit,bin:m11_reachability_atlas,,crate,True,0,0
services/cvrp_server/src/bin/m12_cvrp_repair_atlas.rs,services/cvrp_server,cvrp_server,binary:implicit,bin:m12_cvrp_repair_atlas,,crate,True,0,0
services/cvrp_server/src/bin/m14_cvrp_recognizability_audit.rs,services/cvrp_server,cvrp_server,binary:explicit,bin:m14_cvrp_recognizability_audit,,crate,True,0,0
services/cvrp_server/src/bin/m15_cvrp_decoder_independence.rs,services/cvrp_server,cvrp_server,binary:explicit,bin:m15_cvrp_decoder_independence,,crate,True,0,0
services/cvrp_server/src/bin/m16_cvrp_reconstruction_guidance.rs,services/cvrp_server,cvrp_server,binary:explicit,bin:m16_cvrp_reconstruction_guidance,,crate,True,0,0
services/cvrp_server/src/bin/m17_cvrp_backbone_causality.rs,services/cvrp_server,cvrp_server,binary:explicit,bin:m17_cvrp_backbone_causality,,crate,True,0,0
services/cvrp_server/src/bin/m18_structural_invariants.rs,services/cvrp_server,cvrp_server,binary:explicit,bin:m18_structural_invariants,,crate,True,0,0
services/cvrp_server/src/bin/m20_epistasis.rs,services/cvrp_server,cvrp_server,binary:explicit,bin:m20_epistasis,,crate,True,0,0
services/cvrp_server/src/bin/m21_feasible_path.rs,services/cvrp_server,cvrp_server,binary:explicit,bin:m21_feasible_path,,crate,True,0,0
services/cvrp_server/src/bin/m21c_sa.rs,services/cvrp_server,cvrp_server,binary:explicit,bin:m21c_sa,,crate,True,0,0
services/cvrp_server/src/bin/m21d_elite_sa.rs,services/cvrp_server,cvrp_server,binary:explicit,bin:m21d_elite_sa,,crate,True,0,0
services/cvrp_server/src/bin/m22_0_archive.rs,services/cvrp_server,cvrp_server,binary:explicit,bin:m22_0_archive,,crate,True,0,0
services/cvrp_server/src/bin/m22_scale_up.rs,services/cvrp_server,cvrp_server,binary:explicit,bin:m22_scale_up,,crate,True,0,0
services/cvrp_server/src/bin/m22a_annealed_elite.rs,services/cvrp_server,cvrp_server,binary:explicit,bin:m22a_annealed_elite,,crate,True,0,0
services/cvrp_server/src/bin/m22b_novelty_elitism.rs,services/cvrp_server,cvrp_server,binary:explicit,bin:m22b_novelty_elitism,,crate,True,0,0
services/cvrp_server/src/bin/m22c_0_route_sa.rs,services/cvrp_server,cvrp_server,binary:explicit,bin:m22c_0_route_sa,,crate,True,0,0
services/cvrp_server/src/bin/m22c_1_memetic.rs,services/cvrp_server,cvrp_server,binary:explicit,bin:m22c_1_memetic,,crate,True,0,0
services/cvrp_server/src/bin/m22c_2_fidelity_audit.rs,services/cvrp_server,cvrp_server,binary:explicit,bin:m22c_2_fidelity_audit,,crate,True,0,0
services/cvrp_server/src/bin/m22f_cvrp_control.rs,services/cvrp_server,cvrp_server,binary:explicit,bin:m22f_cvrp_control,,crate,True,0,0
services/cvrp_server/src/bin/m8g_cvrp_validation.rs,services/cvrp_server,cvrp_server,binary:explicit,bin:m8g_cvrp_validation,,crate,True,0,0
services/cvrp_server/src/bin/seed_ecology_study.rs,services/cvrp_server,cvrp_server,binary:explicit,bin:seed_ecology_study,,crate,True,0,0
services/cvrp_server/src/bin/verify_758.rs,services/cvrp_server,cvrp_server,binary:explicit,bin:verify_758,,crate,True,0,0
services/cvrp_server/src/bin/verify_bks.rs,services/cvrp_server,cvrp_server,binary:explicit,bin:verify_bks,,crate,True,0,0
services/cvrp_server/src/main.rs,services/cvrp_server,cvrp_server,binary:main,main,,crate,True,0,0
coralys-policy/src/lib.rs,coralys-policy,coralys-policy,lib,lib,,crate,True,0,0
