instance,rank,load
setA-12,1,0.879872592
setA-12,2,0.494918853
setA-12,3,0.386703010
setA-12,4,0.360035308
setA-12,5,0.360035308
setA-12,6,0.170540083
setA-12,7,0.135104930
setA-12,8,0.128940507
setA-12,9,0.097396491
setA-12,10,0.069384630
setA-12,11,0.056530214
setA-12,12,0.052306915
setA-12,13,0.051871079
setA-12,14,0.045425437
setA-12,15,0.040538123
setA-12,16,0.037252260
setA-12,17,0.035923812
setA-12,18,0.034873432
setA-12,19,0.034027973
setA-12,20,0.032712931
setA-12,21,0.030367764
setA-12,22,0.029511433
setA-12,23,0.028739049
setA-12,24,0.027041872
setA-12,25,0.026671081
setA-12,26,0.026671081
setA-12,27,0.026059264
setA-12,28,0.025827592
setA-12,29,0.025239448
setA-12,30,0.024192203
setA-12,31,0.022125784
setA-12,32,0.021658083
setA-12,33,0.021420038
setA-12,34,0.021265186
setA-12,35,0.021135588
setA-12,36,0.021038999
setA-12,37,0.020405866
setA-12,38,0.020061472
setA-12,39,0.019925027
setA-12,40,0.018557197
setA-12,41,0.018447462
setA-12,42,0.017807405
setA-12,43,0.017699931
setA-12,44,0.017688914
setA-12,45,0.017429142
setA-12,46,0.016989168
setA-12,47,0.016679473
setA-12,48,0.016554023
setA-12,49,0.016215249
setA-12,50,0.016205390
setA-12,51,0.015940022
setA-12,52,0.015896756
setA-12,53,0.015640626
setA-12,54,0.014845758
setA-12,55,0.014588332
setA-12,56,0.013174417
setA-12,57,0.012915768
setA-12,58,0.012318176
setA-12,59,0.011903199
setA-12,60,0.011901480
setA-12,61,0.011606691
setA-12,62,0.011424670
setA-12,63,0.011384332
setA-12,64,0.010787240
setA-12,65,0.010621159
setA-12,66,0.010394861
setA-12,67,0.010296981
setA-12,68,0.010106235
setA-12,69,0.009762995
setA-12,70,0.009607230
setA-12,71,0.009580822
setA-12,72,0.009178958
setA-12,73,0.008857883
setA-12,74,0.008793492
setA-12,75,0.008638274
setA-12,76,0.008530181
setA-12,77,0.008390443
setA-12,78,0.008200894
setA-12,79,0.008052111
setA-12,80,0.007907509
setA-12,81,0.007860749
setA-12,82,0.007756134
setA-12,83,0.007588392
setA-12,84,0.007560083
setA-12,85,0.007412557
setA-12,86,0.007381935
setA-12,87,0.007352258
setA-12,88,0.007223426
setA-12,89,0.006909183
setA-12,90,0.006887872
setA-12,91,0.006823562
setA-12,92,0.006823562
setA-12,93,0.006821994
setA-12,94,0.006792689
setA-12,95,0.006729507
setA-12,96,0.006729507
setA-12,97,0.006633597
setA-12,98,0.006630572
setA-12,99,0.006590330
setA-12,100,0.006497852
setA-12,101,0.006479477
setA-12,102,0.006446949
setA-12,103,0.006422384
setA-12,104,0.006325404
setA-12,105,0.006203705
setA-12,106,0.006080021
setA-12,107,0.006061479
setA-12,108,0.006041052
setA-12,109,0.005972920
setA-12,110,0.005968429
setA-12,111,0.005937866
setA-12,112,0.005846171
setA-12,113,0.005824895
setA-12,114,0.005802483
setA-12,115,0.005657584
setA-12,116,0.005582946
setA-12,117,0.005448152
setA-12,118,0.005437780
setA-12,119,0.005331006
setA-12,120,0.005309868
setA-12,121,0.005284466
setA-12,122,0.005284466
setA-12,123,0.005282457
setA-12,124,0.005278480
setA-12,125,0.005256705
setA-12,126,0.005198864
setA-12,127,0.005182965
setA-12,128,0.005136560
setA-12,129,0.005079023
setA-12,130,0.005079023
setA-12,131,0.005060156
setA-12,132,0.005058998
setA-12,133,0.005018205
setA-12,134,0.005008746
setA-12,135,0.004994523
setA-12,136,0.004971488
setA-12,137,0.004866044
setA-12,138,0.004775910
setA-12,139,0.004678681
setA-12,140,0.004676937
setA-12,141,0.004648696
setA-12,142,0.004420375
setA-12,143,0.004391705
setA-12,144,0.004391494
setA-12,145,0.004389066
setA-12,146,0.004302157
setA-12,147,0.004238998
setA-12,148,0.004166890
setA-12,149,0.004166890
setA-12,150,0.004162186
setA-12,151,0.004144482
setA-12,152,0.004132489
setA-12,153,0.004102885
setA-12,154,0.004073657
setA-12,155,0.004050958
setA-12,156,0.004044648
setA-12,157,0.004039219
setA-12,158,0.003988636
setA-12,159,0.003950765
setA-12,160,0.003949994
setA-12,161,0.003934994
setA-12,162,0.003934994
setA-12,163,0.003926743
setA-12,164,0.003878412
setA-12,165,0.003820865
setA-12,166,0.003816718
setA-12,167,0.003815683
setA-12,168,0.003802687
setA-12,169,0.003768167
setA-12,170,0.003740868
setA-12,171,0.003729428
setA-12,172,0.003727808
setA-12,173,0.003689193
setA-12,174,0.003677268
setA-12,175,0.003675850
setA-12,176,0.003616364
setA-12,177,0.003616364
setA-12,178,0.003612353
setA-12,179,0.003579661
setA-12,180,0.003545287
setA-12,181,0.003528408
setA-12,182,0.003521098
setA-12,183,0.003513557
setA-12,184,0.003480727
setA-12,185,0.003463319
setA-12,186,0.003437306
setA-12,187,0.003432327
setA-12,188,0.003424541
setA-12,189,0.003390692
setA-12,190,0.003370612
setA-12,191,0.003350048
setA-12,192,0.003284680
setA-12,193,0.003211605
setA-12,194,0.003176817
setA-12,195,0.003143043
setA-12,196,0.003133827
setA-12,197,0.003115843
setA-12,198,0.003110328
setA-12,199,0.003103413
setA-12,200,0.003102729
setA-12,201,0.003053838
setA-12,202,0.003023197
setA-12,203,0.002971914
setA-12,204,0.002970654
setA-12,205,0.002968308
setA-12,206,0.002916919
setA-12,207,0.002899727
setA-12,208,0.002895521
setA-12,209,0.002890485
setA-12,210,0.002879326
setA-12,211,0.002876041
setA-12,212,0.002855366
setA-12,213,0.002833256
setA-12,214,0.002829172
setA-12,215,0.002826694
setA-12,216,0.002821469
setA-12,217,0.002814885
setA-12,218,0.002801519
setA-12,219,0.002792595
setA-12,220,0.002775301
setA-12,221,0.002762988
setA-12,222,0.002761713
setA-12,223,0.002761713
setA-12,224,0.002758795
setA-12,225,0.002738438
setA-12,226,0.002729738
setA-12,227,0.002728614
setA-12,228,0.002702634
setA-12,229,0.002680733
setA-12,230,0.002672229
setA-12,231,0.002671285
setA-12,232,0.002651208
setA-12,233,0.002611523
setA-12,234,0.002588183
setA-12,235,0.002565229
setA-12,236,0.002565229
setA-12,237,0.002557018
setA-12,238,0.002555558
setA-12,239,0.002550487
setA-12,240,0.002538427
setA-12,241,0.002527579
setA-12,242,0.002515405
setA-12,243,0.002510192
setA-12,244,0.002506280
setA-12,245,0.002475584
setA-12,246,0.002470665
setA-12,247,0.002468829
setA-12,248,0.002468343
setA-12,249,0.002463997
setA-12,250,0.002462544
setA-12,251,0.002441981
setA-12,252,0.002421967
setA-12,253,0.002410753
setA-12,254,0.002402186
setA-12,255,0.002399944
setA-12,256,0.002396589
setA-12,257,0.002339973
setA-12,258,0.002339873
setA-12,259,0.002337835
setA-12,260,0.002318930
setA-12,261,0.002304851
setA-12,262,0.002304271
setA-12,263,0.002300355
setA-12,264,0.002296470
setA-12,265,0.002284717
setA-12,266,0.002275071
setA-12,267,0.002264165
setA-12,268,0.002256102
setA-12,269,0.002251677
setA-12,270,0.002242506
setA-12,271,0.002237074
setA-12,272,0.002237074
setA-12,273,0.002235704
setA-12,274,0.002231518
setA-12,275,0.002220056
setA-12,276,0.002210524
setA-12,277,0.002185210
setA-12,278,0.002185075
setA-12,279,0.002181639
setA-12,280,0.002181236
setA-12,281,0.002175047
setA-12,282,0.002174819
setA-12,283,0.002167412
setA-12,284,0.002159980
setA-12,285,0.002159980
setA-12,286,0.002146544
setA-12,287,0.002143597
setA-12,288,0.002134722
setA-12,289,0.002117713
setA-12,290,0.002114541
setA-12,291,0.002111095
setA-12,292,0.002104118
setA-12,293,0.002103769
setA-12,294,0.002102308
setA-12,295,0.002091022
setA-12,296,0.002079339
setA-12,297,0.002078542
setA-12,298,0.002075058
setA-12,299,0.002069786
setA-12,300,0.002069268
setA-12,301,0.002048976
setA-12,302,0.002042614
setA-12,303,0.002036294
setA-12,304,0.002035705
setA-12,305,0.002022903
setA-12,306,0.002022903
setA-12,307,0.002018963
setA-12,308,0.002018805
setA-12,309,0.002018492
setA-12,310,0.002008105
setA-12,311,0.002007747
setA-12,312,0.002006540
setA-12,313,0.002002455
setA-12,314,0.002001721
setA-12,315,0.002001338
setA-12,316,0.001995205
setA-12,317,0.001979075
setA-12,318,0.001974536
setA-12,319,0.001973723
setA-12,320,0.001973064
setA-12,321,0.001961957
setA-12,322,0.001958521
setA-12,323,0.001953390
setA-12,324,0.001947954
setA-12,325,0.001946179
setA-12,326,0.001927696
setA-12,327,0.001925757
setA-12,328,0.001913081
setA-12,329,0.001908115
setA-12,330,0.001897997
setA-12,331,0.001895115
setA-12,332,0.001890256
setA-12,333,0.001886680
setA-12,334,0.001886559
setA-12,335,0.001884046
setA-12,336,0.001883619
setA-12,337,0.001870630
setA-12,338,0.001862751
setA-12,339,0.001857031
setA-12,340,0.001856766
setA-12,341,0.001855164
setA-12,342,0.001845402
setA-12,343,0.001842413
setA-12,344,0.001837236
setA-12,345,0.001831921
setA-12,346,0.001830853
setA-12,347,0.001811948
setA-12,348,0.001808513
setA-12,349,0.001800306
setA-12,350,0.001782684
setA-12,351,0.001779821
setA-12,352,0.001779524
setA-12,353,0.001775037
setA-12,354,0.001768565
setA-12,355,0.001761836
setA-12,356,0.001758800
setA-12,357,0.001756068
setA-12,358,0.001755167
setA-12,359,0.001754956
setA-12,360,0.001741177
setA-12,361,0.001727626
setA-12,362,0.001726371
setA-12,363,0.001724425
setA-12,364,0.001723646
setA-12,365,0.001709972
setA-12,366,0.001706186
setA-12,367,0.001705090
setA-12,368,0.001699683
setA-12,369,0.001698272
setA-12,370,0.001697940
setA-12,371,0.001680292
setA-12,372,0.001676603
setA-12,373,0.001676177
setA-12,374,0.001669835
setA-12,375,0.001662284
setA-12,376,0.001655028
setA-12,377,0.001653194
setA-12,378,0.001646452
setA-12,379,0.001645478
setA-12,380,0.001642032
setA-12,381,0.001637951
setA-12,382,0.001634629
setA-12,383,0.001633427
setA-12,384,0.001628638
setA-12,385,0.001611014
setA-12,386,0.001607417
setA-12,387,0.001598066
setA-12,388,0.001585433
setA-12,389,0.001580661
setA-12,390,0.001577011
setA-12,391,0.001561314
setA-12,392,0.001560736
setA-12,393,0.001553897
setA-12,394,0.001552326
setA-12,395,0.001547355
setA-12,396,0.001542429
setA-12,397,0.001535790
setA-12,398,0.001530384
setA-12,399,0.001530367
setA-12,400,0.001528381
setA-12,401,0.001518906
setA-12,402,0.001506208
setA-12,403,0.001505775
setA-12,404,0.001499154
setA-12,405,0.001485916
setA-12,406,0.001483921
setA-12,407,0.001483915
setA-12,408,0.001478431
setA-12,409,0.001478080
setA-12,410,0.001474113
setA-12,411,0.001472421
setA-12,412,0.001455513
setA-12,413,0.001455505
setA-12,414,0.001450424
setA-12,415,0.001446336
setA-12,416,0.001438758
setA-12,417,0.001437043
setA-12,418,0.001430379
setA-12,419,0.001429775
setA-12,420,0.001429775
setA-12,421,0.001426595
setA-12,422,0.001402946
setA-12,423,0.001395104
setA-12,424,0.001388392
setA-12,425,0.001381810
setA-12,426,0.001378587
setA-12,427,0.001378011
setA-12,428,0.001366834
setA-12,429,0.001362064
setA-12,430,0.001352305
setA-12,431,0.001350103
setA-12,432,0.001348948
setA-12,433,0.001332138
setA-12,434,0.001331952
setA-12,435,0.001325732
setA-12,436,0.001325732
setA-12,437,0.001325239
setA-12,438,0.001317994
setA-12,439,0.001311341
setA-12,440,0.001299660
setA-12,441,0.001296168
setA-12,442,0.001293988
setA-12,443,0.001293735
setA-12,444,0.001293117
setA-12,445,0.001293117
setA-12,446,0.001287490
setA-12,447,0.001286934
setA-12,448,0.001285933
setA-12,449,0.001284354
setA-12,450,0.001278289
setA-12,451,0.001271837
setA-12,452,0.001262888
setA-12,453,0.001260142
setA-12,454,0.001257453
setA-12,455,0.001256219
setA-12,456,0.001249572
setA-12,457,0.001245638
setA-12,458,0.001244251
setA-12,459,0.001244251
setA-12,460,0.001243958
setA-12,461,0.001237181
setA-12,462,0.001237024
setA-12,463,0.001233752
setA-12,464,0.001233752
setA-12,465,0.001233011
setA-12,466,0.001232140
setA-12,467,0.001231943
setA-12,468,0.001231629
setA-12,469,0.001231367
setA-12,470,0.001225376
setA-12,471,0.001222684
setA-12,472,0.001222022
setA-12,473,0.001221851
setA-12,474,0.001220382
setA-12,475,0.001219682
setA-12,476,0.001215169
setA-12,477,0.001208387
setA-12,478,0.001198836
setA-12,479,0.001198186
setA-12,480,0.001191810
setA-12,481,0.001188222
setA-12,482,0.001185758
setA-12,483,0.001180095
setA-12,484,0.001177023
setA-12,485,0.001176300
setA-12,486,0.001171456
setA-12,487,0.001170088
setA-12,488,0.001170004
setA-12,489,0.001163828
setA-12,490,0.001162255
setA-12,491,0.001155597
setA-12,492,0.001153058
setA-12,493,0.001147657
setA-12,494,0.001137639
setA-12,495,0.001135057
setA-12,496,0.001134175
setA-12,497,0.001128737
setA-12,498,0.001128625
setA-12,499,0.001125974
setA-12,500,0.001124420
setA-12,501,0.001120375
setA-12,502,0.001119601
setA-12,503,0.001111698
setA-12,504,0.001106544
setA-12,505,0.001104475
setA-12,506,0.001101848
setA-12,507,0.001100981
setA-12,508,0.001099548
setA-12,509,0.001095375
setA-12,510,0.001095158
setA-12,511,0.001093473
setA-12,512,0.001089810
setA-12,513,0.001087534
setA-12,514,0.001085079
setA-12,515,0.001080878
setA-12,516,0.001077694
setA-12,517,0.001075954
setA-12,518,0.001075265
setA-12,519,0.001071449
setA-12,520,0.001069385
setA-12,521,0.001068823
setA-12,522,0.001066834
setA-12,523,0.001066238
setA-12,524,0.001065153
setA-12,525,0.001061534
setA-12,526,0.001061166
setA-12,527,0.001058747
setA-12,528,0.001053384
setA-12,529,0.001050589
setA-12,530,0.001050522
setA-12,531,0.001050032
setA-12,532,0.001044094
setA-12,533,0.001043500
setA-12,534,0.001039645
setA-12,535,0.001033649
setA-12,536,0.001019675
setA-12,537,0.001018082
setA-12,538,0.001017846
setA-12,539,0.001017710
setA-12,540,0.001014382
setA-12,541,0.001012488
setA-12,542,0.001011111
setA-12,543,0.001008540
setA-12,544,0.001006483
setA-12,545,0.001006285
setA-12,546,0.001006188
setA-12,547,0.001005477
setA-12,548,0.001005369
setA-12,549,0.001004839
setA-12,550,0.001004839
setA-12,551,0.001001058
setA-12,552,0.000998813
setA-12,553,0.000996467
setA-12,554,0.000996467
setA-12,555,0.000994505
setA-12,556,0.000989915
setA-12,557,0.000987861
setA-12,558,0.000987631
setA-12,559,0.000982651
setA-12,560,0.000981152
setA-12,561,0.000977344
setA-12,562,0.000977118
setA-12,563,0.000974961
setA-12,564,0.000970391
setA-12,565,0.000968973
setA-12,566,0.000963630
setA-12,567,0.000957955
setA-12,568,0.000957443
setA-12,569,0.000955886
setA-12,570,0.000955804
setA-12,571,0.000945393
setA-12,572,0.000942983
setA-12,573,0.000942388
setA-12,574,0.000942121
setA-12,575,0.000941335
setA-12,576,0.000932619
setA-12,577,0.000932441
setA-12,578,0.000927334
setA-12,579,0.000925202
setA-12,580,0.000923982
setA-12,581,0.000922293
setA-12,582,0.000918197
setA-12,583,0.000915612
setA-12,584,0.000908628
setA-12,585,0.000905084
setA-12,586,0.000904500
setA-12,587,0.000903739
setA-12,588,0.000901016
setA-12,589,0.000899299
setA-12,590,0.000894969
setA-12,591,0.000893742
setA-12,592,0.000892760
setA-12,593,0.000891196
setA-12,594,0.000883394
setA-12,595,0.000882832
setA-12,596,0.000878221
setA-12,597,0.000877346
setA-12,598,0.000876242
setA-12,599,0.000870785
setA-12,600,0.000870588
setA-12,601,0.000869920
setA-12,602,0.000869483
setA-12,603,0.000869454
setA-12,604,0.000867557
setA-12,605,0.000866628
setA-12,606,0.000865696
setA-12,607,0.000863329
setA-12,608,0.000862816
setA-12,609,0.000861121
setA-12,610,0.000857886
setA-12,611,0.000856319
setA-12,612,0.000853099
setA-12,613,0.000847336
setA-12,614,0.000845372
setA-12,615,0.000839745
setA-12,616,0.000838247
setA-12,617,0.000836148
setA-12,618,0.000835013
setA-12,619,0.000834805
setA-12,620,0.000834062
setA-12,621,0.000832042
setA-12,622,0.000830876
setA-12,623,0.000826619
setA-12,624,0.000825781
setA-12,625,0.000824141
setA-12,626,0.000818017
setA-12,627,0.000817690
setA-12,628,0.000813926
setA-12,629,0.000813780
setA-12,630,0.000804396
setA-12,631,0.000801664
setA-12,632,0.000800174
setA-12,633,0.000799863
setA-12,634,0.000799358
setA-12,635,0.000795632
setA-12,636,0.000794428
setA-12,637,0.000791037
setA-12,638,0.000790193
setA-12,639,0.000787958
setA-12,640,0.000781911
setA-12,641,0.000779797
setA-12,642,0.000770456
setA-12,643,0.000764191
setA-12,644,0.000754700
setA-12,645,0.000742496
setA-12,646,0.000738957
setA-12,647,0.000736729
setA-12,648,0.000724087
setA-12,649,0.000723614
setA-12,650,0.000720361
setA-12,651,0.000720361
setA-12,652,0.000712834
setA-12,653,0.000711656
setA-12,654,0.000710125
setA-12,655,0.000710093
setA-12,656,0.000706347
setA-12,657,0.000704446
setA-12,658,0.000696389
setA-12,659,0.000692356
setA-12,660,0.000689627
setA-12,661,0.000689278
setA-12,662,0.000683025
setA-12,663,0.000681225
setA-12,664,0.000678641
setA-12,665,0.000677391
setA-12,666,0.000674607
setA-12,667,0.000674113
setA-12,668,0.000670731
setA-12,669,0.000667771
setA-12,670,0.000666040
setA-12,671,0.000657554
setA-12,672,0.000657471
setA-12,673,0.000656750
setA-12,674,0.000655748
setA-12,675,0.000651603
setA-12,676,0.000649930
setA-12,677,0.000644167
setA-12,678,0.000638543
setA-12,679,0.000632486
setA-12,680,0.000628772
setA-12,681,0.000628188
setA-12,682,0.000624218
setA-12,683,0.000623839
setA-12,684,0.000622212
setA-12,685,0.000620930
setA-12,686,0.000620698
setA-12,687,0.000618590
setA-12,688,0.000614062
setA-12,689,0.000610219
setA-12,690,0.000609607
setA-12,691,0.000608836
setA-12,692,0.000605087
setA-12,693,0.000603566
setA-12,694,0.000603462
setA-12,695,0.000600383
setA-12,696,0.000591183
setA-12,697,0.000587577
setA-12,698,0.000586068
setA-12,699,0.000583983
setA-12,700,0.000578608
setA-12,701,0.000578285
setA-12,702,0.000577804
setA-12,703,0.000569620
setA-12,704,0.000561627
setA-12,705,0.000561447
setA-12,706,0.000554729
setA-12,707,0.000546312
setA-12,708,0.000542951
setA-12,709,0.000525398
setA-12,710,0.000521084
setA-12,711,0.000499898
setA-12,712,0.000494236
setA-12,713,0.000486047
setA-12,714,0.000463900
setA-12,715,0.000462672
setA-12,716,0.000461778
setA-12,717,0.000448136
setA-12,718,0.000434635
setA-12,719,0.000425606
setA-12,720,0.000409043
setA-12,721,0.000395365
setA-12,722,0.000395097
setA-12,723,0.000385045
setA-12,724,0.000379564
setA-12,725,0.000377826
setA-12,726,0.000361504
setA-12,727,0.000350308
setA-12,728,0.000344277
setA-12,729,0.000335283
setA-12,730,0.000332650
setA-12,731,0.000320780
setA-12,732,0.000317164
setA-12,733,0.000292197
setA-12,734,0.000277026
setA-12,735,0.000270220
setA-12,736,0.000239927
setA-12,737,0.000185512
setA-12,738,0.000000000
setA-12,739,0.000000000
setA-12,740,0.000000000
setA-12,741,0.000000000
setA-12,742,0.000000000
setA-12,743,0.000000000
setA-12,744,0.000000000
setA-12,745,0.000000000
setA-12,746,0.000000000
setA-12,747,0.000000000
setA-12,748,0.000000000
setA-12,749,0.000000000
setA-12,750,0.000000000
setA-12,751,0.000000000
setA-12,752,0.000000000
setA-12,753,0.000000000
setA-12,754,0.000000000
setA-12,755,0.000000000
setA-12,756,0.000000000
setA-12,757,0.000000000
setA-12,758,0.000000000
setA-12,759,0.000000000
setA-12,760,0.000000000
setA-12,761,0.000000000
setA-12,762,0.000000000
setA-12,763,0.000000000
setA-12,764,0.000000000
setA-12,765,0.000000000
setA-12,766,0.000000000
setA-12,767,0.000000000
setA-12,768,0.000000000
setA-12,769,0.000000000
setA-12,770,0.000000000
setA-12,771,0.000000000
setA-12,772,0.000000000
setA-12,773,0.000000000
setA-12,774,0.000000000
setA-12,775,0.000000000
setA-12,776,0.000000000
setA-12,777,0.000000000
setA-12,778,0.000000000
setA-12,779,0.000000000
setA-12,780,0.000000000
setA-12,781,0.000000000
setA-12,782,0.000000000
setA-12,783,0.000000000
setA-12,784,0.000000000
setA-12,785,0.000000000
setA-12,786,0.000000000
setA-12,787,0.000000000
setA-12,788,0.000000000
setA-12,789,0.000000000
setA-12,790,0.000000000
setA-12,791,0.000000000
setA-12,792,0.000000000
setA-12,793,0.000000000
setA-12,794,0.000000000
setA-12,795,0.000000000
setA-12,796,0.000000000
setA-12,797,0.000000000
setA-12,798,0.000000000
setA-12,799,0.000000000
setA-12,800,0.000000000
setA-12,801,0.000000000
setA-12,802,0.000000000
setA-12,803,0.000000000
setA-12,804,0.000000000
setA-12,805,0.000000000
setA-12,806,0.000000000
setA-12,807,0.000000000
setA-12,808,0.000000000
setA-12,809,0.000000000
setA-12,810,0.000000000
setA-12,811,0.000000000
setA-12,812,0.000000000
setA-12,813,0.000000000
setA-12,814,0.000000000
setA-12,815,0.000000000
setA-12,816,0.000000000
setA-12,817,0.000000000
setA-12,818,0.000000000
setA-12,819,0.000000000
setA-12,820,0.000000000
setA-12,821,0.000000000
setA-12,822,0.000000000
setA-12,823,0.000000000
setA-12,824,0.000000000
setA-12,825,0.000000000
setA-12,826,0.000000000
setA-12,827,0.000000000
setA-12,828,0.000000000
setA-12,829,0.000000000
setA-12,830,0.000000000
setA-12,831,0.000000000
setA-12,832,0.000000000
setA-12,833,0.000000000
setA-12,834,0.000000000
setA-12,835,0.000000000
setA-12,836,0.000000000
setA-12,837,0.000000000
setA-12,838,0.000000000
setA-12,839,0.000000000
setA-12,840,0.000000000
setA-12,841,0.000000000
setA-12,842,0.000000000
setA-12,843,0.000000000
setA-12,844,0.000000000
setA-12,845,0.000000000
setA-12,846,0.000000000
setA-12,847,0.000000000
setA-12,848,0.000000000
setA-12,849,0.000000000
setA-12,850,0.000000000
setA-12,851,0.000000000
setA-12,852,0.000000000
setA-12,853,0.000000000
setA-12,854,0.000000000
setA-12,855,0.000000000
setA-12,856,0.000000000
setA-12,857,0.000000000
setA-12,858,0.000000000
setA-12,859,0.000000000
setA-12,860,0.000000000
setA-12,861,0.000000000
setA-12,862,0.000000000
setA-12,863,0.000000000
setA-12,864,0.000000000
setA-12,865,0.000000000
setA-12,866,0.000000000
setA-12,867,0.000000000
setA-12,868,0.000000000
setA-12,869,0.000000000
setA-12,870,0.000000000
setA-12,871,0.000000000
setA-12,872,0.000000000
setA-12,873,0.000000000
setA-12,874,0.000000000
setA-12,875,0.000000000
setA-12,876,0.000000000
setA-12,877,0.000000000
setA-12,878,0.000000000
setA-12,879,0.000000000
setA-12,880,0.000000000
setA-12,881,0.000000000
setA-12,882,0.000000000
setA-12,883,0.000000000
setA-12,884,0.000000000
setA-12,885,0.000000000
setA-12,886,0.000000000
setA-12,887,0.000000000
setA-12,888,0.000000000
setA-12,889,0.000000000
setA-12,890,0.000000000
setA-12,891,0.000000000
setA-12,892,0.000000000
setA-12,893,0.000000000
setA-12,894,0.000000000
setA-12,895,0.000000000
setA-12,896,0.000000000
setA-12,897,0.000000000
setA-12,898,0.000000000
