gen,gen_ms,eval_ms,non_eval_ms,l1_lookup_ms,l1_materialize_ms,l1_insert_ms,l1_total_ms,unattributed_ms,n_eval,cache_hits,crossover_ms,mutation_ms,repair_ms,improve_ms,sort_ms,selection_ms,feasibility_ms,staging_ms,attributed_ms,rayon_residual_ms
1,45938.539,3328.139,42610.400,0.331,0.031,1.864,2.226,42608.175,28,1,2.371,0.027,12262.960,10925.396,0.005,0.011,19413.959,0.325,42605.054,3.120
2,47544.689,4507.158,43037.531,1.468,0.083,2.313,3.864,43033.667,35,2,3.198,0.005,7110.240,15969.294,0.004,0.003,19946.602,0.432,43029.778,3.889
3,45599.947,4230.392,41369.556,11.989,0.641,2.822,15.453,41354.103,32,3,1.522,0.008,7346.996,14355.904,0.015,0.003,19646.772,1.034,41352.253,1.851
4,47034.955,4409.894,42625.061,0.415,0.082,3.565,4.062,42620.999,34,2,2.092,0.012,7607.744,15575.237,0.005,0.002,19432.432,0.591,42618.114,2.885
5,43705.054,4988.400,38716.654,0.431,0.112,1.954,2.498,38714.156,39,3,8.228,0.009,2022.542,17959.396,0.005,0.010,18721.789,0.535,38712.513,1.643
6,43645.710,5494.034,38151.676,0.623,0.275,4.102,4.999,38146.676,36,7,1.980,0.011,1574.553,17777.815,0.004,0.006,18790.264,0.621,38145.254,1.423
7,46230.844,3752.578,42478.266,0.430,0.241,1.603,2.273,42475.992,35,6,2.116,0.011,3280.750,19192.458,0.004,0.002,19998.450,0.506,42474.298,1.695
8,38061.204,4674.629,33386.575,0.496,0.134,1.667,2.297,33384.278,42,3,1.702,0.016,0.000,17087.172,0.004,0.012,16293.319,0.724,33382.950,1.329
9,39105.715,5184.446,33921.269,1.586,1.701,2.002,5.289,33915.980,38,7,3.233,1.498,0.000,17211.507,0.004,0.007,16697.479,0.581,33914.309,1.672
10,39396.844,6942.415,32454.429,0.403,0.129,9.456,9.988,32444.441,40,4,1.801,0.011,655.419,15151.359,0.005,0.010,16633.616,0.746,32442.967,1.474
11,40842.991,5248.416,35594.575,0.382,0.089,10.181,10.651,35583.924,42,2,3.407,0.014,815.223,16604.431,0.004,0.003,18158.528,0.793,35582.403,1.520
12,42849.745,7135.449,35714.296,0.836,2.211,2.100,5.148,35709.148,42,2,2.043,0.011,682.039,16150.475,0.005,0.005,18872.125,0.875,35707.576,1.572
13,37715.164,4591.016,33124.148,0.357,0.073,1.767,2.197,33121.951,43,2,1.876,0.011,0.000,17487.939,0.004,0.007,15630.232,0.700,33120.768,1.183
14,37344.799,5820.457,31524.342,0.391,0.090,1.823,2.304,31522.038,42,3,2.023,0.008,0.000,15557.175,0.005,0.012,15960.811,0.802,31520.835,1.203
15,44782.362,4307.678,40474.684,0.690,0.252,2.070,3.011,40471.673,39,5,1.987,0.012,1191.905,20706.428,0.005,0.008,18567.743,0.743,40468.830,2.844
16,38295.306,4752.698,33542.608,1.124,0.077,1.797,2.999,33539.609,43,2,1.772,0.011,0.000,17008.630,0.004,0.004,16527.234,0.802,33538.458,1.152
17,40931.003,5054.316,35876.688,0.690,0.211,1.859,2.760,35873.927,38,6,2.336,0.015,999.138,18174.826,0.004,0.005,16695.631,0.669,35872.624,1.304
18,40133.096,5621.349,34511.747,0.888,0.205,1.939,3.032,34508.715,39,6,2.081,0.013,0.000,17312.249,0.004,0.005,17191.833,0.632,34506.817,1.899
19,40499.505,4254.139,36245.366,0.463,0.216,1.740,2.420,36242.947,39,6,2.003,0.007,0.000,17980.306,0.005,0.007,18258.527,0.733,36241.588,1.358
20,37227.450,4279.613,32947.837,0.360,0.043,1.840,2.243,32945.594,43,1,1.817,0.014,648.755,15710.684,0.005,0.006,16582.359,0.729,32944.368,1.226
21,39416.917,5733.571,33683.346,0.355,0.045,2.123,2.524,33680.822,44,1,1.740,0.010,0.000,17299.350,0.005,0.004,16377.727,0.863,33679.699,1.124
22,40039.752,4963.021,35076.730,0.436,0.072,29.314,29.822,35046.908,42,2,2.227,0.007,740.323,16433.425,0.005,0.004,17866.536,0.646,35043.174,3.735
23,46023.410,9070.053,36953.357,0.389,0.135,4.008,4.532,36948.825,41,4,2.203,0.012,0.000,18509.784,0.005,0.004,18434.519,0.805,36947.333,1.492
24,35461.228,4330.735,31130.493,0.369,0.140,1.708,2.217,31128.276,41,4,1.406,0.014,0.000,15502.760,0.004,0.010,15622.263,0.666,31127.123,1.153
25,40273.409,4196.615,36076.794,0.466,0.266,1.798,2.530,36074.264,39,6,2.114,0.015,0.000,17681.958,0.004,0.010,18386.902,1.384,36072.387,1.877
26,37627.999,6871.330,30756.669,0.401,0.133,1.817,2.352,30754.318,40,5,0.986,0.009,0.000,15330.756,0.004,0.006,15419.402,0.684,30751.848,2.470
27,39560.571,7123.012,32437.559,0.384,0.042,4.671,5.096,32432.463,44,1,8.896,0.010,0.000,15611.264,0.004,0.012,16804.063,6.878,32431.128,1.335
28,36005.823,6711.855,29293.968,0.319,0.058,1.734,2.111,29291.857,43,2,1.247,0.016,0.000,14640.792,0.005,0.007,14648.219,0.606,29290.890,0.967
29,35877.248,5737.591,30139.657,0.360,0.173,1.416,1.949,30137.707,37,6,1.266,0.009,1281.574,14158.262,0.004,0.002,14695.259,0.300,30136.676,1.031
30,45207.855,8494.543,36713.312,0.890,0.143,2.076,3.109,36710.203,41,4,1.841,0.014,0.000,18664.626,0.005,0.007,18041.284,0.953,36708.730,1.473
31,39289.720,8922.530,30367.190,0.545,0.208,3.414,4.168,30363.022,39,6,1.805,0.011,0.000,15505.921,0.006,0.012,14852.245,0.613,30360.614,2.408
32,39886.721,6286.878,33599.843,1.058,0.240,2.000,3.298,33596.545,39,6,2.128,0.009,0.000,16601.467,0.008,0.004,16983.250,0.700,33587.567,8.978
33,37684.253,6118.085,31566.167,0.433,0.098,2.776,3.307,31562.860,41,4,1.640,0.006,0.000,16080.257,0.004,0.004,15479.002,0.797,31561.711,1.148
34,40470.088,8865.133,31604.955,0.507,0.205,2.029,2.741,31602.214,40,5,5.550,0.007,0.000,15918.846,0.005,0.002,15676.021,0.644,31601.076,1.138
35,41711.854,7720.859,33990.995,0.454,0.190,1.995,2.639,33988.356,41,4,2.065,0.007,0.000,16067.547,0.005,0.003,17890.961,11.626,33972.213,16.143
36,39796.440,6914.276,32882.164,0.455,0.156,4.110,4.721,32877.443,41,4,1.648,0.006,0.000,16466.159,0.004,0.005,16407.314,0.691,32875.827,1.616
37,41602.806,5117.639,36485.168,0.455,0.148,1.785,2.388,36482.780,41,4,4.405,0.013,0.000,18649.068,0.005,0.008,17826.585,0.774,36480.857,1.923
38,35290.393,5176.674,30113.719,0.334,0.085,1.600,2.019,30111.700,42,3,1.161,0.010,0.000,15143.259,0.004,0.004,14965.850,0.338,30110.627,1.073
39,39351.055,6218.851,33132.204,0.465,0.041,1.851,2.356,33129.848,43,1,5.930,0.020,649.936,16170.104,0.005,0.006,16301.943,0.761,33128.704,1.144
40,37099.659,4402.928,32696.731,3.633,0.260,3.480,7.373,32689.357,39,6,1.370,0.013,0.000,15949.502,0.004,0.003,16735.867,0.978,32687.738,1.620
41,38406.845,5310.671,33096.174,11.567,11.671,2.193,25.432,33070.742,42,3,2.189,0.010,0.000,16986.516,0.004,0.006,16078.377,0.809,33067.912,2.831
42,35102.283,5039.389,30062.895,0.461,0.130,1.676,2.267,30060.628,41,4,1.509,0.008,0.000,15133.099,0.004,0.005,14924.406,0.622,30059.654,0.974
43,40869.692,5654.815,35214.877,1.719,0.038,2.977,4.734,35210.143,44,1,10.762,0.007,0.000,17658.380,0.004,0.006,17538.768,0.821,35208.748,1.395
44,38355.782,4134.328,34221.454,0.470,0.130,21.320,21.920,34199.533,42,3,1.813,0.011,0.000,17232.187,0.006,0.010,16963.332,0.729,34198.087,1.446
45,37818.196,5981.888,31836.308,0.573,0.036,11.466,12.074,31824.234,43,1,1.309,0.016,719.093,15458.077,0.008,0.002,15629.422,12.834,31820.762,3.472
46,34497.181,4241.048,30256.133,0.322,0.076,1.626,2.024,30254.109,42,3,1.304,0.012,0.000,15006.152,0.004,0.007,15245.071,0.376,30252.925,1.184
47,34658.666,5002.851,29655.814,0.384,0.106,1.703,2.192,29653.622,42,3,1.193,0.009,0.000,14813.320,0.005,0.009,14837.823,0.429,29652.787,0.835
48,38421.560,4352.756,34068.804,0.441,0.186,1.773,2.400,34066.404,40,5,1.526,0.017,0.000,16608.261,0.006,0.003,17454.630,0.732,34065.175,1.229
49,38907.282,7106.803,31800.480,0.323,0.037,3.382,3.742,31796.738,44,1,1.469,0.010,0.000,15943.092,0.006,0.011,15807.221,42.476,31794.285,2.452
50,40061.909,7419.992,32641.917,0.513,0.239,2.048,2.800,32639.117,39,6,1.749,0.011,0.000,16535.645,0.006,0.010,16098.925,1.333,32637.678,1.439
