pairing_id,crew_id,duty_ids,start_utc,end_utc,home_base
P0001,C0118,"D0001,D0002",2000-01-28T23:30:00Z,2000-01-31T01:17:00Z,BASE2
P0002,C0119,"D0003,D0004,D0005",2000-01-29T16:42:00Z,2000-02-01T01:17:00Z,BASE2
P0003,C0120,"D0006,D0007,D0008",2000-01-29T14:48:00Z,2000-01-31T19:28:00Z,BASE2
P0004,C0121,"D0009,D0010",2000-01-29T13:10:00Z,2000-01-30T01:44:00Z,BASE2
P0005,C0122,"D0011,D0012",2000-01-29T19:36:00Z,2000-01-30T03:27:00Z,BASE2
P0006,C0123,"D0013,D0014",2000-01-29T19:37:00Z,2000-01-31T11:06:00Z,BASE2
P0007,C0124,D0015,2000-01-29T13:13:00Z,2000-01-30T01:10:00Z,BASE2
P0008,C0125,"D0016,D0017",2000-01-29T13:35:00Z,2000-01-31T00:50:00Z,BASE2
P0009,C0126,D0018,2000-01-29T16:19:00Z,2000-01-30T01:17:00Z,BASE2
P0010,C0127,D0019,2000-01-29T01:25:00Z,2000-01-29T13:36:00Z,BASE2
P0011,C0128,D0020,2000-01-29T01:22:00Z,2000-01-29T13:29:00Z,BASE2
P0012,C0129,D0021,2000-01-29T01:30:00Z,2000-01-29T13:48:00Z,BASE2
P0013,C0130,D0022,2000-01-29T10:50:00Z,2000-01-29T18:18:00Z,BASE2
P0014,C0131,D0023,2000-01-29T01:14:00Z,2000-01-29T13:27:00Z,BASE2
P0015,C0132,D0024,2000-01-29T13:20:00Z,2000-01-29T21:40:00Z,BASE2
P0016,C0133,D0025,2000-01-29T18:05:00Z,2000-01-29T23:22:00Z,BASE2
P0017,C0134,"D0026,D0027,D0028",2000-01-29T11:05:00Z,2000-01-31T21:41:00Z,BASE2
P0018,C0184,"D0029,D0030,D0031,D0032",2000-01-05T17:15:00Z,2000-01-08T05:20:00Z,BASE3
P0019,C0185,"D0033,D0034,D0035,D0036",2000-01-05T13:00:00Z,2000-01-08T21:58:00Z,BASE3
P0020,C0186,"D0037,D0038",2000-01-05T13:00:00Z,2000-01-06T01:50:00Z,BASE3
P0021,C0187,D0039,2000-01-05T17:00:00Z,2000-01-06T01:25:00Z,BASE3
P0022,C0188,D0040,2000-01-05T01:25:00Z,2000-01-05T13:20:00Z,BASE3
P0023,C0135,D0041,2000-01-06T15:42:00Z,2000-01-07T00:13:00Z,BASE2
P0024,C0136,D0042,2000-01-06T00:25:00Z,2000-01-06T12:34:00Z,BASE2
P0025,C0137,D0043,2000-01-06T00:07:00Z,2000-01-06T12:37:00Z,BASE2
P0026,C0138,D0044,2000-01-06T18:30:00Z,2000-01-06T23:57:00Z,BASE2
P0027,C0139,D0045,2000-01-06T12:24:00Z,2000-01-06T20:42:00Z,BASE2
P0028,C0140,"D0046,D0047",2000-01-06T13:52:00Z,2000-01-08T00:25:00Z,BASE2
P0029,C0141,"D0048,D0049",2000-01-06T22:24:00Z,2000-01-07T20:42:00Z,BASE2
P0030,C0142,D0050,2000-01-06T18:36:00Z,2000-01-07T02:42:00Z,BASE2
P0031,C0143,D0051,2000-01-06T12:15:00Z,2000-01-07T00:39:00Z,BASE2
P0032,C0144,"D0052,D0053,D0054",2000-01-06T16:53:00Z,2000-01-08T22:47:00Z,BASE2
P0033,C0145,"D0055,D0056,D0057,D0058",2000-01-06T14:00:00Z,2000-01-09T22:48:00Z,BASE2
P0034,C0146,"D0059,D0060,D0061",2000-01-06T00:23:00Z,2000-01-09T00:39:00Z,BASE2
P0035,C0147,"D0062,D0063,D0064,D0065",2000-01-06T20:22:00Z,2000-01-10T00:39:00Z,BASE2
P0036,C0189,"D0066,D0067,D0068,D0069",2000-01-11T13:10:00Z,2000-01-15T01:35:00Z,BASE3
P0037,C0190,"D0070,D0071,D0072,D0073",2000-01-11T17:15:00Z,2000-01-14T05:20:00Z,BASE3
P0038,C0191,"D0074,D0075,D0076,D0077",2000-01-11T13:00:00Z,2000-01-14T21:41:00Z,BASE3
P0039,C0192,D0078,2000-01-11T17:10:00Z,2000-01-12T01:23:00Z,BASE3
P0040,C0193,D0079,2000-01-11T10:15:00Z,2000-01-11T21:41:00Z,BASE3
P0041,C0194,D0080,2000-01-11T01:25:00Z,2000-01-11T13:20:00Z,BASE3
P0042,C0001,D0081,2000-01-01T13:30:00Z,2000-01-01T23:05:00Z,BASE1
P0043,C0002,D0082,2000-01-01T13:25:00Z,2000-01-01T22:57:00Z,BASE1
P0044,C0003,D0083,2000-01-01T13:28:00Z,2000-01-01T23:03:00Z,BASE1
P0045,C0004,"D0084,D0085",2000-01-01T19:45:00Z,2000-01-02T04:28:00Z,BASE1
P0046,C0005,"D0086,D0087",2000-01-01T17:56:00Z,2000-01-02T23:25:00Z,BASE1
P0047,C0006,"D0088,D0089",2000-01-01T13:41:00Z,2000-01-02T18:01:00Z,BASE1
P0048,C0007,"D0090,D0091",2000-01-01T13:15:00Z,2000-01-02T15:36:00Z,BASE1
P0049,C0008,"D0092,D0093",2000-01-01T17:24:00Z,2000-01-02T22:43:00Z,BASE1
P0050,C0009,"D0094,D0095",2000-01-01T13:45:00Z,2000-01-02T22:57:00Z,BASE1
P0051,C0010,"D0096,D0097",2000-01-01T17:25:00Z,2000-01-02T20:45:00Z,BASE1
P0052,C0011,"D0098,D0099",2000-01-01T13:38:00Z,2000-01-02T21:12:00Z,BASE1
P0053,C0012,"D0100,D0101",2000-01-01T15:38:00Z,2000-01-02T21:13:00Z,BASE1
P0054,C0013,"D0102,D0103",2000-01-01T14:49:00Z,2000-01-02T23:18:00Z,BASE1
P0055,C0014,"D0104,D0105",2000-01-01T11:19:00Z,2000-01-02T19:12:00Z,BASE1
P0056,C0015,D0106,2000-01-01T17:36:00Z,2000-01-02T01:22:00Z,BASE1
P0057,C0016,D0107,2000-01-01T17:18:00Z,2000-01-02T01:15:00Z,BASE1
P0058,C0017,D0108,2000-01-01T15:47:00Z,2000-01-02T02:32:00Z,BASE1
P0059,C0018,"D0109,D0110,D0111",2000-01-01T21:08:00Z,2000-01-03T23:18:00Z,BASE1
P0060,C0019,"D0112,D0113,D0114",2000-01-01T21:30:00Z,2000-01-03T21:13:00Z,BASE1
P0061,C0020,"D0115,D0116,D0117",2000-01-01T19:15:00Z,2000-01-03T20:45:00Z,BASE1
P0062,C0021,"D0118,D0119,D0120",2000-01-01T15:42:00Z,2000-01-03T23:17:00Z,BASE1
P0063,C0022,"D0121,D0122,D0123",2000-01-01T11:25:00Z,2000-01-03T13:33:00Z,BASE1
P0064,C0023,"D0124,D0125,D0126",2000-01-01T21:18:00Z,2000-01-03T15:36:00Z,BASE1
P0065,C0024,"D0127,D0128",2000-01-01T18:53:00Z,2000-01-03T01:42:00Z,BASE1
P0066,C0025,"D0129,D0130",2000-01-01T17:21:00Z,2000-01-03T01:02:00Z,BASE1
P0067,C0026,"D0131,D0132",2000-01-01T15:51:00Z,2000-01-03T01:28:00Z,BASE1
P0068,C0027,"D0133,D0134",2000-01-01T17:46:00Z,2000-01-03T01:22:00Z,BASE1
P0069,C0028,"D0135,D0136,D0137,D0138",2000-01-01T13:44:00Z,2000-01-04T18:01:00Z,BASE1
P0070,C0029,"D0139,D0140,D0141,D0142",2000-01-01T19:30:00Z,2000-01-04T15:36:00Z,BASE1
P0071,C0030,"D0143,D0144,D0145,D0146",2000-01-01T15:33:00Z,2000-01-04T23:17:00Z,BASE1
P0072,C0195,"D0147,D0148,D0149,D0150",2000-01-07T17:15:00Z,2000-01-11T01:35:00Z,BASE3
P0073,C0196,"D0151,D0152,D0153,D0154",2000-01-07T17:10:00Z,2000-01-10T21:58:00Z,BASE3
P0074,C0197,"D0155,D0156",2000-01-07T16:44:00Z,2000-01-09T01:35:00Z,BASE3
P0075,C0198,"D0157,D0158",2000-01-07T13:10:00Z,2000-01-08T17:40:00Z,BASE3
P0076,C0199,D0159,2000-01-07T01:25:00Z,2000-01-07T13:20:00Z,BASE3
P0077,C0200,D0160,2000-01-07T13:13:00Z,2000-01-07T21:58:00Z,BASE3
P0078,C0148,D0161,2000-01-31T11:02:00Z,2000-01-31T18:19:00Z,BASE2
P0079,C0149,D0162,2000-01-31T10:50:00Z,2000-01-31T23:24:00Z,BASE2
P0080,C0150,D0163,2000-01-31T01:30:00Z,2000-01-31T13:48:00Z,BASE2
P0081,C0151,D0164,2000-01-31T13:13:00Z,2000-01-31T21:34:00Z,BASE2
P0082,C0152,D0165,2000-01-31T13:10:00Z,2000-01-31T21:18:00Z,BASE2
P0083,C0153,D0166,2000-01-30T23:30:00Z,2000-01-31T21:36:00Z,BASE2
P0084,C0154,D0167,2000-01-31T01:25:00Z,2000-01-31T13:36:00Z,BASE2
P0085,C0155,D0168,2000-01-31T01:14:00Z,2000-01-31T13:27:00Z,BASE2
P0086,C0156,D0169,2000-01-31T01:22:00Z,2000-01-31T13:29:00Z,BASE2
P0087,C0157,D0170,2000-01-31T13:20:00Z,2000-01-31T21:40:00Z,BASE2
P0088,C0158,D0171,2000-01-31T13:35:00Z,2000-01-31T19:35:00Z,BASE2
P0089,C0031,D0172,2000-01-09T13:30:00Z,2000-01-09T23:05:00Z,BASE1
P0090,C0032,D0173,2000-01-09T02:16:00Z,2000-01-09T13:32:00Z,BASE1
P0091,C0033,D0174,2000-01-09T13:28:00Z,2000-01-09T23:03:00Z,BASE1
P0092,C0034,"D0175,D0176",2000-01-09T13:38:00Z,2000-01-10T21:12:00Z,BASE1
P0093,C0035,"D0177,D0178",2000-01-09T13:45:00Z,2000-01-10T21:13:00Z,BASE1
P0094,C0036,"D0179,D0180",2000-01-09T19:45:00Z,2000-01-10T04:28:00Z,BASE1
P0095,C0037,"D0181,D0182",2000-01-09T11:25:00Z,2000-01-10T20:59:00Z,BASE1
P0096,C0038,"D0183,D0184",2000-01-09T14:49:00Z,2000-01-10T20:45:00Z,BASE1
P0097,C0039,D0185,2000-01-09T15:47:00Z,2000-01-10T02:32:00Z,BASE1
P0098,C0040,D0186,2000-01-09T01:30:00Z,2000-01-10T01:22:00Z,BASE1
P0099,C0041,D0187,2000-01-09T17:18:00Z,2000-01-10T01:15:00Z,BASE1
P0100,C0042,"D0188,D0189,D0190",2000-01-09T01:26:00Z,2000-01-11T15:36:00Z,BASE1
P0101,C0043,"D0191,D0192,D0193",2000-01-09T17:24:00Z,2000-01-11T22:48:00Z,BASE1
P0102,C0044,"D0194,D0195,D0196",2000-01-09T11:19:00Z,2000-01-11T13:33:00Z,BASE1
P0103,C0045,"D0197,D0198,D0199",2000-01-08T23:24:00Z,2000-01-11T23:17:00Z,BASE1
P0104,C0046,"D0200,D0201,D0202",2000-01-09T01:16:00Z,2000-01-11T15:50:00Z,BASE1
P0105,C0047,"D0203,D0204,D0205",2000-01-09T01:13:00Z,2000-01-11T22:57:00Z,BASE1
P0106,C0048,"D0206,D0207,D0208,D0209",2000-01-09T17:56:00Z,2000-01-12T17:15:00Z,BASE1
P0107,C0049,"D0210,D0211,D0212,D0213",2000-01-09T19:15:00Z,2000-01-12T23:17:00Z,BASE1
P0108,C0050,"D0214,D0215,D0216,D0217",2000-01-09T15:42:00Z,2000-01-12T21:44:00Z,BASE1
P0109,C0159,"D0218,D0219,D0220",2000-01-24T22:24:00Z,2000-01-27T19:33:00Z,BASE2
P0110,C0160,"D0221,D0222,D0223,D0224",2000-01-24T13:52:00Z,2000-01-27T21:36:00Z,BASE2
P0111,C0161,"D0225,D0226,D0227",2000-01-24T20:22:00Z,2000-01-26T22:47:00Z,BASE2
P0112,C0162,"D0228,D0229,D0230",2000-01-24T12:13:00Z,2000-01-26T22:47:00Z,BASE2
P0113,C0163,"D0231,D0232",2000-01-24T12:18:00Z,2000-01-25T18:40:00Z,BASE2
P0114,C0164,D0233,2000-01-24T00:25:00Z,2000-01-24T12:34:00Z,BASE2
P0115,C0165,D0234,2000-01-24T18:58:00Z,2000-01-25T02:25:00Z,BASE2
P0116,C0166,D0235,2000-01-24T12:24:00Z,2000-01-24T20:42:00Z,BASE2
P0117,C0167,D0236,2000-01-24T18:36:00Z,2000-01-25T02:42:00Z,BASE2
P0118,C0168,D0237,2000-01-24T15:19:00Z,2000-01-25T00:25:00Z,BASE2
P0119,C0169,D0238,2000-01-24T00:07:00Z,2000-01-24T12:37:00Z,BASE2
P0120,C0170,D0239,2000-01-24T12:15:00Z,2000-01-25T00:39:00Z,BASE2
P0121,C0201,"D0240,D0241,D0242,D0243",2000-01-08T17:15:00Z,2000-01-11T05:20:00Z,BASE3
P0122,C0202,"D0244,D0245",2000-01-08T17:25:00Z,2000-01-10T01:35:00Z,BASE3
P0123,C0203,"D0246,D0247",2000-01-08T13:13:00Z,2000-01-09T21:41:00Z,BASE3
P0124,C0204,"D0248,D0249",2000-01-08T13:10:00Z,2000-01-09T17:40:00Z,BASE3
P0125,C0205,D0250,2000-01-08T17:10:00Z,2000-01-09T01:23:00Z,BASE3
P0126,C0206,D0251,2000-01-08T01:25:00Z,2000-01-08T13:20:00Z,BASE3
P0127,C0207,D0252,2000-01-08T10:15:00Z,2000-01-08T21:41:00Z,BASE3
P0128,C0208,"D0253,D0254,D0255,D0256",2000-01-04T13:00:00Z,2000-01-07T21:41:00Z,BASE3
P0129,C0209,"D0257,D0258,D0259",2000-01-04T17:15:00Z,2000-01-07T01:35:00Z,BASE3
P0130,C0210,"D0260,D0261",2000-01-04T17:10:00Z,2000-01-06T01:23:00Z,BASE3
P0131,C0211,"D0262,D0263",2000-01-04T13:13:00Z,2000-01-05T21:41:00Z,BASE3
P0132,C0212,D0264,2000-01-04T01:25:00Z,2000-01-04T13:20:00Z,BASE3
P0133,C0171,D0265,2000-01-07T00:25:00Z,2000-01-07T12:34:00Z,BASE2
P0134,C0172,D0266,2000-01-07T00:07:00Z,2000-01-07T12:37:00Z,BASE2
P0135,C0173,D0267,2000-01-07T12:24:00Z,2000-01-07T20:42:00Z,BASE2
P0136,C0174,"D0268,D0269",2000-01-07T12:13:00Z,2000-01-09T00:25:00Z,BASE2
P0137,C0175,"D0270,D0271",2000-01-07T12:35:00Z,2000-01-08T23:57:00Z,BASE2
P0138,C0176,"D0272,D0273",2000-01-07T13:52:00Z,2000-01-08T20:38:00Z,BASE2
P0139,C0177,D0274,2000-01-07T18:58:00Z,2000-01-08T02:25:00Z,BASE2
P0140,C0178,D0275,2000-01-07T18:36:00Z,2000-01-08T02:42:00Z,BASE2
P0141,C0179,D0276,2000-01-07T12:15:00Z,2000-01-08T00:39:00Z,BASE2
P0142,C0180,"D0277,D0278,D0279",2000-01-07T00:23:00Z,2000-01-10T00:25:00Z,BASE2
P0143,C0181,"D0280,D0281,D0282",2000-01-07T22:24:00Z,2000-01-09T22:47:00Z,BASE2
P0144,C0182,"D0283,D0284,D0285,D0286",2000-01-07T20:22:00Z,2000-01-10T18:40:00Z,BASE2
P0145,C0051,D0287,2000-01-02T02:16:00Z,2000-01-02T13:32:00Z,BASE1
P0146,C0052,D0288,2000-01-02T13:38:00Z,2000-01-02T22:53:00Z,BASE1
P0147,C0053,D0289,2000-01-02T15:33:00Z,2000-01-02T23:17:00Z,BASE1
P0148,C0054,D0290,2000-01-02T13:45:00Z,2000-01-02T22:44:00Z,BASE1
P0149,C0055,D0291,2000-01-02T15:51:00Z,2000-01-02T22:48:00Z,BASE1
P0150,C0056,D0292,2000-01-02T15:42:00Z,2000-01-02T23:24:00Z,BASE1
P0151,C0057,D0293,2000-01-02T13:28:00Z,2000-01-02T23:03:00Z,BASE1
P0152,C0058,D0294,2000-01-02T13:30:00Z,2000-01-02T23:05:00Z,BASE1
P0153,C0059,"D0295,D0296",2000-01-02T11:19:00Z,2000-01-03T15:50:00Z,BASE1
P0154,C0060,"D0297,D0298",2000-01-02T19:45:00Z,2000-01-03T04:28:00Z,BASE1
P0155,C0061,"D0299,D0300",2000-01-02T21:35:00Z,2000-01-03T18:01:00Z,BASE1
P0156,C0062,"D0301,D0302",2000-01-01T23:24:00Z,2000-01-03T22:57:00Z,BASE1
P0157,C0063,D0303,2000-01-02T15:47:00Z,2000-01-03T02:32:00Z,BASE1
P0158,C0064,D0304,2000-01-02T17:25:00Z,2000-01-03T00:54:00Z,BASE1
P0159,C0065,D0305,2000-01-02T17:18:00Z,2000-01-03T01:15:00Z,BASE1
P0160,C0066,"D0306,D0307,D0308",2000-01-02T11:25:00Z,2000-01-04T13:33:00Z,BASE1
P0161,C0067,"D0309,D0310,D0311",2000-01-02T23:12:00Z,2000-01-04T22:57:00Z,BASE1
P0162,C0068,"D0312,D0313,D0314",2000-01-02T22:53:00Z,2000-01-04T15:50:00Z,BASE1
P0163,C0069,"D0315,D0316,D0317,D0318",2000-01-02T21:30:00Z,2000-01-05T15:36:00Z,BASE1
P0164,C0070,"D0319,D0320,D0321,D0322",2000-01-02T23:06:00Z,2000-01-05T21:12:00Z,BASE1
P0165,C0071,"D0323,D0324,D0325,D0326",2000-01-02T22:51:00Z,2000-01-05T21:44:00Z,BASE1
P0166,C0072,"D0327,D0328,D0329",2000-01-02T23:05:00Z,2000-01-05T01:22:00Z,BASE1
P0167,C0073,"D0330,D0331,D0332,D0333",2000-01-02T19:15:00Z,2000-01-06T00:44:00Z,BASE1
P0168,C0074,"D0334,D0335,D0336,D0337",2000-01-02T21:18:00Z,2000-01-06T00:54:00Z,BASE1
P0169,C0213,D0338,2000-01-21T01:25:00Z,2000-01-21T13:20:00Z,BASE3
P0170,C0214,"D0339,D0340",2000-01-21T13:10:00Z,2000-01-22T17:40:00Z,BASE3
P0171,C0215,"D0341,D0342,D0343",2000-01-21T17:00:00Z,2000-01-23T21:58:00Z,BASE3
P0172,C0216,"D0344,D0345",2000-01-21T17:10:00Z,2000-01-23T01:25:00Z,BASE3
P0173,C0217,"D0346,D0347,D0348,D0349",2000-01-21T13:00:00Z,2000-01-24T21:41:00Z,BASE3
P0174,C0218,"D0350,D0351,D0352",2000-01-21T01:50:00Z,2000-01-24T01:35:00Z,BASE3
P0175,C0219,"D0353,D0354,D0355,D0356",2000-01-21T17:15:00Z,2000-01-25T01:25:00Z,BASE3
P0176,C0220,D0357,2000-01-23T01:25:00Z,2000-01-23T13:20:00Z,BASE3
P0177,C0221,D0358,2000-01-23T10:15:00Z,2000-01-23T21:41:00Z,BASE3
P0178,C0222,D0359,2000-01-23T17:10:00Z,2000-01-24T01:23:00Z,BASE3
P0179,C0223,"D0360,D0361,D0362,D0363",2000-01-23T13:10:00Z,2000-01-26T21:58:00Z,BASE3
P0180,C0184,"D0364,D0365,D0366,D0367",2000-01-23T13:00:00Z,2000-01-26T21:41:00Z,BASE3
P0181,C0185,"D0368,D0369,D0370,D0371",2000-01-23T17:15:00Z,2000-01-27T01:35:00Z,BASE3
P0182,C0186,D0372,2000-01-19T01:25:00Z,2000-01-19T13:20:00Z,BASE3
P0183,C0187,"D0373,D0374",2000-01-19T13:10:00Z,2000-01-20T21:58:00Z,BASE3
P0184,C0188,"D0375,D0376,D0377",2000-01-19T17:15:00Z,2000-01-21T21:41:00Z,BASE3
P0185,C0189,"D0378,D0379,D0380",2000-01-19T17:25:00Z,2000-01-21T21:47:00Z,BASE3
P0186,C0190,"D0381,D0382,D0383,D0384",2000-01-19T13:00:00Z,2000-01-22T21:58:00Z,BASE3
P0187,C0075,D0385,2000-01-25T13:30:00Z,2000-01-25T23:05:00Z,BASE1
P0188,C0076,D0386,2000-01-25T02:16:00Z,2000-01-25T13:32:00Z,BASE1
P0189,C0077,D0387,2000-01-25T11:19:00Z,2000-01-25T19:12:00Z,BASE1
P0190,C0078,D0388,2000-01-25T13:28:00Z,2000-01-25T23:03:00Z,BASE1
P0191,C0079,"D0389,D0390",2000-01-25T15:42:00Z,2000-01-26T22:48:00Z,BASE1
P0192,C0080,"D0391,D0392",2000-01-25T19:15:00Z,2000-01-26T23:25:00Z,BASE1
P0193,C0081,"D0393,D0394",2000-01-25T17:56:00Z,2000-01-26T21:03:00Z,BASE1
P0194,C0082,"D0395,D0396",2000-01-25T17:24:00Z,2000-01-26T22:43:00Z,BASE1
P0195,C0083,"D0397,D0398",2000-01-25T14:49:00Z,2000-01-26T22:44:00Z,BASE1
P0196,C0084,"D0399,D0400",2000-01-25T19:45:00Z,2000-01-26T04:28:00Z,BASE1
P0197,C0085,"D0401,D0402",2000-01-25T13:38:00Z,2000-01-26T22:53:00Z,BASE1
P0198,C0086,"D0403,D0404",2000-01-25T11:25:00Z,2000-01-26T20:59:00Z,BASE1
P0199,C0087,D0405,2000-01-25T15:47:00Z,2000-01-26T02:32:00Z,BASE1
P0200,C0088,"D0406,D0407,D0408",2000-01-25T13:44:00Z,2000-01-27T18:21:00Z,BASE1
P0201,C0089,"D0409,D0410",2000-01-25T17:25:00Z,2000-01-27T01:22:00Z,BASE1
P0202,C0090,"D0411,D0412,D0413,D0414",2000-01-25T21:30:00Z,2000-01-28T16:36:00Z,BASE1
P0203,C0091,"D0415,D0416,D0417,D0418",2000-01-25T17:18:00Z,2000-01-28T18:34:00Z,BASE1
P0204,C0183,"D0419,D0420,D0421,D0422",2000-01-22T20:22:00Z,2000-01-26T00:13:00Z,BASE2
P0205,C0118,"D0423,D0424,D0425",2000-01-22T22:24:00Z,2000-01-25T00:13:00Z,BASE2
P0206,C0119,"D0426,D0427,D0428",2000-01-22T13:52:00Z,2000-01-24T22:47:00Z,BASE2
P0207,C0120,"D0429,D0430",2000-01-22T12:13:00Z,2000-01-23T22:48:00Z,BASE2
P0208,C0121,"D0431,D0432",2000-01-22T15:42:00Z,2000-01-24T00:13:00Z,BASE2
P0209,C0122,"D0433,D0434",2000-01-22T12:35:00Z,2000-01-23T23:57:00Z,BASE2
P0210,C0123,D0435,2000-01-22T12:24:00Z,2000-01-22T20:42:00Z,BASE2
P0211,C0124,D0436,2000-01-22T12:15:00Z,2000-01-23T00:39:00Z,BASE2
P0212,C0125,D0437,2000-01-22T18:36:00Z,2000-01-23T02:42:00Z,BASE2
P0213,C0126,D0438,2000-01-22T00:25:00Z,2000-01-22T12:34:00Z,BASE2
P0214,C0127,D0439,2000-01-22T18:30:00Z,2000-01-22T23:57:00Z,BASE2
P0215,C0128,D0440,2000-01-22T00:07:00Z,2000-01-22T12:37:00Z,BASE2
P0216,C0129,D0441,2000-01-22T18:58:00Z,2000-01-23T02:25:00Z,BASE2
P0217,C0191,D0442,2000-01-25T01:25:00Z,2000-01-25T13:20:00Z,BASE3
P0218,C0192,"D0443,D0444,D0445",2000-01-25T13:00:00Z,2000-01-27T22:47:00Z,BASE3
P0219,C0193,"D0446,D0447,D0448",2000-01-25T17:00:00Z,2000-01-27T22:25:00Z,BASE3
P0220,C0194,"D0449,D0450,D0451,D0452",2000-01-25T17:15:00Z,2000-01-28T02:37:00Z,BASE3
P0221,C0195,"D0453,D0454,D0455,D0456",2000-01-25T17:10:00Z,2000-01-28T22:47:00Z,BASE3
P0222,C0196,"D0457,D0458,D0459,D0460",2000-01-25T13:10:00Z,2000-01-28T22:43:00Z,BASE3
P0223,C0092,D0461,2000-01-15T02:16:00Z,2000-01-15T13:32:00Z,BASE1
P0224,C0093,D0462,2000-01-15T13:30:00Z,2000-01-15T23:05:00Z,BASE1
P0225,C0094,D0463,2000-01-15T13:28:00Z,2000-01-15T23:03:00Z,BASE1
P0226,C0095,"D0464,D0465",2000-01-15T13:45:00Z,2000-01-16T21:13:00Z,BASE1
P0227,C0096,"D0466,D0467",2000-01-15T15:42:00Z,2000-01-16T22:48:00Z,BASE1
P0228,C0097,"D0468,D0469",2000-01-15T19:45:00Z,2000-01-16T04:28:00Z,BASE1
P0229,C0098,"D0470,D0471",2000-01-15T17:25:00Z,2000-01-16T20:45:00Z,BASE1
P0230,C0099,"D0472,D0473",2000-01-15T11:19:00Z,2000-01-16T19:12:00Z,BASE1
P0231,C0100,D0474,2000-01-15T01:30:00Z,2000-01-16T01:22:00Z,BASE1
P0232,C0101,D0475,2000-01-15T15:47:00Z,2000-01-16T02:32:00Z,BASE1
P0233,C0102,"D0476,D0477,D0478",2000-01-15T01:26:00Z,2000-01-17T22:57:00Z,BASE1
P0234,C0103,"D0479,D0480,D0481",2000-01-15T01:13:00Z,2000-01-17T18:01:00Z,BASE1
P0235,C0104,"D0482,D0483,D0484",2000-01-14T23:24:00Z,2000-01-17T15:36:00Z,BASE1
P0236,C0105,"D0485,D0486,D0487",2000-01-15T19:15:00Z,2000-01-17T22:48:00Z,BASE1
P0237,C0106,"D0488,D0489,D0490",2000-01-15T11:25:00Z,2000-01-17T13:33:00Z,BASE1
P0238,C0107,"D0491,D0492,D0493,D0494",2000-01-15T17:56:00Z,2000-01-18T22:57:00Z,BASE1
P0239,C0108,"D0495,D0496,D0497,D0498",2000-01-15T17:18:00Z,2000-01-18T20:59:00Z,BASE1
P0240,C0109,"D0499,D0500,D0501,D0502",2000-01-15T21:30:00Z,2000-01-18T15:36:00Z,BASE1
P0241,C0110,"D0503,D0504,D0505,D0506",2000-01-15T15:33:00Z,2000-01-18T15:10:00Z,BASE1
P0242,C0111,"D0507,D0508,D0509",2000-01-15T17:24:00Z,2000-01-18T01:28:00Z,BASE1
P0243,C0130,"D0510,D0511,D0512,D0513",2000-01-23T22:24:00Z,2000-01-27T00:13:00Z,BASE2
P0244,C0131,"D0514,D0515,D0516",2000-01-23T00:23:00Z,2000-01-26T00:25:00Z,BASE2
P0245,C0132,"D0517,D0518,D0519",2000-01-23T22:20:00Z,2000-01-26T00:39:00Z,BASE2
P0246,C0133,"D0520,D0521,D0522",2000-01-23T20:22:00Z,2000-01-25T19:02:00Z,BASE2
P0247,C0134,"D0523,D0524",2000-01-23T12:15:00Z,2000-01-24T22:48:00Z,BASE2
P0248,C0135,"D0525,D0526",2000-01-23T13:52:00Z,2000-01-24T20:38:00Z,BASE2
P0249,C0136,"D0527,D0528",2000-01-23T12:18:00Z,2000-01-24T18:40:00Z,BASE2
P0250,C0137,D0529,2000-01-23T18:36:00Z,2000-01-24T02:42:00Z,BASE2
P0251,C0138,D0530,2000-01-23T12:13:00Z,2000-01-23T20:38:00Z,BASE2
P0252,C0139,D0531,2000-01-23T00:07:00Z,2000-01-23T12:37:00Z,BASE2
P0253,C0140,D0532,2000-01-23T12:24:00Z,2000-01-23T20:42:00Z,BASE2
P0254,C0141,D0533,2000-01-23T00:25:00Z,2000-01-23T12:34:00Z,BASE2
P0255,C0142,D0534,2000-01-23T18:58:00Z,2000-01-24T02:25:00Z,BASE2
P0256,C0197,D0535,2000-01-12T01:20:00Z,2000-01-12T13:30:00Z,BASE3
P0257,C0198,D0536,2000-01-12T01:25:00Z,2000-01-12T13:20:00Z,BASE3
P0258,C0199,"D0537,D0538",2000-01-12T13:00:00Z,2000-01-13T01:50:00Z,BASE3
P0259,C0200,D0539,2000-01-12T17:10:00Z,2000-01-13T01:23:00Z,BASE3
P0260,C0201,"D0540,D0541,D0542",2000-01-12T17:00:00Z,2000-01-14T21:58:00Z,BASE3
P0261,C0202,"D0543,D0544,D0545,D0546",2000-01-12T13:10:00Z,2000-01-15T21:47:00Z,BASE3
P0262,C0203,"D0547,D0548,D0549,D0550",2000-01-12T13:00:00Z,2000-01-15T21:58:00Z,BASE3
P0263,C0204,D0551,2000-01-20T01:25:00Z,2000-01-20T13:20:00Z,BASE3
P0264,C0205,"D0552,D0553",2000-01-20T13:10:00Z,2000-01-21T17:40:00Z,BASE3
P0265,C0206,D0554,2000-01-20T17:10:00Z,2000-01-21T01:23:00Z,BASE3
P0266,C0207,"D0555,D0556,D0557",2000-01-20T13:00:00Z,2000-01-22T21:41:00Z,BASE3
P0267,C0208,"D0558,D0559,D0560,D0561",2000-01-20T17:15:00Z,2000-01-23T05:20:00Z,BASE3
P0268,C0209,"D0562,D0563,D0564",2000-01-20T17:25:00Z,2000-01-23T01:35:00Z,BASE3
P0269,C0143,"D0565,D0566,D0567",2000-01-28T11:02:00Z,2000-01-31T01:21:00Z,BASE2
P0270,C0144,"D0568,D0569",2000-01-28T19:37:00Z,2000-01-30T16:28:00Z,BASE2
P0271,C0145,"D0570,D0571,D0572",2000-01-28T21:11:00Z,2000-01-30T03:19:00Z,BASE2
P0272,C0146,"D0573,D0574",2000-01-28T14:48:00Z,2000-01-30T01:23:00Z,BASE2
P0273,C0147,"D0575,D0576",2000-01-28T16:23:00Z,2000-01-29T03:27:00Z,BASE2
P0274,C0148,"D0577,D0578",2000-01-28T13:35:00Z,2000-01-30T00:50:00Z,BASE2
P0275,C0149,"D0579,D0580",2000-01-28T01:23:00Z,2000-01-29T14:53:00Z,BASE2
P0276,C0150,"D0581,D0582",2000-01-28T19:58:00Z,2000-01-29T03:19:00Z,BASE2
P0277,C0151,"D0583,D0584",2000-01-28T11:05:00Z,2000-01-29T21:41:00Z,BASE2
P0278,C0152,D0585,2000-01-28T13:20:00Z,2000-01-28T21:40:00Z,BASE2
P0279,C0153,D0586,2000-01-28T13:13:00Z,2000-01-29T01:10:00Z,BASE2
P0280,C0154,D0587,2000-01-28T01:22:00Z,2000-01-28T13:29:00Z,BASE2
P0281,C0155,D0588,2000-01-28T01:30:00Z,2000-01-28T13:48:00Z,BASE2
P0282,C0156,D0589,2000-01-28T01:14:00Z,2000-01-28T13:27:00Z,BASE2
P0283,C0157,D0590,2000-01-27T23:15:00Z,2000-01-29T01:23:00Z,BASE2
P0284,C0158,D0591,2000-01-28T10:50:00Z,2000-01-28T21:34:00Z,BASE2
P0285,C0210,D0592,2000-01-26T01:25:00Z,2000-01-26T13:20:00Z,BASE3
P0286,C0211,D0593,2000-01-26T17:10:00Z,2000-01-27T01:23:00Z,BASE3
P0287,C0212,"D0594,D0595,D0596",2000-01-26T17:25:00Z,2000-01-28T02:41:00Z,BASE3
P0288,C0213,"D0597,D0598",2000-01-26T13:00:00Z,2000-01-28T02:40:00Z,BASE3
P0289,C0214,"D0599,D0600,D0601,D0602",2000-01-26T13:10:00Z,2000-01-29T22:25:00Z,BASE3
P0290,C0159,D0603,2000-01-13T18:30:00Z,2000-01-13T23:57:00Z,BASE2
P0291,C0160,D0604,2000-01-13T00:07:00Z,2000-01-13T12:37:00Z,BASE2
P0292,C0161,D0605,2000-01-13T00:25:00Z,2000-01-13T12:34:00Z,BASE2
P0293,C0162,"D0606,D0607",2000-01-13T13:52:00Z,2000-01-14T22:48:00Z,BASE2
P0294,C0163,"D0608,D0609",2000-01-13T12:24:00Z,2000-01-15T00:13:00Z,BASE2
P0295,C0164,"D0610,D0611",2000-01-13T15:13:00Z,2000-01-14T20:33:00Z,BASE2
P0296,C0165,"D0612,D0613",2000-01-13T10:02:00Z,2000-01-14T18:40:00Z,BASE2
P0297,C0166,D0614,2000-01-13T12:15:00Z,2000-01-14T00:39:00Z,BASE2
P0298,C0167,D0615,2000-01-13T18:36:00Z,2000-01-14T02:42:00Z,BASE2
P0299,C0168,D0616,2000-01-13T18:58:00Z,2000-01-14T02:25:00Z,BASE2
P0300,C0169,"D0617,D0618,D0619",2000-01-13T22:24:00Z,2000-01-15T22:47:00Z,BASE2
P0301,C0170,"D0620,D0621,D0622",2000-01-13T00:23:00Z,2000-01-16T00:25:00Z,BASE2
P0302,C0215,"D0623,D0624,D0625,D0626",2000-01-03T13:00:00Z,2000-01-07T01:25:00Z,BASE3
P0303,C0216,"D0627,D0628,D0629,D0630",2000-01-03T17:15:00Z,2000-01-06T21:41:00Z,BASE3
P0304,C0217,"D0631,D0632,D0633",2000-01-03T13:13:00Z,2000-01-05T21:47:00Z,BASE3
P0305,C0218,"D0634,D0635",2000-01-03T17:10:00Z,2000-01-05T01:25:00Z,BASE3
P0306,C0219,"D0636,D0637",2000-01-03T13:10:00Z,2000-01-04T17:40:00Z,BASE3
P0307,C0220,D0638,2000-01-03T17:00:00Z,2000-01-04T01:25:00Z,BASE3
P0308,C0221,D0639,2000-01-03T01:20:00Z,2000-01-03T13:30:00Z,BASE3
P0309,C0222,D0640,2000-01-03T01:25:00Z,2000-01-03T13:20:00Z,BASE3
P0310,C0112,D0641,2000-01-23T15:51:00Z,2000-01-23T22:48:00Z,BASE1
P0311,C0113,D0642,2000-01-23T13:38:00Z,2000-01-23T22:53:00Z,BASE1
P0312,C0114,D0643,2000-01-23T13:30:00Z,2000-01-23T23:05:00Z,BASE1
P0313,C0115,D0644,2000-01-23T13:28:00Z,2000-01-23T23:03:00Z,BASE1
P0314,C0116,D0645,2000-01-23T15:42:00Z,2000-01-23T23:24:00Z,BASE1
P0315,C0117,D0646,2000-01-23T13:45:00Z,2000-01-23T22:44:00Z,BASE1
P0316,C0001,"D0647,D0648",2000-01-23T19:45:00Z,2000-01-24T04:28:00Z,BASE1
P0317,C0002,"D0649,D0650",2000-01-23T21:35:00Z,2000-01-24T18:01:00Z,BASE1
P0318,C0003,D0651,2000-01-23T15:47:00Z,2000-01-24T02:32:00Z,BASE1
P0319,C0004,D0652,2000-01-23T17:25:00Z,2000-01-24T00:54:00Z,BASE1
P0320,C0005,D0653,2000-01-23T17:36:00Z,2000-01-24T01:22:00Z,BASE1
P0321,C0006,D0654,2000-01-23T17:18:00Z,2000-01-24T01:15:00Z,BASE1
P0322,C0007,D0655,2000-01-23T17:56:00Z,2000-01-24T00:44:00Z,BASE1
P0323,C0008,"D0656,D0657,D0658",2000-01-23T23:06:00Z,2000-01-25T22:48:00Z,BASE1
P0324,C0009,"D0659,D0660,D0661",2000-01-23T11:25:00Z,2000-01-25T13:33:00Z,BASE1
P0325,C0010,"D0662,D0663,D0664",2000-01-23T11:19:00Z,2000-01-25T20:59:00Z,BASE1
P0326,C0011,"D0665,D0666,D0667",2000-01-23T23:12:00Z,2000-01-25T22:57:00Z,BASE1
P0327,C0012,"D0668,D0669,D0670,D0671",2000-01-23T21:30:00Z,2000-01-26T19:50:00Z,BASE1
P0328,C0013,"D0672,D0673,D0674,D0675",2000-01-23T21:18:00Z,2000-01-26T21:12:00Z,BASE1
P0329,C0014,"D0676,D0677,D0678,D0679",2000-01-23T22:51:00Z,2000-01-26T21:44:00Z,BASE1
P0330,C0015,"D0680,D0681,D0682",2000-01-23T23:05:00Z,2000-01-26T01:22:00Z,BASE1
P0331,C0223,"D0683,D0684,D0685,D0686",2000-01-02T13:10:00Z,2000-01-05T21:58:00Z,BASE3
P0332,C0184,"D0687,D0688",2000-01-02T13:13:00Z,2000-01-03T21:47:00Z,BASE3
P0333,C0185,D0689,2000-01-02T17:00:00Z,2000-01-03T01:25:00Z,BASE3
P0334,C0186,D0690,2000-01-02T17:10:00Z,2000-01-03T01:23:00Z,BASE3
P0335,C0187,D0691,2000-01-02T01:25:00Z,2000-01-02T13:20:00Z,BASE3
P0336,C0171,D0692,2000-01-09T12:24:00Z,2000-01-09T20:42:00Z,BASE2
P0337,C0172,D0693,2000-01-09T00:25:00Z,2000-01-09T12:34:00Z,BASE2
P0338,C0173,D0694,2000-01-09T00:07:00Z,2000-01-09T12:37:00Z,BASE2
P0339,C0174,"D0695,D0696",2000-01-09T22:24:00Z,2000-01-10T20:42:00Z,BASE2
P0340,C0175,"D0697,D0698",2000-01-09T13:52:00Z,2000-01-11T00:25:00Z,BASE2
P0341,C0176,D0699,2000-01-09T18:58:00Z,2000-01-10T02:25:00Z,BASE2
P0342,C0177,D0700,2000-01-09T18:36:00Z,2000-01-10T02:42:00Z,BASE2
P0343,C0178,"D0701,D0702,D0703",2000-01-09T12:35:00Z,2000-01-12T00:13:00Z,BASE2
P0344,C0179,"D0704,D0705,D0706,D0707",2000-01-09T12:15:00Z,2000-01-12T22:48:00Z,BASE2
P0345,C0180,"D0708,D0709,D0710,D0711",2000-01-09T12:13:00Z,2000-01-12T22:47:00Z,BASE2
P0346,C0181,"D0712,D0713,D0714,D0715",2000-01-09T20:22:00Z,2000-01-12T22:47:00Z,BASE2
P0347,C0188,"D0716,D0717,D0718",2000-01-10T17:00:00Z,2000-01-14T01:35:00Z,BASE3
P0348,C0189,"D0719,D0720,D0721,D0722",2000-01-10T13:00:00Z,2000-01-13T21:41:00Z,BASE3
P0349,C0190,"D0723,D0724,D0725",2000-01-10T17:15:00Z,2000-01-12T21:41:00Z,BASE3
P0350,C0191,"D0726,D0727",2000-01-10T17:10:00Z,2000-01-12T01:25:00Z,BASE3
P0351,C0192,"D0728,D0729",2000-01-10T13:10:00Z,2000-01-11T17:40:00Z,BASE3
P0352,C0193,D0730,2000-01-10T01:25:00Z,2000-01-10T13:20:00Z,BASE3
P0353,C0016,D0731,2000-01-12T13:38:00Z,2000-01-12T22:53:00Z,BASE1
P0354,C0017,D0732,2000-01-12T13:28:00Z,2000-01-12T23:03:00Z,BASE1
P0355,C0018,D0733,2000-01-12T11:19:00Z,2000-01-12T19:12:00Z,BASE1
P0356,C0019,"D0734,D0735",2000-01-12T12:15:00Z,2000-01-13T20:45:00Z,BASE1
P0357,C0020,"D0736,D0737",2000-01-12T18:53:00Z,2000-01-13T04:28:00Z,BASE1
P0358,C0021,"D0738,D0739",2000-01-12T01:26:00Z,2000-01-13T15:50:00Z,BASE1
P0359,C0022,"D0740,D0741",2000-01-12T11:25:00Z,2000-01-13T20:59:00Z,BASE1
P0360,C0023,D0742,2000-01-11T23:24:00Z,2000-01-13T01:42:00Z,BASE1
P0361,C0024,D0743,2000-01-12T17:18:00Z,2000-01-13T01:15:00Z,BASE1
P0362,C0025,D0744,2000-01-12T15:47:00Z,2000-01-13T02:32:00Z,BASE1
P0363,C0026,D0745,2000-01-12T01:30:00Z,2000-01-13T01:22:00Z,BASE1
P0364,C0027,"D0746,D0747",2000-01-12T17:25:00Z,2000-01-14T01:22:00Z,BASE1
P0365,C0028,"D0748,D0749",2000-01-12T01:16:00Z,2000-01-14T01:42:00Z,BASE1
P0366,C0029,"D0750,D0751",2000-01-12T11:34:00Z,2000-01-14T00:49:00Z,BASE1
P0367,C0030,"D0752,D0753,D0754,D0755",2000-01-12T17:56:00Z,2000-01-15T22:57:00Z,BASE1
P0368,C0031,"D0756,D0757,D0758,D0759",2000-01-12T21:10:00Z,2000-01-15T15:50:00Z,BASE1
P0369,C0032,"D0760,D0761,D0762,D0763",2000-01-12T15:42:00Z,2000-01-15T15:10:00Z,BASE1
P0370,C0033,"D0764,D0765,D0766,D0767",2000-01-12T19:15:00Z,2000-01-15T15:36:00Z,BASE1
P0371,C0034,"D0768,D0769,D0770",2000-01-12T17:24:00Z,2000-01-15T01:28:00Z,BASE1
P0372,C0035,"D0771,D0772,D0773,D0774",2000-01-12T21:30:00Z,2000-01-16T01:42:00Z,BASE1
P0373,C0194,D0775,2000-01-22T01:25:00Z,2000-01-22T13:20:00Z,BASE3
P0374,C0195,"D0776,D0777,D0778",2000-01-22T17:15:00Z,2000-01-24T21:58:00Z,BASE3
P0375,C0196,"D0779,D0780",2000-01-22T17:10:00Z,2000-01-24T01:25:00Z,BASE3
P0376,C0197,"D0781,D0782,D0783,D0784",2000-01-22T13:00:00Z,2000-01-25T21:47:00Z,BASE3
P0377,C0198,"D0785,D0786,D0787,D0788",2000-01-22T13:10:00Z,2000-01-25T21:58:00Z,BASE3
P0378,C0199,"D0789,D0790,D0791,D0792",2000-01-22T17:25:00Z,2000-01-25T21:41:00Z,BASE3
P0379,C0182,"D0793,D0794,D0795",2000-01-21T14:00:00Z,2000-01-24T00:39:00Z,BASE2
P0380,C0183,"D0796,D0797,D0798",2000-01-21T22:24:00Z,2000-01-23T22:47:00Z,BASE2
P0381,C0118,"D0799,D0800,D0801",2000-01-21T00:23:00Z,2000-01-24T00:25:00Z,BASE2
P0382,C0119,"D0802,D0803,D0804",2000-01-21T20:22:00Z,2000-01-23T19:02:00Z,BASE2
P0383,C0120,"D0805,D0806",2000-01-21T13:52:00Z,2000-01-23T00:25:00Z,BASE2
P0384,C0121,"D0807,D0808",2000-01-21T12:13:00Z,2000-01-22T20:38:00Z,BASE2
P0385,C0122,D0809,2000-01-21T12:15:00Z,2000-01-22T00:39:00Z,BASE2
P0386,C0123,D0810,2000-01-21T18:58:00Z,2000-01-22T02:25:00Z,BASE2
P0387,C0124,D0811,2000-01-21T18:36:00Z,2000-01-22T02:42:00Z,BASE2
P0388,C0125,D0812,2000-01-21T00:25:00Z,2000-01-21T12:34:00Z,BASE2
P0389,C0126,D0813,2000-01-21T12:24:00Z,2000-01-21T20:42:00Z,BASE2
P0390,C0127,D0814,2000-01-21T00:07:00Z,2000-01-21T12:37:00Z,BASE2
P0391,C0128,D0815,2000-01-21T12:35:00Z,2000-01-21T18:26:00Z,BASE2
P0392,C0129,D0816,2000-01-19T10:06:00Z,2000-01-19T19:02:00Z,BASE2
P0393,C0130,D0817,2000-01-19T00:07:00Z,2000-01-19T12:37:00Z,BASE2
P0394,C0131,D0818,2000-01-19T00:25:00Z,2000-01-19T12:34:00Z,BASE2
P0395,C0132,"D0819,D0820",2000-01-19T12:15:00Z,2000-01-20T18:40:00Z,BASE2
P0396,C0133,"D0821,D0822",2000-01-19T12:13:00Z,2000-01-21T00:13:00Z,BASE2
P0397,C0134,"D0823,D0824",2000-01-19T12:35:00Z,2000-01-20T23:57:00Z,BASE2
P0398,C0135,"D0825,D0826,D0827",2000-01-19T22:24:00Z,2000-01-22T00:13:00Z,BASE2
P0399,C0136,"D0828,D0829",2000-01-19T20:38:00Z,2000-01-21T02:42:00Z,BASE2
P0400,C0137,"D0830,D0831",2000-01-19T15:27:00Z,2000-01-21T00:39:00Z,BASE2
P0401,C0200,D0832,2000-01-14T01:25:00Z,2000-01-14T13:20:00Z,BASE3
P0402,C0201,D0833,2000-01-14T10:15:00Z,2000-01-14T21:47:00Z,BASE3
P0403,C0202,D0834,2000-01-14T17:10:00Z,2000-01-15T01:23:00Z,BASE3
P0404,C0203,"D0835,D0836",2000-01-14T13:00:00Z,2000-01-16T01:35:00Z,BASE3
P0405,C0204,"D0837,D0838,D0839,D0840",2000-01-14T17:25:00Z,2000-01-17T21:41:00Z,BASE3
P0406,C0205,"D0841,D0842,D0843,D0844",2000-01-14T13:13:00Z,2000-01-17T21:58:00Z,BASE3
P0407,C0206,"D0845,D0846,D0847",2000-01-14T01:50:00Z,2000-01-17T01:35:00Z,BASE3
P0408,C0207,"D0848,D0849,D0850,D0851",2000-01-14T17:15:00Z,2000-01-18T01:35:00Z,BASE3
P0409,C0138,D0852,2000-01-01T15:42:00Z,2000-01-02T00:13:00Z,BASE2
P0410,C0139,D0853,2000-01-01T18:30:00Z,2000-01-01T23:57:00Z,BASE2
P0411,C0140,"D0854,D0855",2000-01-01T12:24:00Z,2000-01-03T00:13:00Z,BASE2
P0412,C0141,"D0856,D0857",2000-01-01T16:58:00Z,2000-01-02T22:47:00Z,BASE2
P0413,C0142,"D0858,D0859",2000-01-01T13:52:00Z,2000-01-03T00:25:00Z,BASE2
P0414,C0143,"D0860,D0861",2000-01-01T16:53:00Z,2000-01-02T22:48:00Z,BASE2
P0415,C0144,"D0862,D0863",2000-01-01T15:19:00Z,2000-01-02T18:40:00Z,BASE2
P0416,C0145,"D0864,D0865",2000-01-01T12:35:00Z,2000-01-02T23:57:00Z,BASE2
P0417,C0146,D0866,2000-01-01T12:13:00Z,2000-01-02T00:42:00Z,BASE2
P0418,C0147,D0867,2000-01-01T18:58:00Z,2000-01-02T02:25:00Z,BASE2
P0419,C0148,D0868,2000-01-01T12:15:00Z,2000-01-02T00:39:00Z,BASE2
P0420,C0149,D0869,2000-01-01T15:12:00Z,2000-01-02T02:42:00Z,BASE2
P0421,C0150,"D0870,D0871,D0872",2000-01-01T22:24:00Z,2000-01-03T22:48:00Z,BASE2
P0422,C0151,"D0873,D0874,D0875",2000-01-01T15:13:00Z,2000-01-04T00:13:00Z,BASE2
P0423,C0152,"D0876,D0877",2000-01-01T15:23:00Z,2000-01-03T00:39:00Z,BASE2
P0424,C0153,"D0878,D0879,D0880,D0881",2000-01-01T14:00:00Z,2000-01-04T20:33:00Z,BASE2
P0425,C0036,"D0882,D0883,D0884,D0885",2000-01-27T16:56:00Z,2000-01-30T23:47:00Z,BASE1
P0426,C0037,"D0886,D0887,D0888,D0889",2000-01-27T22:05:00Z,2000-01-30T22:12:00Z,BASE1
P0427,C0038,"D0890,D0891,D0892,D0893",2000-01-27T20:30:00Z,2000-01-30T22:12:00Z,BASE1
P0428,C0039,D0894,2000-01-27T14:29:00Z,2000-01-28T00:05:00Z,BASE1
P0429,C0040,"D0895,D0896,D0897,D0898",2000-01-27T12:23:00Z,2000-01-30T18:21:00Z,BASE1
P0430,C0041,"D0899,D0900,D0901,D0902",2000-01-27T20:23:00Z,2000-01-30T14:44:00Z,BASE1
P0431,C0042,D0903,2000-01-27T14:30:00Z,2000-01-27T23:57:00Z,BASE1
P0432,C0043,D0904,2000-01-27T12:40:00Z,2000-01-27T20:00:00Z,BASE1
P0433,C0044,D0905,2000-01-27T14:35:00Z,2000-01-28T00:05:00Z,BASE1
P0434,C0045,"D0906,D0907",2000-01-26T23:28:00Z,2000-01-28T04:01:00Z,BASE1
P0435,C0046,"D0908,D0909",2000-01-27T20:45:00Z,2000-01-28T05:29:00Z,BASE1
P0436,C0047,"D0910,D0911",2000-01-27T01:13:00Z,2000-01-28T20:17:00Z,BASE1
P0437,C0048,"D0912,D0913",2000-01-27T16:33:00Z,2000-01-28T22:12:00Z,BASE1
P0438,C0049,D0914,2000-01-27T01:30:00Z,2000-01-28T02:32:00Z,BASE1
P0439,C0050,D0915,2000-01-27T16:47:00Z,2000-01-28T03:38:00Z,BASE1
P0440,C0051,"D0916,D0917,D0918",2000-01-27T16:46:00Z,2000-01-29T04:01:00Z,BASE1
P0441,C0052,"D0919,D0920,D0921",2000-01-27T01:27:00Z,2000-01-29T16:36:00Z,BASE1
P0442,C0053,"D0922,D0923,D0924",2000-01-27T22:30:00Z,2000-01-30T00:26:00Z,BASE1
P0443,C0054,"D0925,D0926",2000-01-27T16:01:00Z,2000-01-29T02:19:00Z,BASE1
P0444,C0055,"D0927,D0928,D0929",2000-01-27T20:35:00Z,2000-01-30T00:35:00Z,BASE1
P0445,C0056,"D0930,D0931,D0932,D0933",2000-01-27T14:34:00Z,2000-01-30T23:38:00Z,BASE1
P0446,C0057,"D0934,D0935,D0936,D0937",2000-01-27T18:32:00Z,2000-01-30T16:36:00Z,BASE1
P0447,C0058,D0938,2000-01-31T12:23:00Z,2000-01-31T22:12:00Z,BASE1
P0448,C0059,D0939,2000-01-31T03:16:00Z,2000-01-31T14:33:00Z,BASE1
P0449,C0060,D0940,2000-01-31T18:18:00Z,2000-02-01T02:19:00Z,BASE1
P0450,C0061,D0941,2000-01-31T18:36:00Z,2000-02-01T02:32:00Z,BASE1
P0451,C0062,D0942,2000-01-31T14:35:00Z,2000-02-01T00:05:00Z,BASE1
P0452,C0063,D0943,2000-01-31T14:29:00Z,2000-02-01T00:05:00Z,BASE1
P0453,C0064,D0944,2000-01-31T14:30:00Z,2000-01-31T23:57:00Z,BASE1
P0454,C0065,D0945,2000-01-31T16:47:00Z,2000-02-01T03:38:00Z,BASE1
P0455,C0066,D0946,2000-01-31T02:27:00Z,2000-01-31T23:47:00Z,BASE1
P0456,C0154,D0947,2000-01-14T12:35:00Z,2000-01-14T18:26:00Z,BASE2
P0457,C0155,D0948,2000-01-14T12:24:00Z,2000-01-14T20:42:00Z,BASE2
P0458,C0156,D0949,2000-01-14T00:07:00Z,2000-01-14T12:37:00Z,BASE2
P0459,C0157,D0950,2000-01-14T00:25:00Z,2000-01-14T12:34:00Z,BASE2
P0460,C0158,"D0951,D0952",2000-01-14T12:13:00Z,2000-01-15T22:48:00Z,BASE2
P0461,C0159,"D0953,D0954",2000-01-14T12:18:00Z,2000-01-15T18:40:00Z,BASE2
P0462,C0160,D0955,2000-01-14T18:58:00Z,2000-01-15T02:25:00Z,BASE2
P0463,C0161,D0956,2000-01-14T12:15:00Z,2000-01-15T00:39:00Z,BASE2
P0464,C0162,D0957,2000-01-14T18:36:00Z,2000-01-15T02:42:00Z,BASE2
P0465,C0163,"D0958,D0959,D0960",2000-01-14T22:24:00Z,2000-01-16T22:47:00Z,BASE2
P0466,C0164,"D0961,D0962,D0963",2000-01-14T00:23:00Z,2000-01-17T00:25:00Z,BASE2
P0467,C0165,"D0964,D0965",2000-01-14T22:20:00Z,2000-01-16T00:42:00Z,BASE2
P0468,C0166,"D0966,D0967,D0968,D0969",2000-01-14T13:52:00Z,2000-01-17T18:40:00Z,BASE2
P0469,C0167,"D0970,D0971,D0972,D0973",2000-01-14T20:22:00Z,2000-01-18T00:25:00Z,BASE2
P0470,C0208,"D0974,D0975,D0976,D0977",2000-01-09T17:15:00Z,2000-01-12T21:47:00Z,BASE3
P0471,C0209,"D0978,D0979,D0980,D0981",2000-01-09T17:10:00Z,2000-01-12T21:58:00Z,BASE3
P0472,C0210,"D0982,D0983,D0984",2000-01-09T13:00:00Z,2000-01-11T21:58:00Z,BASE3
P0473,C0211,"D0985,D0986",2000-01-09T13:13:00Z,2000-01-10T21:41:00Z,BASE3
P0474,C0212,"D0987,D0988",2000-01-09T13:10:00Z,2000-01-10T17:40:00Z,BASE3
P0475,C0213,D0989,2000-01-09T17:00:00Z,2000-01-10T01:25:00Z,BASE3
P0476,C0214,D0990,2000-01-09T01:25:00Z,2000-01-09T13:20:00Z,BASE3
P0477,C0215,D0991,2000-01-09T01:20:00Z,2000-01-09T13:30:00Z,BASE3
P0478,C0067,D0992,2000-01-13T11:19:00Z,2000-01-13T19:12:00Z,BASE1
P0479,C0068,D0993,2000-01-13T13:28:00Z,2000-01-13T23:03:00Z,BASE1
P0480,C0069,D0994,2000-01-13T02:33:00Z,2000-01-13T13:13:00Z,BASE1
P0481,C0070,D0995,2000-01-13T13:30:00Z,2000-01-13T23:05:00Z,BASE1
P0482,C0071,"D0996,D0997",2000-01-13T13:45:00Z,2000-01-14T22:44:00Z,BASE1
P0483,C0072,"D0998,D0999",2000-01-13T13:44:00Z,2000-01-14T22:48:00Z,BASE1
P0484,C0073,"D1000,D1001",2000-01-13T14:49:00Z,2000-01-14T20:45:00Z,BASE1
P0485,C0074,"D1002,D1003",2000-01-13T17:56:00Z,2000-01-14T23:25:00Z,BASE1
P0486,C0075,"D1004,D1005",2000-01-13T19:45:00Z,2000-01-14T04:28:00Z,BASE1
P0487,C0076,"D1006,D1007",2000-01-13T17:24:00Z,2000-01-14T22:43:00Z,BASE1
P0488,C0077,D1008,2000-01-13T15:47:00Z,2000-01-14T02:32:00Z,BASE1
P0489,C0078,"D1009,D1010,D1011",2000-01-13T13:38:00Z,2000-01-15T21:13:00Z,BASE1
P0490,C0079,"D1012,D1013,D1014",2000-01-13T21:30:00Z,2000-01-15T18:01:00Z,BASE1
P0491,C0080,"D1015,D1016,D1017",2000-01-13T15:42:00Z,2000-01-15T23:18:00Z,BASE1
P0492,C0081,"D1018,D1019,D1020",2000-01-13T19:15:00Z,2000-01-15T20:45:00Z,BASE1
P0493,C0082,"D1021,D1022",2000-01-13T17:25:00Z,2000-01-15T01:22:00Z,BASE1
P0494,C0083,"D1023,D1024,D1025,D1026",2000-01-13T15:51:00Z,2000-01-16T18:01:00Z,BASE1
P0495,C0084,"D1027,D1028,D1029,D1030",2000-01-13T13:41:00Z,2000-01-16T21:12:00Z,BASE1
P0496,C0085,"D1031,D1032,D1033,D1034",2000-01-26T12:15:00Z,2000-01-30T02:02:00Z,BASE1
P0497,C0086,"D1035,D1036,D1037",2000-01-26T22:53:00Z,2000-01-28T22:12:00Z,BASE1
P0498,C0087,D1038,2000-01-26T15:33:00Z,2000-01-26T23:17:00Z,BASE1
P0499,C0088,D1039,2000-01-26T11:19:00Z,2000-01-26T19:12:00Z,BASE1
P0500,C0089,D1040,2000-01-26T15:42:00Z,2000-01-26T23:24:00Z,BASE1
P0501,C0090,D1041,2000-01-26T13:28:00Z,2000-01-26T23:03:00Z,BASE1
P0502,C0091,"D1042,D1043",2000-01-26T23:05:00Z,2000-01-27T23:47:00Z,BASE1
P0503,C0092,D1044,2000-01-26T15:47:00Z,2000-01-27T02:32:00Z,BASE1
P0504,C0093,D1045,2000-01-26T17:56:00Z,2000-01-27T00:44:00Z,BASE1
P0505,C0094,"D1046,D1047,D1048",2000-01-26T21:18:00Z,2000-01-28T23:47:00Z,BASE1
P0506,C0095,"D1049,D1050",2000-01-26T21:37:00Z,2000-01-28T00:29:00Z,BASE1
P0507,C0096,"D1051,D1052,D1053",2000-01-26T19:15:00Z,2000-01-28T16:25:00Z,BASE1
P0508,C0097,"D1054,D1055,D1056",2000-01-26T17:46:00Z,2000-01-28T22:12:00Z,BASE1
P0509,C0098,"D1057,D1058,D1059,D1060",2000-01-26T11:34:00Z,2000-01-29T20:17:00Z,BASE1
P0510,C0099,"D1061,D1062,D1063,D1064",2000-01-26T21:30:00Z,2000-01-29T16:25:00Z,BASE1
P0511,C0100,"D1065,D1066,D1067,D1068",2000-01-26T23:12:00Z,2000-01-29T23:38:00Z,BASE1
P0512,C0101,"D1069,D1070,D1071,D1072",2000-01-26T21:29:00Z,2000-01-29T22:12:00Z,BASE1
P0513,C0216,"D1073,D1074,D1075",2000-01-28T14:15:00Z,2000-01-30T20:31:00Z,BASE3
P0514,C0217,"D1076,D1077,D1078,D1079",2000-01-28T14:13:00Z,2000-02-01T02:40:00Z,BASE3
P0515,C0218,"D1080,D1081,D1082",2000-01-28T02:20:00Z,2000-01-30T23:54:00Z,BASE3
P0516,C0219,"D1083,D1084,D1085,D1086",2000-01-28T18:10:00Z,2000-01-31T22:47:00Z,BASE3
P0517,C0220,"D1087,D1088,D1089",2000-01-28T11:15:00Z,2000-01-30T02:41:00Z,BASE3
P0518,C0221,D1090,2000-01-28T02:25:00Z,2000-01-28T14:20:00Z,BASE3
P0519,C0222,D1091,2000-01-28T02:25:00Z,2000-01-28T14:18:00Z,BASE3
P0520,C0223,"D1092,D1093",2000-01-28T14:00:00Z,2000-01-29T02:37:00Z,BASE3
P0521,C0184,"D1094,D1095",2000-01-28T02:50:00Z,2000-01-29T14:08:00Z,BASE3
P0522,C0185,D1096,2000-01-28T18:10:00Z,2000-01-29T02:33:00Z,BASE3
P0523,C0186,D1097,2000-01-28T18:03:00Z,2000-01-29T02:40:00Z,BASE3
P0524,C0102,"D1098,D1099",2000-01-30T12:22:00Z,2000-01-31T18:21:00Z,BASE1
P0525,C0103,"D1100,D1101",2000-01-30T12:34:00Z,2000-02-01T00:26:00Z,BASE1
P0526,C0104,"D1102,D1103",2000-01-30T02:27:00Z,2000-02-01T02:30:00Z,BASE1
P0527,C0105,"D1104,D1105",2000-01-30T16:33:00Z,2000-02-01T00:09:00Z,BASE1
P0528,C0106,D1106,2000-01-30T12:23:00Z,2000-01-30T20:17:00Z,BASE1
P0529,C0107,"D1107,D1108",2000-01-30T18:46:00Z,2000-02-01T02:30:00Z,BASE1
P0530,C0108,"D1109,D1110",2000-01-30T18:56:00Z,2000-01-31T20:46:00Z,BASE1
P0531,C0109,D1111,2000-01-30T18:18:00Z,2000-01-31T02:19:00Z,BASE1
P0532,C0110,"D1112,D1113",2000-01-30T00:10:00Z,2000-02-01T00:35:00Z,BASE1
P0533,C0111,"D1114,D1115",2000-01-30T20:45:00Z,2000-01-31T05:29:00Z,BASE1
P0534,C0112,D1116,2000-01-30T18:36:00Z,2000-01-31T02:32:00Z,BASE1
P0535,C0113,D1117,2000-01-30T03:16:00Z,2000-01-30T14:33:00Z,BASE1
P0536,C0114,"D1118,D1119",2000-01-30T22:30:00Z,2000-01-31T18:46:00Z,BASE1
P0537,C0115,D1120,2000-01-30T14:30:00Z,2000-01-30T23:57:00Z,BASE1
P0538,C0116,D1121,2000-01-30T16:47:00Z,2000-01-31T03:38:00Z,BASE1
P0539,C0117,D1122,2000-01-30T14:35:00Z,2000-01-31T00:05:00Z,BASE1
P0540,C0001,D1123,2000-01-30T14:29:00Z,2000-01-31T00:05:00Z,BASE1
P0541,C0002,"D1124,D1125",2000-01-30T00:24:00Z,2000-01-31T20:17:00Z,BASE1
P0542,C0003,"D1126,D1127",2000-01-29T23:51:00Z,2000-02-01T01:52:00Z,BASE1
P0543,C0004,"D1128,D1129",2000-01-29T23:59:00Z,2000-01-31T23:38:00Z,BASE1
P0544,C0005,"D1130,D1131",2000-01-30T16:46:00Z,2000-01-31T16:55:00Z,BASE1
P0545,C0006,"D1132,D1133",2000-01-30T16:01:00Z,2000-01-31T22:12:00Z,BASE1
P0546,C0007,"D1134,D1135",2000-01-30T18:32:00Z,2000-02-01T00:27:00Z,BASE1
P0547,C0187,"D1136,D1137,D1138",2000-01-29T02:20:00Z,2000-02-01T02:33:00Z,BASE3
P0548,C0188,"D1139,D1140,D1141",2000-01-29T18:10:00Z,2000-01-31T16:25:00Z,BASE3
P0549,C0189,"D1142,D1143,D1144",2000-01-29T14:15:00Z,2000-01-31T02:41:00Z,BASE3
P0550,C0190,"D1145,D1146",2000-01-29T14:13:00Z,2000-01-30T22:47:00Z,BASE3
P0551,C0191,"D1147,D1148",2000-01-29T14:00:00Z,2000-01-30T22:25:00Z,BASE3
P0552,C0192,D1149,2000-01-29T18:10:00Z,2000-01-30T02:33:00Z,BASE3
P0553,C0193,D1150,2000-01-29T02:25:00Z,2000-01-29T14:18:00Z,BASE3
P0554,C0194,D1151,2000-01-29T02:25:00Z,2000-01-29T14:20:00Z,BASE3
P0555,C0008,"D1152,D1153,D1154",2000-01-29T22:30:00Z,2000-01-31T22:12:00Z,BASE1
P0556,C0009,"D1155,D1156,D1157",2000-01-29T22:29:00Z,2000-01-31T22:36:00Z,BASE1
P0557,C0010,"D1158,D1159,D1160",2000-01-29T18:32:00Z,2000-02-01T02:02:00Z,BASE1
P0558,C0011,"D1161,D1162,D1163",2000-01-29T00:10:00Z,2000-01-31T20:45:00Z,BASE1
P0559,C0012,D1164,2000-01-29T16:47:00Z,2000-01-30T03:38:00Z,BASE1
P0560,C0013,D1165,2000-01-29T18:36:00Z,2000-01-30T02:32:00Z,BASE1
P0561,C0014,D1166,2000-01-29T18:18:00Z,2000-01-30T02:19:00Z,BASE1
P0562,C0015,"D1167,D1168",2000-01-29T20:45:00Z,2000-01-30T05:29:00Z,BASE1
P0563,C0016,D1169,2000-01-29T14:29:00Z,2000-01-30T00:05:00Z,BASE1
P0564,C0017,D1170,2000-01-29T14:35:00Z,2000-01-30T00:05:00Z,BASE1
P0565,C0018,D1171,2000-01-29T03:16:00Z,2000-01-29T14:33:00Z,BASE1
P0566,C0019,D1172,2000-01-29T16:46:00Z,2000-01-30T00:13:00Z,BASE1
P0567,C0020,D1173,2000-01-29T16:01:00Z,2000-01-30T00:09:00Z,BASE1
P0568,C0021,D1174,2000-01-29T14:30:00Z,2000-01-29T23:57:00Z,BASE1
P0569,C0022,D1175,2000-01-29T16:51:00Z,2000-01-29T23:47:00Z,BASE1
P0570,C0023,"D1176,D1177,D1178",2000-01-29T12:22:00Z,2000-01-31T20:56:00Z,BASE1
P0571,C0024,"D1179,D1180,D1181",2000-01-29T12:23:00Z,2000-01-31T19:27:00Z,BASE1
P0572,C0025,"D1182,D1183,D1184",2000-01-29T12:34:00Z,2000-01-31T20:52:00Z,BASE1
P0573,C0168,D1185,2000-01-12T12:35:00Z,2000-01-12T18:26:00Z,BASE2
P0574,C0169,D1186,2000-01-12T00:25:00Z,2000-01-12T12:34:00Z,BASE2
P0575,C0170,D1187,2000-01-12T12:24:00Z,2000-01-12T20:42:00Z,BASE2
P0576,C0171,D1188,2000-01-12T00:07:00Z,2000-01-12T12:37:00Z,BASE2
P0577,C0172,D1189,2000-01-12T12:13:00Z,2000-01-12T20:38:00Z,BASE2
P0578,C0173,D1190,2000-01-12T18:30:00Z,2000-01-12T23:57:00Z,BASE2
P0579,C0174,"D1191,D1192",2000-01-12T12:15:00Z,2000-01-13T18:40:00Z,BASE2
P0580,C0175,"D1193,D1194,D1195",2000-01-12T13:52:00Z,2000-01-14T23:57:00Z,BASE2
P0581,C0176,"D1196,D1197,D1198",2000-01-12T22:24:00Z,2000-01-14T22:47:00Z,BASE2
P0582,C0177,"D1199,D1200",2000-01-12T15:27:00Z,2000-01-13T22:09:00Z,BASE2
P0583,C0026,D1201,2000-01-22T13:28:00Z,2000-01-22T23:03:00Z,BASE1
P0584,C0027,D1202,2000-01-22T02:16:00Z,2000-01-22T13:32:00Z,BASE1
P0585,C0028,D1203,2000-01-22T11:19:00Z,2000-01-22T19:12:00Z,BASE1
P0586,C0029,D1204,2000-01-22T13:30:00Z,2000-01-22T23:05:00Z,BASE1
P0587,C0030,"D1205,D1206",2000-01-22T17:56:00Z,2000-01-23T23:25:00Z,BASE1
P0588,C0031,"D1207,D1208",2000-01-22T17:18:00Z,2000-01-23T22:43:00Z,BASE1
P0589,C0032,"D1209,D1210",2000-01-22T15:42:00Z,2000-01-23T21:13:00Z,BASE1
P0590,C0033,"D1211,D1212",2000-01-22T19:45:00Z,2000-01-23T04:28:00Z,BASE1
P0591,C0034,"D1213,D1214",2000-01-22T13:38:00Z,2000-01-23T21:12:00Z,BASE1
P0592,C0035,D1215,2000-01-22T15:47:00Z,2000-01-23T02:32:00Z,BASE1
P0593,C0036,"D1216,D1217,D1218",2000-01-22T11:25:00Z,2000-01-24T13:33:00Z,BASE1
P0594,C0037,"D1219,D1220,D1221",2000-01-22T17:25:00Z,2000-01-24T20:45:00Z,BASE1
P0595,C0038,"D1222,D1223,D1224",2000-01-22T21:30:00Z,2000-01-24T22:53:00Z,BASE1
P0596,C0039,"D1225,D1226,D1227",2000-01-22T15:33:00Z,2000-01-24T15:36:00Z,BASE1
P0597,C0040,"D1228,D1229,D1230,D1231",2000-01-22T15:51:00Z,2000-01-25T18:01:00Z,BASE1
P0598,C0041,"D1232,D1233,D1234,D1235",2000-01-22T17:36:00Z,2000-01-25T15:36:00Z,BASE1
P0599,C0042,D1236,2000-01-11T13:28:00Z,2000-01-11T23:03:00Z,BASE1
P0600,C0043,D1237,2000-01-11T13:45:00Z,2000-01-11T22:44:00Z,BASE1
P0601,C0044,D1238,2000-01-11T13:30:00Z,2000-01-11T23:05:00Z,BASE1
P0602,C0045,D1239,2000-01-11T15:42:00Z,2000-01-11T23:24:00Z,BASE1
P0603,C0046,D1240,2000-01-11T13:38:00Z,2000-01-11T22:53:00Z,BASE1
P0604,C0047,"D1241,D1242",2000-01-11T21:30:00Z,2000-01-12T17:48:00Z,BASE1
P0605,C0048,"D1243,D1244",2000-01-11T11:25:00Z,2000-01-12T20:59:00Z,BASE1
P0606,C0049,"D1245,D1246",2000-01-11T19:45:00Z,2000-01-12T04:28:00Z,BASE1
P0607,C0050,"D1247,D1248",2000-01-11T11:19:00Z,2000-01-12T15:50:00Z,BASE1
P0608,C0051,D1249,2000-01-11T17:24:00Z,2000-01-12T01:02:00Z,BASE1
P0609,C0052,D1250,2000-01-11T17:18:00Z,2000-01-12T01:15:00Z,BASE1
P0610,C0053,D1251,2000-01-11T15:47:00Z,2000-01-12T02:32:00Z,BASE1
P0611,C0054,D1252,2000-01-11T17:56:00Z,2000-01-12T00:44:00Z,BASE1
P0612,C0055,D1253,2000-01-11T17:25:00Z,2000-01-12T00:54:00Z,BASE1
P0613,C0056,"D1254,D1255,D1256",2000-01-10T23:24:00Z,2000-01-13T15:36:00Z,BASE1
P0614,C0057,"D1257,D1258,D1259",2000-01-11T22:51:00Z,2000-01-13T23:17:00Z,BASE1
P0615,C0058,"D1260,D1261,D1262",2000-01-11T23:12:00Z,2000-01-13T22:57:00Z,BASE1
P0616,C0059,"D1263,D1264,D1265,D1266",2000-01-11T19:15:00Z,2000-01-14T15:36:00Z,BASE1
P0617,C0060,"D1267,D1268,D1269,D1270",2000-01-11T21:18:00Z,2000-01-14T22:57:00Z,BASE1
P0618,C0061,"D1271,D1272,D1273,D1274",2000-01-11T22:53:00Z,2000-01-14T23:18:00Z,BASE1
P0619,C0062,"D1275,D1276,D1277,D1278",2000-01-11T23:05:00Z,2000-01-14T15:50:00Z,BASE1
P0620,C0063,"D1279,D1280,D1281",2000-01-11T18:53:00Z,2000-01-14T01:15:00Z,BASE1
P0621,C0064,"D1282,D1283,D1284,D1285",2000-01-11T23:06:00Z,2000-01-15T00:54:00Z,BASE1
P0622,C0065,D1286,2000-01-24T02:16:00Z,2000-01-24T13:32:00Z,BASE1
P0623,C0066,D1287,2000-01-24T13:28:00Z,2000-01-24T23:03:00Z,BASE1
P0624,C0067,D1288,2000-01-24T11:19:00Z,2000-01-24T19:12:00Z,BASE1
P0625,C0068,D1289,2000-01-24T13:30:00Z,2000-01-24T23:05:00Z,BASE1
P0626,C0069,"D1290,D1291",2000-01-24T14:49:00Z,2000-01-25T20:45:00Z,BASE1
P0627,C0070,"D1292,D1293",2000-01-24T19:45:00Z,2000-01-25T04:28:00Z,BASE1
P0628,C0071,"D1294,D1295",2000-01-24T13:45:00Z,2000-01-25T22:44:00Z,BASE1
P0629,C0072,"D1296,D1297",2000-01-24T15:42:00Z,2000-01-25T21:23:00Z,BASE1
P0630,C0073,D1298,2000-01-24T15:47:00Z,2000-01-25T02:32:00Z,BASE1
P0631,C0074,D1299,2000-01-24T01:30:00Z,2000-01-25T01:22:00Z,BASE1
P0632,C0075,"D1300,D1301,D1302",2000-01-23T23:24:00Z,2000-01-26T22:57:00Z,BASE1
P0633,C0076,"D1303,D1304,D1305",2000-01-24T17:21:00Z,2000-01-26T19:18:00Z,BASE1
P0634,C0077,"D1306,D1307,D1308",2000-01-24T11:25:00Z,2000-01-26T13:33:00Z,BASE1
P0635,C0078,"D1309,D1310,D1311,D1312",2000-01-24T21:30:00Z,2000-01-27T21:57:00Z,BASE1
P0636,C0079,"D1313,D1314,D1315",2000-01-24T01:26:00Z,2000-01-27T22:12:00Z,BASE1
P0637,C0080,"D1316,D1317,D1318",2000-01-24T17:24:00Z,2000-01-27T01:02:00Z,BASE1
P0638,C0081,"D1319,D1320,D1321",2000-01-24T17:56:00Z,2000-01-27T00:54:00Z,BASE1
P0639,C0082,"D1322,D1323",2000-01-24T18:53:00Z,2000-01-27T01:15:00Z,BASE1
P0640,C0083,"D1324,D1325,D1326",2000-01-24T19:15:00Z,2000-01-27T01:28:00Z,BASE1
P0641,C0084,"D1327,D1328,D1329",2000-01-24T01:13:00Z,2000-01-26T21:38:00Z,BASE1
P0642,C0085,"D1330,D1331,D1332,D1333",2000-01-24T17:18:00Z,2000-01-28T02:02:00Z,BASE1
P0643,C0086,D1334,2000-01-05T13:28:00Z,2000-01-05T23:03:00Z,BASE1
P0644,C0087,D1335,2000-01-05T15:33:00Z,2000-01-05T23:17:00Z,BASE1
P0645,C0088,D1336,2000-01-05T15:42:00Z,2000-01-05T23:24:00Z,BASE1
P0646,C0089,"D1337,D1338",2000-01-05T18:53:00Z,2000-01-06T04:28:00Z,BASE1
P0647,C0090,"D1339,D1340",2000-01-05T11:25:00Z,2000-01-06T20:59:00Z,BASE1
P0648,C0091,D1341,2000-01-05T15:47:00Z,2000-01-06T02:32:00Z,BASE1
P0649,C0092,D1342,2000-01-05T17:18:00Z,2000-01-06T01:15:00Z,BASE1
P0650,C0093,"D1343,D1344,D1345",2000-01-05T11:19:00Z,2000-01-07T15:36:00Z,BASE1
P0651,C0094,"D1346,D1347,D1348",2000-01-05T11:34:00Z,2000-01-07T19:12:00Z,BASE1
P0652,C0095,"D1349,D1350,D1351",2000-01-05T23:06:00Z,2000-01-07T18:01:00Z,BASE1
P0653,C0096,"D1352,D1353,D1354",2000-01-05T21:30:00Z,2000-01-07T22:48:00Z,BASE1
P0654,C0097,"D1355,D1356,D1357,D1358",2000-01-05T12:15:00Z,2000-01-08T20:45:00Z,BASE1
P0655,C0098,"D1359,D1360,D1361,D1362",2000-01-05T21:18:00Z,2000-01-08T23:18:00Z,BASE1
P0656,C0099,"D1363,D1364,D1365,D1366",2000-01-05T21:10:00Z,2000-01-08T15:50:00Z,BASE1
P0657,C0100,"D1367,D1368,D1369,D1370",2000-01-05T17:46:00Z,2000-01-08T16:12:00Z,BASE1
P0658,C0101,"D1371,D1372,D1373,D1374",2000-01-05T19:15:00Z,2000-01-08T18:01:00Z,BASE1
P0659,C0102,"D1375,D1376,D1377",2000-01-05T23:05:00Z,2000-01-08T01:22:00Z,BASE1
P0660,C0103,"D1378,D1379,D1380,D1381",2000-01-05T22:51:00Z,2000-01-09T00:54:00Z,BASE1
P0661,C0104,"D1382,D1383,D1384,D1385",2000-01-05T22:53:00Z,2000-01-09T01:02:00Z,BASE1
P0662,C0195,D1386,2000-01-17T01:25:00Z,2000-01-17T13:20:00Z,BASE3
P0663,C0196,"D1387,D1388",2000-01-17T13:10:00Z,2000-01-18T17:40:00Z,BASE3
P0664,C0197,D1389,2000-01-17T17:10:00Z,2000-01-18T01:23:00Z,BASE3
P0665,C0198,"D1390,D1391,D1392,D1393",2000-01-17T17:25:00Z,2000-01-20T21:48:00Z,BASE3
P0666,C0199,"D1394,D1395,D1396",2000-01-17T17:15:00Z,2000-01-20T01:25:00Z,BASE3
P0667,C0200,"D1397,D1398,D1399,D1400",2000-01-17T13:13:00Z,2000-01-21T01:25:00Z,BASE3
P0668,C0178,D1401,2000-01-16T12:13:00Z,2000-01-16T20:38:00Z,BASE2
P0669,C0179,D1402,2000-01-16T12:24:00Z,2000-01-16T20:42:00Z,BASE2
P0670,C0180,D1403,2000-01-16T00:07:00Z,2000-01-16T12:37:00Z,BASE2
P0671,C0181,D1404,2000-01-16T00:25:00Z,2000-01-16T12:34:00Z,BASE2
P0672,C0182,"D1405,D1406",2000-01-16T12:35:00Z,2000-01-17T23:57:00Z,BASE2
P0673,C0183,D1407,2000-01-16T18:36:00Z,2000-01-17T02:42:00Z,BASE2
P0674,C0118,D1408,2000-01-16T12:15:00Z,2000-01-17T00:39:00Z,BASE2
P0675,C0119,D1409,2000-01-16T18:58:00Z,2000-01-17T02:25:00Z,BASE2
P0676,C0120,"D1410,D1411,D1412",2000-01-16T22:24:00Z,2000-01-19T00:13:00Z,BASE2
P0677,C0121,"D1413,D1414",2000-01-16T13:52:00Z,2000-01-18T00:39:00Z,BASE2
P0678,C0122,"D1415,D1416,D1417,D1418",2000-01-16T20:22:00Z,2000-01-19T20:42:00Z,BASE2
P0679,C0123,"D1419,D1420,D1421",2000-01-27T16:19:00Z,2000-01-29T23:24:00Z,BASE2
P0680,C0124,"D1422,D1423",2000-01-27T19:37:00Z,2000-01-29T16:28:00Z,BASE2
P0681,C0125,"D1424,D1425",2000-01-27T13:35:00Z,2000-01-29T00:50:00Z,BASE2
P0682,C0126,"D1426,D1427",2000-01-27T13:10:00Z,2000-01-28T01:44:00Z,BASE2
P0683,C0127,"D1428,D1429",2000-01-27T19:58:00Z,2000-01-28T03:19:00Z,BASE2
P0684,C0128,"D1430,D1431",2000-01-27T14:48:00Z,2000-01-28T23:42:00Z,BASE2
P0685,C0129,"D1432,D1433",2000-01-27T14:52:00Z,2000-01-29T01:17:00Z,BASE2
P0686,C0130,D1434,2000-01-27T00:25:00Z,2000-01-27T13:36:00Z,BASE2
P0687,C0131,D1435,2000-01-27T13:20:00Z,2000-01-27T21:40:00Z,BASE2
P0688,C0132,D1436,2000-01-27T16:42:00Z,2000-01-28T01:10:00Z,BASE2
P0689,C0201,"D1437,D1438",2000-01-30T14:13:00Z,2000-01-31T22:43:00Z,BASE3
P0690,C0202,"D1439,D1440",2000-01-30T14:05:00Z,2000-01-31T20:31:00Z,BASE3
P0691,C0203,"D1441,D1442",2000-01-30T02:20:00Z,2000-01-31T18:24:00Z,BASE3
P0692,C0204,"D1443,D1444",2000-01-30T14:00:00Z,2000-01-31T22:25:00Z,BASE3
P0693,C0205,D1445,2000-01-30T02:25:00Z,2000-01-30T14:20:00Z,BASE3
P0694,C0206,"D1446,D1447",2000-01-30T02:50:00Z,2000-01-31T14:08:00Z,BASE3
P0695,C0207,D1448,2000-01-30T02:25:00Z,2000-01-30T14:18:00Z,BASE3
P0696,C0133,D1449,2000-01-04T12:35:00Z,2000-01-04T18:26:00Z,BASE2
P0697,C0134,D1450,2000-01-04T00:07:00Z,2000-01-04T12:37:00Z,BASE2
P0698,C0135,D1451,2000-01-04T00:25:00Z,2000-01-04T12:34:00Z,BASE2
P0699,C0136,"D1452,D1453",2000-01-04T12:24:00Z,2000-01-06T00:13:00Z,BASE2
P0700,C0137,D1454,2000-01-04T18:58:00Z,2000-01-05T02:25:00Z,BASE2
P0701,C0138,D1455,2000-01-04T12:15:00Z,2000-01-05T00:39:00Z,BASE2
P0702,C0139,D1456,2000-01-04T18:36:00Z,2000-01-05T02:42:00Z,BASE2
P0703,C0140,"D1457,D1458,D1459",2000-01-04T13:52:00Z,2000-01-06T20:38:00Z,BASE2
P0704,C0141,"D1460,D1461,D1462",2000-01-04T12:13:00Z,2000-01-06T18:40:00Z,BASE2
P0705,C0142,"D1463,D1464,D1465,D1466",2000-01-04T22:24:00Z,2000-01-07T22:48:00Z,BASE2
P0706,C0143,"D1467,D1468,D1469,D1470",2000-01-04T20:22:00Z,2000-01-08T00:13:00Z,BASE2
P0707,C0144,D1471,2000-01-20T12:27:00Z,2000-01-20T22:48:00Z,BASE2
P0708,C0145,D1472,2000-01-20T00:07:00Z,2000-01-20T12:37:00Z,BASE2
P0709,C0146,D1473,2000-01-20T12:24:00Z,2000-01-20T20:42:00Z,BASE2
P0710,C0147,D1474,2000-01-20T12:15:00Z,2000-01-21T00:25:00Z,BASE2
P0711,C0148,D1475,2000-01-20T00:25:00Z,2000-01-20T12:34:00Z,BASE2
P0712,C0149,"D1476,D1477",2000-01-20T22:20:00Z,2000-01-21T22:48:00Z,BASE2
P0713,C0150,"D1478,D1479",2000-01-20T16:59:00Z,2000-01-21T20:38:00Z,BASE2
P0714,C0151,D1480,2000-01-20T18:58:00Z,2000-01-21T02:25:00Z,BASE2
P0715,C0152,"D1481,D1482,D1483",2000-01-20T22:24:00Z,2000-01-22T22:47:00Z,BASE2
P0716,C0153,"D1484,D1485,D1486",2000-01-20T00:23:00Z,2000-01-22T22:48:00Z,BASE2
P0717,C0154,"D1487,D1488,D1489",2000-01-20T13:52:00Z,2000-01-22T18:40:00Z,BASE2
P0718,C0155,D1490,2000-01-05T12:35:00Z,2000-01-05T18:26:00Z,BASE2
P0719,C0156,D1491,2000-01-05T10:06:00Z,2000-01-05T19:02:00Z,BASE2
P0720,C0157,D1492,2000-01-05T00:25:00Z,2000-01-05T12:34:00Z,BASE2
P0721,C0158,D1493,2000-01-05T00:07:00Z,2000-01-05T12:37:00Z,BASE2
P0722,C0159,D1494,2000-01-05T18:30:00Z,2000-01-05T23:57:00Z,BASE2
P0723,C0160,"D1495,D1496",2000-01-05T22:24:00Z,2000-01-06T20:42:00Z,BASE2
P0724,C0161,"D1497,D1498,D1499",2000-01-05T12:24:00Z,2000-01-07T18:40:00Z,BASE2
P0725,C0162,"D1500,D1501,D1502",2000-01-05T12:13:00Z,2000-01-07T22:47:00Z,BASE2
P0726,C0163,"D1503,D1504,D1505,D1506",2000-01-05T15:27:00Z,2000-01-09T00:13:00Z,BASE2
P0727,C0164,"D1507,D1508,D1509,D1510",2000-01-05T18:37:00Z,2000-01-08T18:40:00Z,BASE2
P0728,C0105,D1511,2000-01-20T13:30:00Z,2000-01-20T23:05:00Z,BASE1
P0729,C0106,D1512,2000-01-20T14:49:00Z,2000-01-20T23:18:00Z,BASE1
P0730,C0107,D1513,2000-01-20T13:38:00Z,2000-01-20T22:53:00Z,BASE1
P0731,C0108,D1514,2000-01-20T02:33:00Z,2000-01-20T13:13:00Z,BASE1
P0732,C0109,D1515,2000-01-20T13:28:00Z,2000-01-20T23:03:00Z,BASE1
P0733,C0110,D1516,2000-01-20T13:45:00Z,2000-01-20T22:44:00Z,BASE1
P0734,C0111,"D1517,D1518",2000-01-20T11:19:00Z,2000-01-21T20:59:00Z,BASE1
P0735,C0112,"D1519,D1520",2000-01-20T19:45:00Z,2000-01-21T04:28:00Z,BASE1
P0736,C0113,"D1521,D1522",2000-01-20T13:41:00Z,2000-01-21T22:57:00Z,BASE1
P0737,C0114,D1523,2000-01-20T15:47:00Z,2000-01-21T02:32:00Z,BASE1
P0738,C0115,D1524,2000-01-20T17:18:00Z,2000-01-21T01:15:00Z,BASE1
P0739,C0116,D1525,2000-01-20T17:56:00Z,2000-01-21T00:44:00Z,BASE1
P0740,C0117,D1526,2000-01-20T17:24:00Z,2000-01-21T01:02:00Z,BASE1
P0741,C0001,D1527,2000-01-20T17:25:00Z,2000-01-21T00:54:00Z,BASE1
P0742,C0002,"D1528,D1529,D1530",2000-01-20T23:12:00Z,2000-01-22T22:57:00Z,BASE1
P0743,C0003,"D1531,D1532,D1533,D1534",2000-01-20T21:18:00Z,2000-01-23T22:57:00Z,BASE1
P0744,C0004,"D1535,D1536,D1537,D1538",2000-01-20T23:06:00Z,2000-01-23T23:17:00Z,BASE1
P0745,C0005,"D1539,D1540,D1541,D1542",2000-01-20T19:15:00Z,2000-01-23T20:59:00Z,BASE1
P0746,C0006,"D1543,D1544,D1545,D1546",2000-01-20T21:30:00Z,2000-01-23T23:18:00Z,BASE1
P0747,C0007,"D1547,D1548,D1549,D1550",2000-01-20T14:58:00Z,2000-01-23T15:50:00Z,BASE1
P0748,C0008,"D1551,D1552,D1553,D1554",2000-01-20T13:44:00Z,2000-01-23T19:12:00Z,BASE1
P0749,C0009,"D1555,D1556,D1557,D1558",2000-01-20T23:05:00Z,2000-01-24T01:02:00Z,BASE1
P0750,C0165,D1559,2000-01-10T00:07:00Z,2000-01-10T12:37:00Z,BASE2
P0751,C0166,D1560,2000-01-10T00:25:00Z,2000-01-10T12:34:00Z,BASE2
P0752,C0167,D1561,2000-01-10T12:24:00Z,2000-01-10T20:42:00Z,BASE2
P0753,C0168,"D1562,D1563",2000-01-10T16:58:00Z,2000-01-11T22:47:00Z,BASE2
P0754,C0169,"D1564,D1565",2000-01-10T12:35:00Z,2000-01-11T23:57:00Z,BASE2
P0755,C0170,D1566,2000-01-10T18:58:00Z,2000-01-11T02:25:00Z,BASE2
P0756,C0171,D1567,2000-01-10T18:36:00Z,2000-01-11T02:42:00Z,BASE2
P0757,C0172,D1568,2000-01-10T12:13:00Z,2000-01-11T00:42:00Z,BASE2
P0758,C0173,"D1569,D1570,D1571",2000-01-10T12:15:00Z,2000-01-13T00:13:00Z,BASE2
P0759,C0174,"D1572,D1573",2000-01-10T13:52:00Z,2000-01-12T00:39:00Z,BASE2
P0760,C0175,"D1574,D1575,D1576,D1577",2000-01-10T22:24:00Z,2000-01-14T00:13:00Z,BASE2
P0761,C0010,D1578,2000-01-08T13:30:00Z,2000-01-08T23:05:00Z,BASE1
P0762,C0011,D1579,2000-01-08T13:28:00Z,2000-01-08T23:03:00Z,BASE1
P0763,C0012,D1580,2000-01-08T15:42:00Z,2000-01-08T23:24:00Z,BASE1
P0764,C0013,D1581,2000-01-08T13:45:00Z,2000-01-08T22:44:00Z,BASE1
P0765,C0014,D1582,2000-01-08T11:19:00Z,2000-01-08T19:12:00Z,BASE1
P0766,C0015,D1583,2000-01-08T13:38:00Z,2000-01-08T22:53:00Z,BASE1
P0767,C0016,D1584,2000-01-08T15:51:00Z,2000-01-08T22:48:00Z,BASE1
P0768,C0017,D1585,2000-01-08T15:33:00Z,2000-01-08T23:17:00Z,BASE1
P0769,C0018,"D1586,D1587",2000-01-08T19:15:00Z,2000-01-09T20:45:00Z,BASE1
P0770,C0019,"D1588,D1589",2000-01-08T19:45:00Z,2000-01-09T04:28:00Z,BASE1
P0771,C0020,D1590,2000-01-08T15:47:00Z,2000-01-09T02:32:00Z,BASE1
P0772,C0021,D1591,2000-01-08T17:56:00Z,2000-01-09T00:44:00Z,BASE1
P0773,C0022,D1592,2000-01-08T17:18:00Z,2000-01-09T01:15:00Z,BASE1
P0774,C0023,"D1593,D1594,D1595",2000-01-08T22:51:00Z,2000-01-10T23:17:00Z,BASE1
P0775,C0024,"D1596,D1597,D1598",2000-01-08T11:25:00Z,2000-01-10T13:33:00Z,BASE1
P0776,C0025,"D1599,D1600,D1601",2000-01-08T23:12:00Z,2000-01-10T22:57:00Z,BASE1
P0777,C0026,"D1602,D1603,D1604",2000-01-08T23:06:00Z,2000-01-10T18:01:00Z,BASE1
P0778,C0027,"D1605,D1606,D1607,D1608",2000-01-08T21:18:00Z,2000-01-11T23:18:00Z,BASE1
P0779,C0028,"D1609,D1610,D1611,D1612",2000-01-08T21:30:00Z,2000-01-11T18:01:00Z,BASE1
P0780,C0029,"D1613,D1614,D1615",2000-01-07T23:24:00Z,2000-01-11T01:02:00Z,BASE1
P0781,C0030,"D1616,D1617,D1618",2000-01-08T23:05:00Z,2000-01-11T01:22:00Z,BASE1
P0782,C0176,"D1619,D1620,D1621,D1622",2000-01-25T16:53:00Z,2000-01-28T03:21:00Z,BASE2
P0783,C0177,"D1623,D1624,D1625",2000-01-25T22:24:00Z,2000-01-27T23:22:00Z,BASE2
P0784,C0178,"D1626,D1627,D1628",2000-01-25T12:13:00Z,2000-01-28T01:21:00Z,BASE2
P0785,C0179,"D1629,D1630,D1631",2000-01-25T13:52:00Z,2000-01-27T23:42:00Z,BASE2
P0786,C0180,"D1632,D1633",2000-01-25T12:35:00Z,2000-01-26T23:57:00Z,BASE2
P0787,C0181,"D1634,D1635",2000-01-25T16:58:00Z,2000-01-26T22:48:00Z,BASE2
P0788,C0182,D1636,2000-01-25T00:25:00Z,2000-01-25T12:34:00Z,BASE2
P0789,C0183,D1637,2000-01-25T00:07:00Z,2000-01-25T12:37:00Z,BASE2
P0790,C0118,D1638,2000-01-25T18:36:00Z,2000-01-26T02:42:00Z,BASE2
P0791,C0119,D1639,2000-01-25T12:24:00Z,2000-01-25T20:42:00Z,BASE2
P0792,C0120,D1640,2000-01-25T18:58:00Z,2000-01-26T02:25:00Z,BASE2
P0793,C0121,D1641,2000-01-25T12:15:00Z,2000-01-25T20:11:00Z,BASE2
P0794,C0122,"D1642,D1643",2000-01-30T17:53:00Z,2000-01-31T23:42:00Z,BASE2
P0795,C0123,"D1644,D1645",2000-01-29T23:22:00Z,2000-01-31T19:38:00Z,BASE2
P0796,C0124,"D1646,D1647",2000-01-30T13:13:00Z,2000-02-01T01:10:00Z,BASE2
P0797,C0125,"D1648,D1649",2000-01-30T14:52:00Z,2000-02-01T01:21:00Z,BASE2
P0798,C0126,"D1650,D1651",2000-01-30T14:48:00Z,2000-01-31T19:58:00Z,BASE2
P0799,C0127,D1652,2000-01-30T23:30:00Z,2000-01-31T03:27:00Z,BASE2
P0800,C0128,"D1653,D1654",2000-01-30T13:10:00Z,2000-01-31T20:03:00Z,BASE2
P0801,C0129,"D1655,D1656",2000-01-30T01:23:00Z,2000-01-31T14:53:00Z,BASE2
P0802,C0130,"D1657,D1658",2000-01-29T23:30:00Z,2000-01-31T01:44:00Z,BASE2
P0803,C0131,D1659,2000-01-30T13:20:00Z,2000-01-30T21:40:00Z,BASE2
P0804,C0132,D1660,2000-01-30T01:30:00Z,2000-01-30T13:48:00Z,BASE2
P0805,C0133,D1661,2000-01-30T01:25:00Z,2000-01-30T13:36:00Z,BASE2
P0806,C0134,D1662,2000-01-30T10:50:00Z,2000-01-30T18:18:00Z,BASE2
P0807,C0135,"D1663,D1664",2000-01-30T13:35:00Z,2000-02-01T00:50:00Z,BASE2
P0808,C0136,D1665,2000-01-30T01:22:00Z,2000-01-30T13:29:00Z,BASE2
P0809,C0137,D1666,2000-01-30T01:14:00Z,2000-01-30T13:27:00Z,BASE2
P0810,C0138,D1667,2000-01-30T23:50:00Z,2000-02-01T01:23:00Z,BASE2
P0811,C0139,"D1668,D1669",2000-01-30T18:05:00Z,2000-01-31T23:22:00Z,BASE2
P0812,C0140,D1670,2000-01-30T16:42:00Z,2000-01-31T01:10:00Z,BASE2
P0813,C0141,"D1671,D1672",2000-01-30T19:58:00Z,2000-01-31T03:19:00Z,BASE2
P0814,C0031,D1673,2000-01-07T13:28:00Z,2000-01-07T23:03:00Z,BASE1
P0815,C0032,D1674,2000-01-07T13:25:00Z,2000-01-07T22:57:00Z,BASE1
P0816,C0033,D1675,2000-01-07T02:16:00Z,2000-01-07T13:32:00Z,BASE1
P0817,C0034,D1676,2000-01-07T13:30:00Z,2000-01-07T23:05:00Z,BASE1
P0818,C0035,"D1677,D1678",2000-01-07T19:45:00Z,2000-01-08T04:28:00Z,BASE1
P0819,C0036,"D1679,D1680",2000-01-07T17:24:00Z,2000-01-08T22:43:00Z,BASE1
P0820,C0037,"D1681,D1682",2000-01-07T13:38:00Z,2000-01-08T21:12:00Z,BASE1
P0821,C0038,"D1683,D1684",2000-01-07T17:56:00Z,2000-01-08T23:25:00Z,BASE1
P0822,C0039,D1685,2000-01-07T15:47:00Z,2000-01-08T02:32:00Z,BASE1
P0823,C0040,D1686,2000-01-07T17:18:00Z,2000-01-08T01:15:00Z,BASE1
P0824,C0041,"D1687,D1688,D1689",2000-01-07T21:30:00Z,2000-01-09T21:12:00Z,BASE1
P0825,C0042,"D1690,D1691,D1692",2000-01-07T11:25:00Z,2000-01-09T13:33:00Z,BASE1
P0826,C0043,"D1693,D1694,D1695",2000-01-07T15:42:00Z,2000-01-09T15:36:00Z,BASE1
P0827,C0044,"D1696,D1697,D1698",2000-01-07T13:44:00Z,2000-01-09T18:01:00Z,BASE1
P0828,C0045,"D1699,D1700",2000-01-07T17:25:00Z,2000-01-09T01:22:00Z,BASE1
P0829,C0046,"D1701,D1702,D1703,D1704",2000-01-07T15:33:00Z,2000-01-10T15:10:00Z,BASE1
P0830,C0047,"D1705,D1706,D1707,D1708",2000-01-07T23:12:00Z,2000-01-10T15:36:00Z,BASE1
P0831,C0208,D1709,2000-01-15T01:20:00Z,2000-01-15T13:30:00Z,BASE3
P0832,C0209,D1710,2000-01-15T01:25:00Z,2000-01-15T13:20:00Z,BASE3
P0833,C0210,"D1711,D1712",2000-01-15T13:10:00Z,2000-01-16T17:40:00Z,BASE3
P0834,C0211,"D1713,D1714",2000-01-15T13:13:00Z,2000-01-16T21:41:00Z,BASE3
P0835,C0212,D1715,2000-01-15T17:00:00Z,2000-01-16T01:25:00Z,BASE3
P0836,C0213,"D1716,D1717",2000-01-15T17:10:00Z,2000-01-17T01:25:00Z,BASE3
P0837,C0214,"D1718,D1719,D1720,D1721",2000-01-15T13:00:00Z,2000-01-18T21:47:00Z,BASE3
P0838,C0215,"D1722,D1723,D1724,D1725",2000-01-15T17:25:00Z,2000-01-18T21:41:00Z,BASE3
P0839,C0216,"D1726,D1727,D1728,D1729",2000-01-06T01:50:00Z,2000-01-09T21:58:00Z,BASE3
P0840,C0217,"D1730,D1731,D1732",2000-01-06T17:15:00Z,2000-01-09T01:25:00Z,BASE3
P0841,C0218,"D1733,D1734",2000-01-06T17:10:00Z,2000-01-08T01:25:00Z,BASE3
P0842,C0219,"D1735,D1736",2000-01-06T13:00:00Z,2000-01-08T01:35:00Z,BASE3
P0843,C0220,"D1737,D1738",2000-01-06T13:10:00Z,2000-01-07T17:40:00Z,BASE3
P0844,C0221,D1739,2000-01-06T01:25:00Z,2000-01-06T13:20:00Z,BASE3
P0845,C0048,D1740,2000-01-14T13:28:00Z,2000-01-14T23:03:00Z,BASE1
P0846,C0049,D1741,2000-01-14T11:25:00Z,2000-01-14T17:30:00Z,BASE1
P0847,C0050,D1742,2000-01-14T13:38:00Z,2000-01-14T22:53:00Z,BASE1
P0848,C0051,D1743,2000-01-14T15:42:00Z,2000-01-14T23:24:00Z,BASE1
P0849,C0052,D1744,2000-01-14T11:19:00Z,2000-01-14T19:12:00Z,BASE1
P0850,C0053,D1745,2000-01-14T15:33:00Z,2000-01-14T23:17:00Z,BASE1
P0851,C0054,D1746,2000-01-14T13:30:00Z,2000-01-14T23:05:00Z,BASE1
P0852,C0055,"D1747,D1748",2000-01-14T19:45:00Z,2000-01-15T04:28:00Z,BASE1
P0853,C0056,D1749,2000-01-14T17:24:00Z,2000-01-15T01:02:00Z,BASE1
P0854,C0057,D1750,2000-01-14T17:18:00Z,2000-01-15T01:15:00Z,BASE1
P0855,C0058,D1751,2000-01-14T15:47:00Z,2000-01-15T02:32:00Z,BASE1
P0856,C0059,D1752,2000-01-14T17:56:00Z,2000-01-15T00:44:00Z,BASE1
P0857,C0060,"D1753,D1754,D1755",2000-01-14T11:25:00Z,2000-01-16T13:33:00Z,BASE1
P0858,C0061,"D1756,D1757,D1758",2000-01-14T21:18:00Z,2000-01-16T15:36:00Z,BASE1
P0859,C0062,"D1759,D1760,D1761",2000-01-14T22:53:00Z,2000-01-16T15:50:00Z,BASE1
P0860,C0063,"D1762,D1763,D1764",2000-01-14T19:15:00Z,2000-01-16T20:59:00Z,BASE1
P0861,C0064,"D1765,D1766,D1767",2000-01-14T23:12:00Z,2000-01-16T22:57:00Z,BASE1
P0862,C0065,"D1768,D1769,D1770",2000-01-14T22:51:00Z,2000-01-16T23:17:00Z,BASE1
P0863,C0066,"D1771,D1772,D1773,D1774",2000-01-14T23:06:00Z,2000-01-17T23:17:00Z,BASE1
P0864,C0067,"D1775,D1776,D1777,D1778",2000-01-14T21:30:00Z,2000-01-17T19:12:00Z,BASE1
P0865,C0068,"D1779,D1780,D1781,D1782",2000-01-14T23:05:00Z,2000-01-18T01:02:00Z,BASE1
P0866,C0222,D1783,2000-01-24T01:20:00Z,2000-01-24T13:30:00Z,BASE3
P0867,C0223,D1784,2000-01-24T01:25:00Z,2000-01-24T13:20:00Z,BASE3
P0868,C0184,"D1785,D1786",2000-01-24T13:10:00Z,2000-01-25T17:40:00Z,BASE3
P0869,C0185,"D1787,D1788,D1789",2000-01-24T13:13:00Z,2000-01-26T17:24:00Z,BASE3
P0870,C0186,"D1790,D1791",2000-01-24T17:10:00Z,2000-01-26T01:35:00Z,BASE3
P0871,C0187,"D1792,D1793,D1794,D1795",2000-01-24T17:15:00Z,2000-01-27T01:50:00Z,BASE3
P0872,C0188,"D1796,D1797,D1798",2000-01-24T13:00:00Z,2000-01-27T01:25:00Z,BASE3
P0873,C0189,D1799,2000-01-16T01:25:00Z,2000-01-16T13:20:00Z,BASE3
P0874,C0190,"D1800,D1801",2000-01-16T13:10:00Z,2000-01-17T17:40:00Z,BASE3
P0875,C0191,"D1802,D1803,D1804",2000-01-16T13:00:00Z,2000-01-18T21:58:00Z,BASE3
P0876,C0192,"D1805,D1806",2000-01-16T17:10:00Z,2000-01-18T01:25:00Z,BASE3
P0877,C0193,"D1807,D1808,D1809,D1810",2000-01-16T17:25:00Z,2000-01-19T21:47:00Z,BASE3
P0878,C0194,"D1811,D1812,D1813,D1814",2000-01-16T17:15:00Z,2000-01-19T21:41:00Z,BASE3
P0879,C0195,D1815,2000-01-13T01:25:00Z,2000-01-13T13:20:00Z,BASE3
P0880,C0196,D1816,2000-01-13T17:00:00Z,2000-01-14T01:25:00Z,BASE3
P0881,C0197,"D1817,D1818,D1819",2000-01-13T13:00:00Z,2000-01-15T21:41:00Z,BASE3
P0882,C0198,"D1820,D1821",2000-01-13T17:10:00Z,2000-01-15T01:25:00Z,BASE3
P0883,C0199,"D1822,D1823,D1824,D1825",2000-01-13T13:10:00Z,2000-01-16T21:58:00Z,BASE3
P0884,C0069,D1826,2000-01-16T13:28:00Z,2000-01-16T23:03:00Z,BASE1
P0885,C0070,D1827,2000-01-16T13:30:00Z,2000-01-16T23:05:00Z,BASE1
P0886,C0071,D1828,2000-01-16T02:16:00Z,2000-01-16T13:32:00Z,BASE1
P0887,C0072,"D1829,D1830",2000-01-16T13:38:00Z,2000-01-17T21:12:00Z,BASE1
P0888,C0073,"D1831,D1832",2000-01-16T14:49:00Z,2000-01-17T22:44:00Z,BASE1
P0889,C0074,"D1833,D1834",2000-01-16T17:25:00Z,2000-01-17T20:45:00Z,BASE1
P0890,C0075,"D1835,D1836",2000-01-16T17:24:00Z,2000-01-17T22:43:00Z,BASE1
P0891,C0076,"D1837,D1838",2000-01-16T17:56:00Z,2000-01-17T23:25:00Z,BASE1
P0892,C0077,"D1839,D1840",2000-01-16T17:36:00Z,2000-01-17T23:23:00Z,BASE1
P0893,C0078,"D1841,D1842",2000-01-16T19:45:00Z,2000-01-17T04:28:00Z,BASE1
P0894,C0079,D1843,2000-01-16T15:47:00Z,2000-01-17T02:32:00Z,BASE1
P0895,C0080,D1844,2000-01-16T17:18:00Z,2000-01-17T01:15:00Z,BASE1
P0896,C0081,"D1845,D1846,D1847",2000-01-16T21:30:00Z,2000-01-18T22:44:00Z,BASE1
P0897,C0082,"D1848,D1849,D1850",2000-01-16T15:42:00Z,2000-01-18T23:17:00Z,BASE1
P0898,C0083,"D1851,D1852,D1853",2000-01-16T11:25:00Z,2000-01-18T13:33:00Z,BASE1
P0899,C0084,"D1854,D1855,D1856",2000-01-16T19:15:00Z,2000-01-18T20:45:00Z,BASE1
P0900,C0085,"D1857,D1858,D1859,D1860",2000-01-16T13:45:00Z,2000-01-19T19:12:00Z,BASE1
P0901,C0142,"D1861,D1862,D1863",2000-01-26T18:37:00Z,2000-01-29T01:21:00Z,BASE2
P0902,C0143,"D1864,D1865,D1866",2000-01-26T15:27:00Z,2000-01-28T23:22:00Z,BASE2
P0903,C0144,"D1867,D1868",2000-01-26T12:15:00Z,2000-01-28T01:23:00Z,BASE2
P0904,C0145,D1869,2000-01-26T12:13:00Z,2000-01-26T20:38:00Z,BASE2
P0905,C0146,D1870,2000-01-26T12:24:00Z,2000-01-26T20:42:00Z,BASE2
P0906,C0147,D1871,2000-01-26T10:06:00Z,2000-01-26T22:21:00Z,BASE2
P0907,C0148,D1872,2000-01-26T00:07:00Z,2000-01-26T12:37:00Z,BASE2
P0908,C0149,D1873,2000-01-26T00:25:00Z,2000-01-26T12:34:00Z,BASE2
P0909,C0200,D1874,2000-01-18T01:20:00Z,2000-01-18T13:30:00Z,BASE3
P0910,C0201,D1875,2000-01-18T01:25:00Z,2000-01-18T13:20:00Z,BASE3
P0911,C0202,"D1876,D1877",2000-01-18T13:10:00Z,2000-01-19T21:58:00Z,BASE3
P0912,C0203,D1878,2000-01-18T17:00:00Z,2000-01-19T01:25:00Z,BASE3
P0913,C0204,"D1879,D1880",2000-01-19T12:25:00Z,2000-01-20T16:24:00Z,BASE3
P0914,C0205,"D1881,D1882",2000-01-18T17:10:00Z,2000-01-20T01:23:00Z,BASE3
P0915,C0206,"D1883,D1884,D1885,D1886",2000-01-18T17:15:00Z,2000-01-21T21:58:00Z,BASE3
P0916,C0207,"D1887,D1888,D1889",2000-01-18T13:00:00Z,2000-01-21T01:35:00Z,BASE3
P0917,C0208,"D1890,D1891,D1892,D1893",2000-01-18T13:00:00Z,2000-01-22T01:35:00Z,BASE3
P0918,C0086,D1894,2000-01-21T11:19:00Z,2000-01-21T19:12:00Z,BASE1
P0919,C0087,D1895,2000-01-21T02:16:00Z,2000-01-21T13:32:00Z,BASE1
P0920,C0088,D1896,2000-01-21T13:28:00Z,2000-01-21T23:03:00Z,BASE1
P0921,C0089,D1897,2000-01-21T13:30:00Z,2000-01-21T23:05:00Z,BASE1
P0922,C0090,"D1898,D1899",2000-01-21T19:45:00Z,2000-01-22T04:28:00Z,BASE1
P0923,C0091,"D1900,D1901",2000-01-21T17:56:00Z,2000-01-22T20:45:00Z,BASE1
P0924,C0092,"D1902,D1903",2000-01-21T11:25:00Z,2000-01-22T20:59:00Z,BASE1
P0925,C0093,"D1904,D1905",2000-01-21T13:45:00Z,2000-01-22T22:44:00Z,BASE1
P0926,C0094,D1906,2000-01-21T15:47:00Z,2000-01-22T02:32:00Z,BASE1
P0927,C0095,D1907,2000-01-21T01:30:00Z,2000-01-22T01:22:00Z,BASE1
P0928,C0096,"D1908,D1909,D1910",2000-01-21T01:13:00Z,2000-01-23T18:01:00Z,BASE1
P0929,C0097,"D1911,D1912,D1913",2000-01-20T23:24:00Z,2000-01-23T20:45:00Z,BASE1
P0930,C0098,"D1914,D1915,D1916",2000-01-21T17:18:00Z,2000-01-23T23:23:00Z,BASE1
P0931,C0099,"D1917,D1918",2000-01-21T01:26:00Z,2000-01-23T01:02:00Z,BASE1
P0932,C0100,"D1919,D1920,D1921,D1922",2000-01-21T19:15:00Z,2000-01-24T21:12:00Z,BASE1
P0933,C0101,"D1923,D1924,D1925,D1926",2000-01-21T14:49:00Z,2000-01-24T23:17:00Z,BASE1
P0934,C0102,"D1927,D1928,D1929,D1930",2000-01-21T17:24:00Z,2000-01-24T22:57:00Z,BASE1
P0935,C0103,"D1931,D1932,D1933,D1934",2000-01-21T15:42:00Z,2000-01-24T15:10:00Z,BASE1
P0936,C0104,"D1935,D1936,D1937,D1938",2000-01-21T21:30:00Z,2000-01-25T00:54:00Z,BASE1
P0937,C0105,D1939,2000-01-18T11:19:00Z,2000-01-18T19:12:00Z,BASE1
P0938,C0106,D1940,2000-01-18T13:28:00Z,2000-01-18T23:03:00Z,BASE1
P0939,C0107,D1941,2000-01-18T02:16:00Z,2000-01-18T13:32:00Z,BASE1
P0940,C0108,D1942,2000-01-18T13:30:00Z,2000-01-18T23:05:00Z,BASE1
P0941,C0109,"D1943,D1944",2000-01-18T14:49:00Z,2000-01-19T21:44:00Z,BASE1
P0942,C0110,"D1945,D1946",2000-01-18T19:45:00Z,2000-01-19T04:28:00Z,BASE1
P0943,C0111,"D1947,D1948",2000-01-18T13:38:00Z,2000-01-19T22:53:00Z,BASE1
P0944,C0112,"D1949,D1950",2000-01-18T11:25:00Z,2000-01-19T20:59:00Z,BASE1
P0945,C0113,"D1951,D1952",2000-01-18T01:13:00Z,2000-01-19T21:23:00Z,BASE1
P0946,C0114,D1953,2000-01-18T01:30:00Z,2000-01-19T01:22:00Z,BASE1
P0947,C0115,D1954,2000-01-18T15:47:00Z,2000-01-19T02:32:00Z,BASE1
P0948,C0116,"D1955,D1956,D1957",2000-01-18T18:53:00Z,2000-01-20T23:24:00Z,BASE1
P0949,C0117,"D1958,D1959,D1960",2000-01-17T23:24:00Z,2000-01-20T20:45:00Z,BASE1
P0950,C0001,"D1961,D1962",2000-01-18T01:16:00Z,2000-01-20T00:54:00Z,BASE1
P0951,C0002,"D1963,D1964",2000-01-18T17:25:00Z,2000-01-20T01:22:00Z,BASE1
P0952,C0003,"D1965,D1966,D1967,D1968",2000-01-18T15:42:00Z,2000-01-21T21:23:00Z,BASE1
P0953,C0004,"D1969,D1970,D1971,D1972",2000-01-18T17:18:00Z,2000-01-21T23:17:00Z,BASE1
P0954,C0005,"D1973,D1974,D1975,D1976",2000-01-18T17:56:00Z,2000-01-21T15:36:00Z,BASE1
P0955,C0006,"D1977,D1978,D1979,D1980",2000-01-18T17:24:00Z,2000-01-21T18:01:00Z,BASE1
P0956,C0007,"D1981,D1982,D1983",2000-01-18T01:26:00Z,2000-01-21T01:22:00Z,BASE1
P0957,C0008,"D1984,D1985,D1986,D1987",2000-01-18T21:30:00Z,2000-01-22T00:54:00Z,BASE1
P0958,C0150,D1988,2000-01-11T00:07:00Z,2000-01-11T12:37:00Z,BASE2
P0959,C0151,D1989,2000-01-11T12:35:00Z,2000-01-11T18:26:00Z,BASE2
P0960,C0152,D1990,2000-01-11T12:24:00Z,2000-01-11T20:42:00Z,BASE2
P0961,C0153,D1991,2000-01-11T00:25:00Z,2000-01-11T12:34:00Z,BASE2
P0962,C0154,"D1992,D1993",2000-01-11T13:52:00Z,2000-01-13T00:25:00Z,BASE2
P0963,C0155,"D1994,D1995",2000-01-11T12:13:00Z,2000-01-12T18:27:00Z,BASE2
P0964,C0156,D1996,2000-01-11T18:58:00Z,2000-01-12T02:25:00Z,BASE2
P0965,C0157,D1997,2000-01-11T18:36:00Z,2000-01-12T02:42:00Z,BASE2
P0966,C0158,"D1998,D1999,D2000",2000-01-11T22:24:00Z,2000-01-13T22:48:00Z,BASE2
P0967,C0159,"D2001,D2002,D2003",2000-01-11T12:15:00Z,2000-01-13T22:22:00Z,BASE2
P0968,C0160,"D2004,D2005,D2006,D2007",2000-01-11T20:22:00Z,2000-01-15T00:25:00Z,BASE2
P0969,C0161,"D2008,D2009,D2010",2000-01-11T22:22:00Z,2000-01-14T03:41:00Z,BASE2
P0970,C0162,D2011,2000-01-18T00:25:00Z,2000-01-18T12:34:00Z,BASE2
P0971,C0163,D2012,2000-01-18T12:24:00Z,2000-01-18T20:42:00Z,BASE2
P0972,C0164,D2013,2000-01-18T00:07:00Z,2000-01-18T12:37:00Z,BASE2
P0973,C0165,D2014,2000-01-18T18:30:00Z,2000-01-18T23:57:00Z,BASE2
P0974,C0166,"D2015,D2016",2000-01-18T13:52:00Z,2000-01-20T00:25:00Z,BASE2
P0975,C0167,"D2017,D2018",2000-01-18T22:24:00Z,2000-01-19T20:42:00Z,BASE2
P0976,C0168,"D2019,D2020",2000-01-18T15:19:00Z,2000-01-20T00:13:00Z,BASE2
P0977,C0169,D2021,2000-01-18T12:15:00Z,2000-01-19T00:39:00Z,BASE2
P0978,C0170,D2022,2000-01-18T18:58:00Z,2000-01-19T02:25:00Z,BASE2
P0979,C0171,D2023,2000-01-18T18:36:00Z,2000-01-19T02:42:00Z,BASE2
P0980,C0172,"D2024,D2025,D2026,D2027",2000-01-18T20:22:00Z,2000-01-22T00:25:00Z,BASE2
P0981,C0173,"D2028,D2029,D2030,D2031",2000-01-18T12:13:00Z,2000-01-21T18:40:00Z,BASE2
P0982,C0174,"D2032,D2033,D2034,D2035",2000-01-18T12:35:00Z,2000-01-21T22:47:00Z,BASE2
P0983,C0175,D2036,2000-01-17T12:24:00Z,2000-01-17T20:42:00Z,BASE2
P0984,C0176,D2037,2000-01-17T00:25:00Z,2000-01-17T12:34:00Z,BASE2
P0985,C0177,D2038,2000-01-17T00:07:00Z,2000-01-17T12:37:00Z,BASE2
P0986,C0178,D2039,2000-01-17T12:35:00Z,2000-01-17T18:26:00Z,BASE2
P0987,C0179,"D2040,D2041",2000-01-17T13:52:00Z,2000-01-18T20:38:00Z,BASE2
P0988,C0180,"D2042,D2043",2000-01-17T12:15:00Z,2000-01-18T22:47:00Z,BASE2
P0989,C0181,"D2044,D2045",2000-01-17T22:24:00Z,2000-01-18T20:42:00Z,BASE2
P0990,C0182,D2046,2000-01-17T18:58:00Z,2000-01-18T02:25:00Z,BASE2
P0991,C0183,D2047,2000-01-17T18:36:00Z,2000-01-18T02:42:00Z,BASE2
P0992,C0118,"D2048,D2049,D2050",2000-01-17T20:22:00Z,2000-01-19T22:47:00Z,BASE2
P0993,C0119,"D2051,D2052,D2053",2000-01-17T22:22:00Z,2000-01-20T00:17:00Z,BASE2
P0994,C0120,"D2054,D2055,D2056,D2057",2000-01-17T12:13:00Z,2000-01-20T22:47:00Z,BASE2
P0995,C0121,D2058,2000-01-15T12:15:00Z,2000-01-15T20:11:00Z,BASE2
P0996,C0122,D2059,2000-01-15T00:07:00Z,2000-01-15T12:37:00Z,BASE2
P0997,C0123,D2060,2000-01-15T12:24:00Z,2000-01-15T20:42:00Z,BASE2
P0998,C0124,D2061,2000-01-15T00:25:00Z,2000-01-15T12:34:00Z,BASE2
P0999,C0125,D2062,2000-01-15T18:30:00Z,2000-01-15T23:57:00Z,BASE2
P1000,C0126,"D2063,D2064",2000-01-15T15:42:00Z,2000-01-17T00:13:00Z,BASE2
P1001,C0127,"D2065,D2066",2000-01-15T12:18:00Z,2000-01-16T22:48:00Z,BASE2
P1002,C0128,D2067,2000-01-15T18:36:00Z,2000-01-16T02:42:00Z,BASE2
P1003,C0129,D2068,2000-01-15T18:58:00Z,2000-01-16T02:25:00Z,BASE2
P1004,C0130,"D2069,D2070,D2071",2000-01-15T22:24:00Z,2000-01-17T22:48:00Z,BASE2
P1005,C0131,"D2072,D2073,D2074",2000-01-15T12:35:00Z,2000-01-18T00:13:00Z,BASE2
P1006,C0132,"D2075,D2076,D2077",2000-01-15T13:52:00Z,2000-01-17T22:47:00Z,BASE2
P1007,C0133,"D2078,D2079,D2080,D2081",2000-01-15T20:27:00Z,2000-01-18T22:48:00Z,BASE2
P1008,C0209,"D2082,D2083,D2084,D2085",2000-01-01T13:00:00Z,2000-01-04T21:41:00Z,BASE3
P1009,C0210,"D2086,D2087,D2088,D2089",2000-01-01T17:15:00Z,2000-01-04T21:58:00Z,BASE3
P1010,C0211,"D2090,D2091,D2092",2000-01-01T17:25:00Z,2000-01-03T21:58:00Z,BASE3
P1011,C0212,"D2093,D2094,D2095",2000-01-01T13:00:00Z,2000-01-03T21:41:00Z,BASE3
P1012,C0213,"D2096,D2097",2000-01-01T13:13:00Z,2000-01-03T01:35:00Z,BASE3
P1013,C0214,"D2098,D2099",2000-01-01T10:15:00Z,2000-01-02T21:41:00Z,BASE3
P1014,C0215,"D2100,D2101",2000-01-01T13:10:00Z,2000-01-02T17:40:00Z,BASE3
P1015,C0216,D2102,2000-01-01T17:10:00Z,2000-01-02T01:23:00Z,BASE3
P1016,C0217,D2103,2000-01-01T17:00:00Z,2000-01-02T01:25:00Z,BASE3
P1017,C0218,D2104,2000-01-01T14:58:00Z,2000-01-01T21:41:00Z,BASE3
P1018,C0009,D2105,2000-01-10T13:28:00Z,2000-01-10T23:03:00Z,BASE1
P1019,C0010,D2106,2000-01-10T13:30:00Z,2000-01-10T23:05:00Z,BASE1
P1020,C0011,D2107,2000-01-10T02:16:00Z,2000-01-10T13:32:00Z,BASE1
P1021,C0012,"D2108,D2109",2000-01-10T17:18:00Z,2000-01-11T22:43:00Z,BASE1
P1022,C0013,"D2110,D2111",2000-01-10T17:56:00Z,2000-01-11T23:25:00Z,BASE1
P1023,C0014,"D2112,D2113",2000-01-10T19:45:00Z,2000-01-11T04:28:00Z,BASE1
P1024,C0015,"D2114,D2115",2000-01-10T13:38:00Z,2000-01-11T21:12:00Z,BASE1
P1025,C0016,"D2116,D2117",2000-01-10T14:49:00Z,2000-01-11T20:45:00Z,BASE1
P1026,C0017,"D2118,D2119",2000-01-10T13:45:00Z,2000-01-11T21:13:00Z,BASE1
P1027,C0018,"D2120,D2121",2000-01-10T11:19:00Z,2000-01-11T20:59:00Z,BASE1
P1028,C0019,D2122,2000-01-10T15:47:00Z,2000-01-11T02:32:00Z,BASE1
P1029,C0020,"D2123,D2124,D2125",2000-01-10T15:42:00Z,2000-01-12T15:36:00Z,BASE1
P1030,C0021,"D2126,D2127,D2128",2000-01-10T21:30:00Z,2000-01-12T22:57:00Z,BASE1
P1031,C0022,"D2129,D2130,D2131",2000-01-10T11:25:00Z,2000-01-12T13:33:00Z,BASE1
P1032,C0023,"D2132,D2133,D2134",2000-01-10T19:15:00Z,2000-01-12T22:44:00Z,BASE1
P1033,C0024,"D2135,D2136",2000-01-10T17:25:00Z,2000-01-12T01:22:00Z,BASE1
P1034,C0025,"D2137,D2138",2000-01-10T15:51:00Z,2000-01-12T01:28:00Z,BASE1
P1035,C0026,D2139,2000-01-19T13:28:00Z,2000-01-19T23:03:00Z,BASE1
P1036,C0027,"D2140,D2141",2000-01-19T11:25:00Z,2000-01-20T20:59:00Z,BASE1
P1037,C0028,"D2142,D2143",2000-01-19T17:56:00Z,2000-01-20T23:25:00Z,BASE1
P1038,C0029,"D2144,D2145",2000-01-19T11:19:00Z,2000-01-20T15:50:00Z,BASE1
P1039,C0030,"D2146,D2147",2000-01-19T17:18:00Z,2000-01-20T22:43:00Z,BASE1
P1040,C0031,"D2148,D2149",2000-01-19T18:53:00Z,2000-01-20T04:28:00Z,BASE1
P1041,C0032,D2150,2000-01-19T15:47:00Z,2000-01-20T02:32:00Z,BASE1
P1042,C0033,D2151,2000-01-19T17:24:00Z,2000-01-20T01:02:00Z,BASE1
P1043,C0034,"D2152,D2153,D2154",2000-01-19T21:30:00Z,2000-01-21T22:53:00Z,BASE1
P1044,C0035,"D2155,D2156,D2157,D2158",2000-01-19T15:42:00Z,2000-01-22T23:23:00Z,BASE1
P1045,C0036,"D2159,D2160,D2161,D2162",2000-01-19T12:15:00Z,2000-01-22T21:12:00Z,BASE1
P1046,C0037,"D2163,D2164,D2165,D2166",2000-01-19T11:34:00Z,2000-01-22T15:50:00Z,BASE1
P1047,C0038,"D2167,D2168,D2169,D2170",2000-01-19T19:15:00Z,2000-01-22T23:18:00Z,BASE1
P1048,C0134,D2171,2000-01-03T12:24:00Z,2000-01-03T20:42:00Z,BASE2
P1049,C0135,D2172,2000-01-03T00:25:00Z,2000-01-03T12:34:00Z,BASE2
P1050,C0136,D2173,2000-01-03T00:07:00Z,2000-01-03T12:37:00Z,BASE2
P1051,C0137,"D2174,D2175",2000-01-03T12:13:00Z,2000-01-05T00:13:00Z,BASE2
P1052,C0138,D2176,2000-01-03T12:15:00Z,2000-01-04T00:39:00Z,BASE2
P1053,C0139,D2177,2000-01-03T18:36:00Z,2000-01-04T02:42:00Z,BASE2
P1054,C0140,D2178,2000-01-03T18:58:00Z,2000-01-04T02:25:00Z,BASE2
P1055,C0141,"D2179,D2180,D2181",2000-01-03T20:22:00Z,2000-01-05T22:47:00Z,BASE2
P1056,C0142,"D2182,D2183,D2184",2000-01-03T13:52:00Z,2000-01-05T22:47:00Z,BASE2
P1057,C0143,"D2185,D2186,D2187",2000-01-03T22:24:00Z,2000-01-05T22:48:00Z,BASE2
P1058,C0144,"D2188,D2189,D2190,D2191",2000-01-03T12:18:00Z,2000-01-06T22:48:00Z,BASE2
P1059,C0145,D2192,2000-01-08T00:07:00Z,2000-01-08T12:37:00Z,BASE2
P1060,C0146,D2193,2000-01-08T00:25:00Z,2000-01-08T12:34:00Z,BASE2
P1061,C0147,D2194,2000-01-08T12:24:00Z,2000-01-08T20:42:00Z,BASE2
P1062,C0148,"D2195,D2196",2000-01-08T16:58:00Z,2000-01-10T00:13:00Z,BASE2
P1063,C0149,"D2197,D2198",2000-01-08T12:15:00Z,2000-01-09T18:40:00Z,BASE2
P1064,C0150,D2199,2000-01-08T18:58:00Z,2000-01-09T02:25:00Z,BASE2
P1065,C0151,D2200,2000-01-08T18:36:00Z,2000-01-09T02:42:00Z,BASE2
P1066,C0152,"D2201,D2202,D2203",2000-01-08T13:52:00Z,2000-01-11T00:13:00Z,BASE2
P1067,C0153,"D2204,D2205,D2206",2000-01-08T22:24:00Z,2000-01-10T22:47:00Z,BASE2
P1068,C0154,"D2207,D2208,D2209,D2210",2000-01-08T12:13:00Z,2000-01-11T22:48:00Z,BASE2
P1069,C0155,"D2211,D2212,D2213,D2214",2000-01-08T12:35:00Z,2000-01-11T18:40:00Z,BASE2
P1070,C0156,"D2215,D2216,D2217,D2218",2000-01-08T20:22:00Z,2000-01-12T00:25:00Z,BASE2
P1071,C0039,D2219,2000-01-17T14:49:00Z,2000-01-17T23:18:00Z,BASE1
P1072,C0040,D2220,2000-01-17T15:42:00Z,2000-01-17T23:24:00Z,BASE1
P1073,C0041,D2221,2000-01-17T13:28:00Z,2000-01-17T23:03:00Z,BASE1
P1074,C0042,D2222,2000-01-17T13:38:00Z,2000-01-17T22:53:00Z,BASE1
P1075,C0043,D2223,2000-01-17T02:16:00Z,2000-01-17T13:32:00Z,BASE1
P1076,C0044,D2224,2000-01-17T13:30:00Z,2000-01-17T23:05:00Z,BASE1
P1077,C0045,"D2225,D2226",2000-01-17T19:45:00Z,2000-01-18T04:28:00Z,BASE1
P1078,C0046,"D2227,D2228",2000-01-17T11:19:00Z,2000-01-18T15:50:00Z,BASE1
P1079,C0047,D2229,2000-01-17T15:47:00Z,2000-01-18T02:32:00Z,BASE1
P1080,C0048,D2230,2000-01-17T17:36:00Z,2000-01-18T01:22:00Z,BASE1
P1081,C0049,D2231,2000-01-17T17:25:00Z,2000-01-18T00:54:00Z,BASE1
P1082,C0050,D2232,2000-01-17T17:18:00Z,2000-01-18T01:15:00Z,BASE1
P1083,C0051,D2233,2000-01-17T17:56:00Z,2000-01-18T00:44:00Z,BASE1
P1084,C0052,"D2234,D2235,D2236",2000-01-17T22:51:00Z,2000-01-19T23:17:00Z,BASE1
P1085,C0053,"D2237,D2238,D2239",2000-01-17T11:25:00Z,2000-01-19T13:33:00Z,BASE1
P1086,C0054,"D2240,D2241,D2242",2000-01-17T22:53:00Z,2000-01-19T22:44:00Z,BASE1
P1087,C0055,"D2243,D2244,D2245",2000-01-17T23:12:00Z,2000-01-19T22:57:00Z,BASE1
P1088,C0056,"D2246,D2247,D2248,D2249",2000-01-17T23:05:00Z,2000-01-20T22:48:00Z,BASE1
P1089,C0057,"D2250,D2251,D2252,D2253",2000-01-17T21:18:00Z,2000-01-20T17:44:00Z,BASE1
P1090,C0058,"D2254,D2255,D2256,D2257",2000-01-17T21:30:00Z,2000-01-20T15:36:00Z,BASE1
P1091,C0059,"D2258,D2259,D2260,D2261",2000-01-17T23:06:00Z,2000-01-20T23:17:00Z,BASE1
P1092,C0060,"D2262,D2263,D2264,D2265",2000-01-17T19:15:00Z,2000-01-20T22:57:00Z,BASE1
P1093,C0061,D2266,2000-01-04T13:30:00Z,2000-01-04T23:05:00Z,BASE1
P1094,C0062,D2267,2000-01-04T02:16:00Z,2000-01-04T13:32:00Z,BASE1
P1095,C0063,D2268,2000-01-04T11:19:00Z,2000-01-04T19:12:00Z,BASE1
P1096,C0064,D2269,2000-01-04T13:28:00Z,2000-01-04T23:03:00Z,BASE1
P1097,C0065,"D2270,D2271",2000-01-04T19:15:00Z,2000-01-05T23:25:00Z,BASE1
P1098,C0066,"D2272,D2273",2000-01-04T19:45:00Z,2000-01-05T04:28:00Z,BASE1
P1099,C0067,"D2274,D2275",2000-01-04T17:25:00Z,2000-01-05T21:03:00Z,BASE1
P1100,C0068,"D2276,D2277",2000-01-04T11:25:00Z,2000-01-05T20:59:00Z,BASE1
P1101,C0069,"D2278,D2279",2000-01-04T14:49:00Z,2000-01-05T22:44:00Z,BASE1
P1102,C0070,"D2280,D2281",2000-01-04T17:24:00Z,2000-01-05T22:43:00Z,BASE1
P1103,C0071,"D2282,D2283",2000-01-04T13:38:00Z,2000-01-05T22:53:00Z,BASE1
P1104,C0072,D2284,2000-01-04T15:47:00Z,2000-01-05T02:32:00Z,BASE1
P1105,C0073,D2285,2000-01-04T17:18:00Z,2000-01-05T01:15:00Z,BASE1
P1106,C0074,"D2286,D2287,D2288",2000-01-04T15:42:00Z,2000-01-06T23:24:00Z,BASE1
P1107,C0075,"D2289,D2290",2000-01-04T15:51:00Z,2000-01-06T01:28:00Z,BASE1
P1108,C0076,"D2291,D2292,D2293,D2294",2000-01-04T17:56:00Z,2000-01-07T15:10:00Z,BASE1
P1109,C0077,"D2295,D2296,D2297",2000-01-04T18:53:00Z,2000-01-07T01:15:00Z,BASE1
P1110,C0078,D2298,2000-01-03T13:30:00Z,2000-01-03T23:05:00Z,BASE1
P1111,C0079,D2299,2000-01-03T02:16:00Z,2000-01-03T13:32:00Z,BASE1
P1112,C0080,D2300,2000-01-03T13:28:00Z,2000-01-03T23:03:00Z,BASE1
P1113,C0081,"D2301,D2302",2000-01-03T19:45:00Z,2000-01-04T04:28:00Z,BASE1
P1114,C0082,"D2303,D2304",2000-01-03T13:38:00Z,2000-01-04T21:12:00Z,BASE1
P1115,C0083,"D2305,D2306",2000-01-03T13:45:00Z,2000-01-04T22:44:00Z,BASE1
P1116,C0084,"D2307,D2308",2000-01-03T17:25:00Z,2000-01-04T20:45:00Z,BASE1
P1117,C0085,D2309,2000-01-03T15:47:00Z,2000-01-04T02:32:00Z,BASE1
P1118,C0086,D2310,2000-01-03T17:18:00Z,2000-01-04T01:15:00Z,BASE1
P1119,C0087,D2311,2000-01-03T01:30:00Z,2000-01-04T01:22:00Z,BASE1
P1120,C0088,"D2312,D2313",2000-01-02T23:24:00Z,2000-01-05T22:48:00Z,BASE1
P1121,C0089,"D2314,D2315,D2316",2000-01-03T01:26:00Z,2000-01-05T22:57:00Z,BASE1
P1122,C0090,"D2317,D2318,D2319",2000-01-03T11:25:00Z,2000-01-05T13:33:00Z,BASE1
P1123,C0091,"D2320,D2321,D2322",2000-01-03T17:56:00Z,2000-01-05T15:50:00Z,BASE1
P1124,C0092,"D2323,D2324,D2325,D2326",2000-01-03T19:15:00Z,2000-01-06T22:48:00Z,BASE1
P1125,C0093,"D2327,D2328,D2329,D2330",2000-01-03T15:42:00Z,2000-01-06T17:44:00Z,BASE1
P1126,C0094,"D2331,D2332,D2333,D2334",2000-01-03T17:24:00Z,2000-01-06T22:57:00Z,BASE1
P1127,C0095,"D2335,D2336,D2337",2000-01-03T01:13:00Z,2000-01-06T01:22:00Z,BASE1
P1128,C0096,"D2338,D2339,D2340,D2341",2000-01-03T21:30:00Z,2000-01-07T01:42:00Z,BASE1
P1129,C0157,D2342,2000-01-02T00:25:00Z,2000-01-02T12:34:00Z,BASE2
P1130,C0158,D2343,2000-01-02T12:13:00Z,2000-01-02T20:38:00Z,BASE2
P1131,C0159,D2344,2000-01-02T00:07:00Z,2000-01-02T12:37:00Z,BASE2
P1132,C0160,"D2345,D2346",2000-01-02T12:24:00Z,2000-01-04T00:25:00Z,BASE2
P1133,C0161,"D2347,D2348",2000-01-02T22:22:00Z,2000-01-03T22:47:00Z,BASE2
P1134,C0162,"D2349,D2350",2000-01-02T12:15:00Z,2000-01-03T18:40:00Z,BASE2
P1135,C0163,D2351,2000-01-02T18:58:00Z,2000-01-03T02:25:00Z,BASE2
P1136,C0164,D2352,2000-01-02T18:36:00Z,2000-01-03T02:42:00Z,BASE2
P1137,C0165,"D2353,D2354,D2355",2000-01-02T15:13:00Z,2000-01-04T22:47:00Z,BASE2
P1138,C0166,"D2356,D2357,D2358",2000-01-02T22:24:00Z,2000-01-04T22:48:00Z,BASE2
P1139,C0167,"D2359,D2360,D2361",2000-01-02T00:23:00Z,2000-01-05T00:25:00Z,BASE2
P1140,C0168,"D2362,D2363,D2364",2000-01-02T13:52:00Z,2000-01-04T18:40:00Z,BASE2
P1141,C0169,"D2365,D2366,D2367,D2368",2000-01-02T20:22:00Z,2000-01-06T00:25:00Z,BASE2
P1142,C0170,"D2369,D2370,D2371,D2372",2000-01-02T12:35:00Z,2000-01-05T20:33:00Z,BASE2
P1143,C0097,"D2373,D2374,D2375,D2376",2000-01-28T18:56:00Z,2000-01-31T21:51:00Z,BASE1
P1144,C0098,"D2377,D2378,D2379,D2380",2000-01-28T16:01:00Z,2000-01-31T23:47:00Z,BASE1
P1145,C0099,"D2381,D2382,D2383",2000-01-28T12:34:00Z,2000-01-30T20:56:00Z,BASE1
P1146,C0100,"D2384,D2385,D2386,D2387",2000-01-28T22:30:00Z,2000-02-01T01:43:00Z,BASE1
P1147,C0101,"D2388,D2389,D2390,D2391",2000-01-28T16:56:00Z,2000-02-01T00:13:00Z,BASE1
P1148,C0102,"D2392,D2393,D2394,D2395",2000-01-28T12:23:00Z,2000-01-31T18:34:00Z,BASE1
P1149,C0103,"D2396,D2397,D2398",2000-01-28T16:46:00Z,2000-01-30T04:01:00Z,BASE1
P1150,C0104,D2399,2000-01-28T14:29:00Z,2000-01-29T00:05:00Z,BASE1
P1151,C0105,"D2400,D2401",2000-01-28T19:53:00Z,2000-01-29T05:29:00Z,BASE1
P1152,C0106,"D2402,D2403",2000-01-28T16:33:00Z,2000-01-29T22:12:00Z,BASE1
P1153,C0107,"D2404,D2405",2000-01-28T18:32:00Z,2000-01-30T00:27:00Z,BASE1
P1154,C0108,D2406,2000-01-28T16:47:00Z,2000-01-29T03:38:00Z,BASE1
P1155,C0109,D2407,2000-01-28T14:30:00Z,2000-01-28T23:57:00Z,BASE1
P1156,C0110,D2408,2000-01-28T14:35:00Z,2000-01-29T00:05:00Z,BASE1
P1157,C0111,D2409,2000-01-28T18:36:00Z,2000-01-29T02:32:00Z,BASE1
P1158,C0112,D2410,2000-01-28T18:24:00Z,2000-01-29T02:02:00Z,BASE1
P1159,C0113,"D2411,D2412,D2413,D2414",2000-01-28T12:22:00Z,2000-01-31T21:57:00Z,BASE1
P1160,C0114,"D2415,D2416,D2417,D2418",2000-01-28T02:27:00Z,2000-01-31T04:01:00Z,BASE1
P1161,C0219,"D2419,D2420,D2421,D2422",2000-01-27T01:50:00Z,2000-01-30T02:37:00Z,BASE3
P1162,C0220,"D2423,D2424,D2425",2000-01-27T22:35:00Z,2000-01-30T02:40:00Z,BASE3
P1163,C0221,D2426,2000-01-27T01:25:00Z,2000-01-27T14:18:00Z,BASE3
P1164,C0222,"D2427,D2428",2000-01-27T14:00:00Z,2000-01-28T22:25:00Z,BASE3
P1165,C0223,"D2429,D2430",2000-01-27T01:20:00Z,2000-01-28T06:24:00Z,BASE3
P1166,C0184,D2431,2000-01-27T18:10:00Z,2000-01-28T02:33:00Z,BASE3
P1167,C0185,"D2432,D2433,D2434",2000-01-27T14:15:00Z,2000-01-29T02:50:00Z,BASE3
P1168,C0186,"D2435,D2436,D2437",2000-01-27T18:10:00Z,2000-01-29T22:47:00Z,BASE3
P1169,C0115,D2438,2000-01-06T02:33:00Z,2000-01-06T13:13:00Z,BASE1
P1170,C0116,D2439,2000-01-06T13:28:00Z,2000-01-06T23:03:00Z,BASE1
P1171,C0117,D2440,2000-01-06T13:30:00Z,2000-01-06T23:05:00Z,BASE1
P1172,C0001,"D2441,D2442",2000-01-06T13:38:00Z,2000-01-07T21:12:00Z,BASE1
P1173,C0002,"D2443,D2444",2000-01-06T19:45:00Z,2000-01-07T04:28:00Z,BASE1
P1174,C0003,"D2445,D2446",2000-01-06T13:45:00Z,2000-01-07T22:44:00Z,BASE1
P1175,C0004,"D2447,D2448",2000-01-06T15:58:00Z,2000-01-07T20:45:00Z,BASE1
P1176,C0005,"D2449,D2450",2000-01-06T14:49:00Z,2000-01-07T23:18:00Z,BASE1
P1177,C0006,D2451,2000-01-06T01:30:00Z,2000-01-07T01:22:00Z,BASE1
P1178,C0007,D2452,2000-01-06T15:47:00Z,2000-01-07T02:32:00Z,BASE1
P1179,C0008,"D2453,D2454,D2455",2000-01-06T01:13:00Z,2000-01-08T22:57:00Z,BASE1
P1180,C0009,"D2456,D2457,D2458",2000-01-06T11:19:00Z,2000-01-08T13:33:00Z,BASE1
P1181,C0010,"D2459,D2460,D2461,D2462",2000-01-06T17:56:00Z,2000-01-09T22:57:00Z,BASE1
P1182,C0011,"D2463,D2464,D2465,D2466",2000-01-06T13:41:00Z,2000-01-09T23:17:00Z,BASE1
P1183,C0012,"D2467,D2468,D2469",2000-01-06T17:24:00Z,2000-01-09T01:28:00Z,BASE1
P1184,C0013,"D2470,D2471,D2472,D2473",2000-01-06T19:15:00Z,2000-01-10T00:54:00Z,BASE1
P1185,C0187,D2474,2000-01-31T02:20:00Z,2000-01-31T14:26:00Z,BASE3
P1186,C0188,D2475,2000-01-31T02:25:00Z,2000-01-31T14:20:00Z,BASE3
P1187,C0189,D2476,2000-01-31T02:25:00Z,2000-01-31T14:18:00Z,BASE3
